{"type": "FeatureCollection", "features": [{"type": "Feature", "properties": {"ident": "SCEL", "name": "Comodoro Arturo Merino Benítez International Airport", "type": "large_airport", "elevation_ft": 1555.0}, "geometry": {"type": "Point", "coordinates": [-70.78579711914062, -33.393001556396484]}}, {"type": "Feature", "properties": {"ident": "SCCI", "name": "President Carlos Ibáñez International Airport", "type": "large_airport", "elevation_ft": 139.0}, "geometry": {"type": "Point", "coordinates": [-70.854599, -53.002602]}}, {"type": "Feature", "properties": {"ident": "SCTE", "name": "El Tepual International Airport", "type": "large_airport", "elevation_ft": 294.0}, "geometry": {"type": "Point", "coordinates": [-73.094065, -41.443093]}}, {"type": "Feature", "properties": {"ident": "SCIP", "name": "Mataveri International Airport", "type": "large_airport", "elevation_ft": 227.0}, "geometry": {"type": "Point", "coordinates": [-109.421027, -27.165411]}}, {"type": "Feature", "properties": {"ident": "SCCF", "name": "El Loa Airport", "type": "medium_airport", "elevation_ft": 7543.0}, "geometry": {"type": "Point", "coordinates": [-68.903603, -22.498199]}}, {"type": "Feature", "properties": {"ident": "SCFA", "name": "Andrés Sabella Gálvez International Airport", "type": "large_airport", "elevation_ft": 455.0}, "geometry": {"type": "Point", "coordinates": [-70.445232, -23.445274]}}, {"type": "Feature", "properties": {"ident": "SCDA", "name": "Diego Aracena Airport", "type": "medium_airport", "elevation_ft": 155.0}, "geometry": {"type": "Point", "coordinates": [-70.181297, -20.5352]}}, {"type": "Feature", "properties": {"ident": "SCSE", "name": "La Florida Airport", "type": "medium_airport", "elevation_ft": 481.0}, "geometry": {"type": "Point", "coordinates": [-71.199501, -29.916201]}}, {"type": "Feature", "properties": {"ident": "SCAT", "name": "Desierto de Atacama Airport", "type": "medium_airport", "elevation_ft": 670.0}, "geometry": {"type": "Point", "coordinates": [-70.7791976929, -27.2611999512]}}, {"type": "Feature", "properties": {"ident": "SCIE", "name": "Carriel Sur International Airport", "type": "large_airport", "elevation_ft": 26.0}, "geometry": {"type": "Point", "coordinates": [-73.062828, -36.77235]}}, {"type": "Feature", "properties": {"ident": "SCAR", "name": "Chacalluta Airport", "type": "medium_airport", "elevation_ft": 167.0}, "geometry": {"type": "Point", "coordinates": [-70.338699, -18.348499]}}, {"type": "Feature", "properties": {"ident": "SCBA", "name": "Balmaceda Airport", "type": "medium_airport", "elevation_ft": 1722.0}, "geometry": {"type": "Point", "coordinates": [-71.689499, -45.915968]}}, {"type": "Feature", "properties": {"ident": "SCNT", "name": "Lieutenant Julio Gallardo Airport", "type": "medium_airport", "elevation_ft": 217.0}, "geometry": {"type": "Point", "coordinates": [-72.529078, -51.67067]}}, {"type": "Feature", "properties": {"ident": "SCGZ", "name": "Guardia Marina Zañartu Airport", "type": "medium_airport", "elevation_ft": 88.0}, "geometry": {"type": "Point", "coordinates": [-67.626297, -54.931099]}}, {"type": "Feature", "properties": {"ident": "SCHR", "name": "Cochrane Airport", "type": "medium_airport", "elevation_ft": 643.0}, "geometry": {"type": "Point", "coordinates": [-72.58815, -47.243591]}}, {"type": "Feature", "properties": {"ident": "SCQP", "name": "La Araucanía International Airport", "type": "large_airport", "elevation_ft": 333.0}, "geometry": {"type": "Point", "coordinates": [-72.6515, -38.9259]}}, {"type": "Feature", "properties": {"ident": "SCTC", "name": "Maquehue Airport", "type": "medium_airport", "elevation_ft": 304.0}, "geometry": {"type": "Point", "coordinates": [-72.637100219727, -38.766799926758]}}, {"type": "Feature", "properties": {"ident": "SCRG", "name": "La Independencia Airport", "type": "medium_airport", "elevation_ft": 1610.0}, "geometry": {"type": "Point", "coordinates": [-70.775703, -34.173698]}}, {"type": "Feature", "properties": {"ident": "SCTB", "name": "Eulogio Sánchez Airport", "type": "small_airport", "elevation_ft": 2129.0}, "geometry": {"type": "Point", "coordinates": [-70.5467, -33.456299]}}, {"type": "Feature", "properties": {"ident": "SCVD", "name": "Pichoy Airport", "type": "medium_airport", "elevation_ft": 59.0}, "geometry": {"type": "Point", "coordinates": [-73.0860977173, -39.6500015259]}}, {"type": "Feature", "properties": {"ident": "SCIR", "name": "Robinson Crusoe Airport", "type": "small_airport", "elevation_ft": 433.0}, "geometry": {"type": "Point", "coordinates": [-78.9297027588, -33.6650009155]}}, {"type": "Feature", "properties": {"ident": "SCPF", "name": "Marcel Marchant Airport", "type": "small_airport", "elevation_ft": 367.0}, "geometry": {"type": "Point", "coordinates": [-72.918704, -41.455685]}}, {"type": "Feature", "properties": {"ident": "SCJO", "name": "Cañal Bajo Carlos Hott Siebert Airport", "type": "medium_airport", "elevation_ft": 187.0}, "geometry": {"type": "Point", "coordinates": [-73.060997, -40.611198]}}, {"type": "Feature", "properties": {"ident": "CL-0020", "name": "Chaitén Airfield", "type": "closed", "elevation_ft": 13.0}, "geometry": {"type": "Point", "coordinates": [-72.6991, -42.9328]}}, {"type": "Feature", "properties": {"ident": "SCCH", "name": "Gral. Bernardo O´Higgins Airport", "type": "medium_airport", "elevation_ft": 495.0}, "geometry": {"type": "Point", "coordinates": [-72.031403, -36.5825]}}, {"type": "Feature", "properties": {"ident": "SCCY", "name": "Teniente Vidal Airport", "type": "medium_airport", "elevation_ft": 1020.0}, "geometry": {"type": "Point", "coordinates": [-72.106102, -45.5942]}}, {"type": "Feature", "properties": {"ident": "SCGO", "name": "Los Confines Airport", "type": "small_airport", "elevation_ft": 240.0}, "geometry": {"type": "Point", "coordinates": [-72.687202, -37.794701]}}, {"type": "Feature", "properties": {"ident": "SCGE", "name": "María Dolores Airport", "type": "small_airport", "elevation_ft": 374.0}, "geometry": {"type": "Point", "coordinates": [-72.4254, -37.401699]}}, {"type": "Feature", "properties": {"ident": "SCLC", "name": "Municipal de Vitacura Airport", "type": "small_airport", "elevation_ft": 2274.0}, "geometry": {"type": "Point", "coordinates": [-70.582199, -33.380798]}}, {"type": "Feature", "properties": {"ident": "SCTL", "name": "Panguilemo Airport", "type": "medium_airport", "elevation_ft": 371.0}, "geometry": {"type": "Point", "coordinates": [-71.6017, -35.3778]}}, {"type": "Feature", "properties": {"ident": "SCHA", "name": "Chamonate Airport", "type": "small_airport", "elevation_ft": 984.0}, "geometry": {"type": "Point", "coordinates": [-70.4131011963, -27.2968997955]}}, {"type": "Feature", "properties": {"ident": "SCPC", "name": "Pucón Airport", "type": "small_airport", "elevation_ft": 853.0}, "geometry": {"type": "Point", "coordinates": [-71.915901, -39.292801]}}, {"type": "Feature", "properties": {"ident": "SCVL", "name": "Las Marías Airport", "type": "small_airport", "elevation_ft": 13.0}, "geometry": {"type": "Point", "coordinates": [-73.24169921880001, -39.7969017029]}}, {"type": "Feature", "properties": {"ident": "SCCV", "name": "Curacaví Airport", "type": "small_airport", "elevation_ft": 666.0}, "geometry": {"type": "Point", "coordinates": [-71.165604, -33.4128]}}, {"type": "Feature", "properties": {"ident": "SCIC", "name": "General Freire Airport", "type": "small_airport", "elevation_ft": 722.0}, "geometry": {"type": "Point", "coordinates": [-71.216393, -34.966667]}}, {"type": "Feature", "properties": {"ident": "SCYO", "name": "Poyo Airport", "type": "small_airport", "elevation_ft": 13.0}, "geometry": {"type": "Point", "coordinates": [-72.693611, -42.226667]}}, {"type": "Feature", "properties": {"ident": "SCFX", "name": "Isla San Felix Airport", "type": "small_airport", "elevation_ft": 165.0}, "geometry": {"type": "Point", "coordinates": [-80.096199, -26.2939]}}, {"type": "Feature", "properties": {"ident": "SCRF", "name": "Laguna San Rafael Airport", "type": "small_airport", "elevation_ft": 20.0}, "geometry": {"type": "Point", "coordinates": [-73.849998, -46.638889]}}, {"type": "Feature", "properties": {"ident": "SCLD", "name": "Llanada Grande Airport", "type": "small_airport", "elevation_ft": 1001.0}, "geometry": {"type": "Point", "coordinates": [-71.937241, -41.87189]}}, {"type": "Feature", "properties": {"ident": "SCQY", "name": "Villa Portales Airport", "type": "small_airport", "elevation_ft": 3182.0}, "geometry": {"type": "Point", "coordinates": [-71.354797, -38.449902]}}, {"type": "Feature", "properties": {"ident": "SCMP", "name": "Melipilla Airport", "type": "small_airport", "elevation_ft": 574.0}, "geometry": {"type": "Point", "coordinates": [-71.193611, -33.673889]}}, {"type": "Feature", "properties": {"ident": "SCOM", "name": "Olmué Airport", "type": "small_airport", "elevation_ft": 396.0}, "geometry": {"type": "Point", "coordinates": [-71.17169, -32.997093]}}, {"type": "Feature", "properties": {"ident": "SCOV", "name": "El Tuqui Airport", "type": "small_airport", "elevation_ft": 1100.0}, "geometry": {"type": "Point", "coordinates": [-71.175598, -30.5592]}}, {"type": "Feature", "properties": {"ident": "SCAS", "name": "Cabo Juan Román Airfield", "type": "small_airport", "elevation_ft": 30.0}, "geometry": {"type": "Point", "coordinates": [-72.670303, -45.3992]}}, {"type": "Feature", "properties": {"ident": "SCMA", "name": "Puerto Marín Balmaceda Airport", "type": "small_airport", "elevation_ft": 10.0}, "geometry": {"type": "Point", "coordinates": [-72.950994, -43.787633]}}, {"type": "Feature", "properties": {"ident": "SCRN", "name": "Río Negro Airport", "type": "small_airport", "elevation_ft": 10.0}, "geometry": {"type": "Point", "coordinates": [-72.453888, -41.962223]}}, {"type": "Feature", "properties": {"ident": "CL-0021", "name": "Los Cerrillos Airport", "type": "closed", "elevation_ft": 1680.0}, "geometry": {"type": "Point", "coordinates": [-70.6977996826, -33.493598938]}}, {"type": "Feature", "properties": {"ident": "SCSN", "name": "Santo Domingo Airport", "type": "small_airport", "elevation_ft": 246.0}, "geometry": {"type": "Point", "coordinates": [-71.614403, -33.656399]}}, {"type": "Feature", "properties": {"ident": "SCAZ", "name": "Azopardo Airport", "type": "small_airport", "elevation_ft": 59.0}, "geometry": {"type": "Point", "coordinates": [-68.940689, -54.481014]}}, {"type": "Feature", "properties": {"ident": "SCRB", "name": "Río Bravo Airport", "type": "small_airport", "elevation_ft": 37.0}, "geometry": {"type": "Point", "coordinates": [-73.142261, -47.990466]}}, {"type": "Feature", "properties": {"ident": "SCTP", "name": "Río Pascua Airport", "type": "small_airport", "elevation_ft": 197.0}, "geometry": {"type": "Point", "coordinates": [-73.299127, -48.22903]}}, {"type": "Feature", "properties": {"ident": "SCIO", "name": "Laguna Redonda Airport", "type": "small_airport", "elevation_ft": 1970.0}, "geometry": {"type": "Point", "coordinates": [-72.79961395263672, -48.93357849121094]}}, {"type": "Feature", "properties": {"ident": "SCOH", "name": "Villa O'Higgins Airport", "type": "small_airport", "elevation_ft": 898.0}, "geometry": {"type": "Point", "coordinates": [-72.564316, -48.469212]}}, {"type": "Feature", "properties": {"ident": "SCVI", "name": "Villarrica Airport", "type": "small_airport", "elevation_ft": 945.0}, "geometry": {"type": "Point", "coordinates": [-72.228696, -39.316672]}}, {"type": "Feature", "properties": {"ident": "SCES", "name": "Ricardo García Posada Airport", "type": "medium_airport", "elevation_ft": 5240.0}, "geometry": {"type": "Point", "coordinates": [-69.765198, -26.3111]}}, {"type": "Feature", "properties": {"ident": "SCVM", "name": "Viña del Mar Airport", "type": "medium_airport", "elevation_ft": 461.0}, "geometry": {"type": "Point", "coordinates": [-71.4786, -32.9496]}}, {"type": "Feature", "properties": {"ident": "SCTN", "name": "Nuevo Chaitén Airport", "type": "medium_airport", "elevation_ft": 95.0}, "geometry": {"type": "Point", "coordinates": [-72.834999, -42.781943]}}, {"type": "Feature", "properties": {"ident": "SCRA", "name": "Chañaral Airport", "type": "medium_airport", "elevation_ft": 97.0}, "geometry": {"type": "Point", "coordinates": [-70.6073, -26.3325]}}, {"type": "Feature", "properties": {"ident": "SCCC", "name": "Chile Chico Airport", "type": "medium_airport", "elevation_ft": 1070.0}, "geometry": {"type": "Point", "coordinates": [-71.686323, -46.5831]}}, {"type": "Feature", "properties": {"ident": "SCFM", "name": "Captain Fuentes Martinez Airport", "type": "medium_airport", "elevation_ft": 104.0}, "geometry": {"type": "Point", "coordinates": [-70.319199, -53.2537]}}, {"type": "Feature", "properties": {"ident": "SCTT", "name": "Las Breas Airport", "type": "medium_airport", "elevation_ft": 2580.0}, "geometry": {"type": "Point", "coordinates": [-70.3759, -25.564301]}}, {"type": "Feature", "properties": {"ident": "SCLL", "name": "Vallenar Airport", "type": "medium_airport", "elevation_ft": 1725.0}, "geometry": {"type": "Point", "coordinates": [-70.755997, -28.596399]}}, {"type": "Feature", "properties": {"ident": "SCPQ", "name": "Mocopulli Airport", "type": "small_airport", "elevation_ft": 528.0}, "geometry": {"type": "Point", "coordinates": [-73.715693, -42.340388]}}, {"type": "Feature", "properties": {"ident": "SCAC", "name": "Pupelde Airport", "type": "small_airport", "elevation_ft": 315.0}, "geometry": {"type": "Point", "coordinates": [-73.796571, -41.904251]}}, {"type": "Feature", "properties": {"ident": "SCPA", "name": "Paranal Airport", "type": "small_airport", "elevation_ft": 6834.0}, "geometry": {"type": "Point", "coordinates": [-70.3489, -24.6394]}}, {"type": "Feature", "properties": {"ident": "SCAY", "name": "Ayacara Airport", "type": "small_airport", "elevation_ft": 80.0}, "geometry": {"type": "Point", "coordinates": [-72.790275, -42.310832]}}, {"type": "Feature", "properties": {"ident": "SCEX", "name": "Río Exploradores Airport", "type": "small_airport", "elevation_ft": 59.0}, "geometry": {"type": "Point", "coordinates": [-73.327778, -46.353611]}}, {"type": "Feature", "properties": {"ident": "SCQO", "name": "Quitralco Airport", "type": "small_airport", "elevation_ft": 46.0}, "geometry": {"type": "Point", "coordinates": [-73.225556, -45.580556]}}, {"type": "Feature", "properties": {"ident": "SCBI", "name": "Pampa Guanaco Airport", "type": "small_airport", "elevation_ft": 591.0}, "geometry": {"type": "Point", "coordinates": [-68.809193, -54.049977]}}, {"type": "Feature", "properties": {"ident": "SCUL", "name": "El Litral Airport", "type": "small_airport", "elevation_ft": 218.0}, "geometry": {"type": "Point", "coordinates": [-72.417288, -36.796764]}}, {"type": "Feature", "properties": {"ident": "SCCL", "name": "Caldera Airport", "type": "small_airport", "elevation_ft": 180.0}, "geometry": {"type": "Point", "coordinates": [-70.795303, -27.0781]}}, {"type": "Feature", "properties": {"ident": "SCGV", "name": "Punta Gaviota Airport", "type": "small_airport", "elevation_ft": 99.0}, "geometry": {"type": "Point", "coordinates": [-71.467222, -29.084444]}}, {"type": "Feature", "properties": {"ident": "SCCR", "name": "Enrique Mayer Soto Airport", "type": "small_airport", "elevation_ft": 4.0}, "geometry": {"type": "Point", "coordinates": [-73.533028, -47.787079]}}, {"type": "Feature", "properties": {"ident": "SCST", "name": "Gamboa Airport", "type": "small_airport", "elevation_ft": 151.0}, "geometry": {"type": "Point", "coordinates": [-73.772797, -42.490299]}}, {"type": "Feature", "properties": {"ident": "SCPY", "name": "Cerro Castillo Airport", "type": "small_airport", "elevation_ft": 427.0}, "geometry": {"type": "Point", "coordinates": [-72.335414, -51.260193]}}, {"type": "Feature", "properties": {"ident": "SCEA", "name": "El Amarillo Airport", "type": "small_airport", "elevation_ft": 1083.0}, "geometry": {"type": "Point", "coordinates": [-72.478333, -43.006111]}}, {"type": "Feature", "properties": {"ident": "SCGN", "name": "Caleta Gonzalo Airport", "type": "small_airport", "elevation_ft": 33.0}, "geometry": {"type": "Point", "coordinates": [-72.599724, -42.56361]}}, {"type": "Feature", "properties": {"ident": "SCHT", "name": "Tic Toc Airport", "type": "small_airport", "elevation_ft": 13.0}, "geometry": {"type": "Point", "coordinates": [-72.897499, -43.613056]}}, {"type": "Feature", "properties": {"ident": "SCUI", "name": "Pumalín Airport", "type": "small_airport", "elevation_ft": 18.0}, "geometry": {"type": "Point", "coordinates": [-72.83428, -42.701107]}}, {"type": "Feature", "properties": {"ident": "SCHN", "name": "Chan Chan Airport", "type": "small_airport", "elevation_ft": 457.0}, "geometry": {"type": "Point", "coordinates": [-72.131401, -39.865799]}}, {"type": "Feature", "properties": {"ident": "SCOO", "name": "Melimoyu Airport", "type": "small_airport", "elevation_ft": 20.0}, "geometry": {"type": "Point", "coordinates": [-73.096944, -44.0975]}}, {"type": "Feature", "properties": {"ident": "SCKM", "name": "Cochamó Airport", "type": "small_airport", "elevation_ft": 130.0}, "geometry": {"type": "Point", "coordinates": [-72.300003, -41.483334]}}, {"type": "Feature", "properties": {"ident": "SCRI", "name": "Río Frío Airport", "type": "small_airport", "elevation_ft": 1000.0}, "geometry": {"type": "Point", "coordinates": [-71.909854, -41.742523]}}, {"type": "Feature", "properties": {"ident": "SCCK", "name": "Contao Airport", "type": "small_airport", "elevation_ft": 10.0}, "geometry": {"type": "Point", "coordinates": [-72.722237, -41.800304]}}, {"type": "Feature", "properties": {"ident": "SCPS", "name": "Perales Airport", "type": "small_airport", "elevation_ft": 633.0}, "geometry": {"type": "Point", "coordinates": [-70.58944702148438, -27.351667404174805]}}, {"type": "Feature", "properties": {"ident": "SCEY", "name": "Entrada Mayer Airport", "type": "small_airport", "elevation_ft": 1550.0}, "geometry": {"type": "Point", "coordinates": [-72.32759, -48.201452]}}, {"type": "Feature", "properties": {"ident": "SCEV", "name": "El Avellano Airport", "type": "small_airport", "elevation_ft": 489.0}, "geometry": {"type": "Point", "coordinates": [-73.35111, -41.051666]}}, {"type": "Feature", "properties": {"ident": "SCFI", "name": "Fundo Tehuén Airport", "type": "small_airport", "elevation_ft": 377.0}, "geometry": {"type": "Point", "coordinates": [-73.127023, -41.091965]}}, {"type": "Feature", "properties": {"ident": "SCFR", "name": "Frutillar Airport", "type": "small_airport", "elevation_ft": 469.0}, "geometry": {"type": "Point", "coordinates": [-73.06472, -41.130833]}}, {"type": "Feature", "properties": {"ident": "SCFT", "name": "Futaleufú Airport", "type": "small_airport", "elevation_ft": 1148.0}, "geometry": {"type": "Point", "coordinates": [-71.851097, -43.189201]}}, {"type": "Feature", "properties": {"ident": "SCHW", "name": "Hualaihué Airport", "type": "small_airport", "elevation_ft": 30.0}, "geometry": {"type": "Point", "coordinates": [-72.689445, -42.02861]}}, {"type": "Feature", "properties": {"ident": "SCDW", "name": "Almirante Schroeders Airport", "type": "small_airport", "elevation_ft": 160.0}, "geometry": {"type": "Point", "coordinates": [-70.470497, -53.610699]}}, {"type": "Feature", "properties": {"ident": "SCHM", "name": "Punta El Saco Airport", "type": "small_airport", "elevation_ft": 23.0}, "geometry": {"type": "Point", "coordinates": [-73.900833, -38.41]}}, {"type": "Feature", "properties": {"ident": "SCIM", "name": "Isla Mocha Airport", "type": "small_airport", "elevation_ft": 52.0}, "geometry": {"type": "Point", "coordinates": [-73.868896, -38.384998]}}, {"type": "Feature", "properties": {"ident": "SCIS", "name": "Puerto Sur Airport", "type": "small_airport", "elevation_ft": 20.0}, "geometry": {"type": "Point", "coordinates": [-73.506943, -37.026112]}}, {"type": "Feature", "properties": {"ident": "SCIK", "name": "Isla Talcan Airport", "type": "small_airport", "elevation_ft": 45.0}, "geometry": {"type": "Point", "coordinates": [-72.966861, -42.744357]}}, {"type": "Feature", "properties": {"ident": "SCLJ", "name": "La Junta Airport", "type": "small_airport", "elevation_ft": 120.0}, "geometry": {"type": "Point", "coordinates": [-72.413352, -43.978111]}}, {"type": "Feature", "properties": {"ident": "SCLQ", "name": "Diego Portales Airport", "type": "small_airport", "elevation_ft": 250.0}, "geometry": {"type": "Point", "coordinates": [-71.258888, -32.452499]}}, {"type": "Feature", "properties": {"ident": "SCHK", "name": "Hueicolla Airport", "type": "small_airport", "elevation_ft": 59.0}, "geometry": {"type": "Point", "coordinates": [-73.654404, -40.1586]}}, {"type": "Feature", "properties": {"ident": "SCVV", "name": "Los Maitenes de Villa Vieja Airport", "type": "small_airport", "elevation_ft": 147.0}, "geometry": {"type": "Point", "coordinates": [-72.980365, -40.317423]}}, {"type": "Feature", "properties": {"ident": "SCBR", "name": "Lago Brown Airport", "type": "small_airport", "elevation_ft": 540.0}, "geometry": {"type": "Point", "coordinates": [-72.317497, -47.391945]}}, {"type": "Feature", "properties": {"ident": "SCAQ", "name": "Arquilhué Airport", "type": "small_airport", "elevation_ft": 590.0}, "geometry": {"type": "Point", "coordinates": [-72.029198, -40.198299]}}, {"type": "Feature", "properties": {"ident": "SCKL", "name": "Lipangui Airport", "type": "small_airport", "elevation_ft": 1558.0}, "geometry": {"type": "Point", "coordinates": [-70.849998, -33.331112]}}, {"type": "Feature", "properties": {"ident": "SCKN", "name": "Licancel Airport", "type": "small_airport", "elevation_ft": 59.0}, "geometry": {"type": "Point", "coordinates": [-72.01889, -34.989166]}}, {"type": "Feature", "properties": {"ident": "SCLI", "name": "Torca Airport", "type": "small_airport", "elevation_ft": 66.0}, "geometry": {"type": "Point", "coordinates": [-72.050835, -34.783333]}}, {"type": "Feature", "properties": {"ident": "SCIF", "name": "Chollinco Airport", "type": "small_airport", "elevation_ft": 330.0}, "geometry": {"type": "Point", "coordinates": [-72.2314, -40.205799]}}, {"type": "Feature", "properties": {"ident": "SCMK", "name": "Melinka Airport", "type": "small_airport", "elevation_ft": 35.0}, "geometry": {"type": "Point", "coordinates": [-73.738892, -43.895]}}, {"type": "Feature", "properties": {"ident": "SCNY", "name": "Yendegaia Airport", "type": "small_airport", "elevation_ft": 164.0}, "geometry": {"type": "Point", "coordinates": [-68.834926, -54.830973]}}, {"type": "Feature", "properties": {"ident": "SCNO", "name": "Ñochaco Airport", "type": "small_airport", "elevation_ft": 328.0}, "geometry": {"type": "Point", "coordinates": [-72.879997, -40.892868]}}, {"type": "Feature", "properties": {"ident": "SCJK", "name": "Juan Kemp Airport", "type": "small_airport", "elevation_ft": 459.0}, "geometry": {"type": "Point", "coordinates": [-72.371812, -40.889708]}}, {"type": "Feature", "properties": {"ident": "SCAP", "name": "Alto Palena Airport", "type": "small_airport", "elevation_ft": 794.0}, "geometry": {"type": "Point", "coordinates": [-71.805452, -43.611492]}}, {"type": "Feature", "properties": {"ident": "SCPG", "name": "Municipal de Panguipulli Airport", "type": "small_airport", "elevation_ft": 940.0}, "geometry": {"type": "Point", "coordinates": [-72.360298, -39.653301]}}, {"type": "Feature", "properties": {"ident": "SCVB", "name": "Hospital Villa Baviera Airport", "type": "small_airport", "elevation_ft": 1040.0}, "geometry": {"type": "Point", "coordinates": [-71.563332, -36.400276]}}, {"type": "Feature", "properties": {"ident": "CL-0017", "name": "Peldehue Aerodrome", "type": "small_airport", "elevation_ft": 2198.0}, "geometry": {"type": "Point", "coordinates": [-70.683074, -33.118575]}}, {"type": "Feature", "properties": {"ident": "SCSV", "name": "Viñasutil Airport", "type": "small_airport", "elevation_ft": 427.0}, "geometry": {"type": "Point", "coordinates": [-71.385834, -34.448891]}}, {"type": "Feature", "properties": {"ident": "SCPU", "name": "Peulla Airport", "type": "small_airport", "elevation_ft": 900.0}, "geometry": {"type": "Point", "coordinates": [-72.013525, -41.057078]}}, {"type": "Feature", "properties": {"ident": "SCPM", "name": "Pichilemu Airport", "type": "small_airport", "elevation_ft": 82.0}, "geometry": {"type": "Point", "coordinates": [-72.019165, -34.394165]}}, {"type": "Feature", "properties": {"ident": "SCPB", "name": "Puelo Bajo Airport", "type": "small_airport", "elevation_ft": 120.0}, "geometry": {"type": "Point", "coordinates": [-72.302223, -41.662224]}}, {"type": "Feature", "properties": {"ident": "SCPK", "name": "Puerto Cisnes Airport", "type": "small_airport", "elevation_ft": 45.0}, "geometry": {"type": "Point", "coordinates": [-72.697763, -44.759304]}}, {"type": "Feature", "properties": {"ident": "SCII", "name": "Puerto Ingeniero Ibañez Airport", "type": "small_airport", "elevation_ft": 820.0}, "geometry": {"type": "Point", "coordinates": [-71.949601, -46.293966]}}, {"type": "Feature", "properties": {"ident": "SCOC", "name": "Las Araucarias Airport", "type": "small_airport", "elevation_ft": 600.0}, "geometry": {"type": "Point", "coordinates": [-72.661123, -40.991103]}}, {"type": "Feature", "properties": {"ident": "SCDD", "name": "Don Dobri Airport", "type": "small_airport", "elevation_ft": 226.0}, "geometry": {"type": "Point", "coordinates": [-72.514667, -41.235473]}}, {"type": "Feature", "properties": {"ident": "SCPV", "name": "El Mirador Airport", "type": "small_airport", "elevation_ft": 430.0}, "geometry": {"type": "Point", "coordinates": [-72.946701, -41.3494]}}, {"type": "Feature", "properties": {"ident": "SCID", "name": "Marco Davison Bascur Airport", "type": "small_airport", "elevation_ft": 30.0}, "geometry": {"type": "Point", "coordinates": [-70.753365, -52.881537]}}, {"type": "Feature", "properties": {"ident": "SCPR", "name": "Corte Alto Airport", "type": "small_airport", "elevation_ft": 416.0}, "geometry": {"type": "Point", "coordinates": [-73.168894, -40.941038]}}, {"type": "Feature", "properties": {"ident": "SCOL", "name": "Refugio del Lago Airport", "type": "small_airport", "elevation_ft": 676.0}, "geometry": {"type": "Point", "coordinates": [-72.345558, -40.689445]}}, {"type": "Feature", "properties": {"ident": "SCON", "name": "Quellón Airport", "type": "small_airport", "elevation_ft": 16.0}, "geometry": {"type": "Point", "coordinates": [-73.635002, -43.1367]}}, {"type": "Feature", "properties": {"ident": "SCQL", "name": "El Boco Airport", "type": "small_airport", "elevation_ft": 459.0}, "geometry": {"type": "Point", "coordinates": [-71.246391, -32.851112]}}, {"type": "Feature", "properties": {"ident": "SCER", "name": "Quintero Airport", "type": "small_airport", "elevation_ft": 12.0}, "geometry": {"type": "Point", "coordinates": [-71.521698, -32.790199]}}, {"type": "Feature", "properties": {"ident": "SCRP", "name": "Rapelhuapi Airport", "type": "small_airport", "elevation_ft": 568.0}, "geometry": {"type": "Point", "coordinates": [-71.512802, -34.105801]}}, {"type": "Feature", "properties": {"ident": "SCGM", "name": "Los Gomeros Airport", "type": "small_airport", "elevation_ft": 1034.0}, "geometry": {"type": "Point", "coordinates": [-70.881943, -34.361111]}}, {"type": "Feature", "properties": {"ident": "SCXB", "name": "Las Brujas Airport", "type": "small_airport", "elevation_ft": 1483.0}, "geometry": {"type": "Point", "coordinates": [-71.011108, -31.786667]}}, {"type": "Feature", "properties": {"ident": "SCSD", "name": "San Fernando Airport", "type": "small_airport", "elevation_ft": 1079.0}, "geometry": {"type": "Point", "coordinates": [-70.9683, -34.5658]}}, {"type": "Feature", "properties": {"ident": "SCTH", "name": "Tres Chorrillos Airport", "type": "small_airport", "elevation_ft": 322.0}, "geometry": {"type": "Point", "coordinates": [-70.723889, -52.525278]}}, {"type": "Feature", "properties": {"ident": "SCPE", "name": "San Pedro de Atacama Airport", "type": "small_airport", "elevation_ft": 7960.0}, "geometry": {"type": "Point", "coordinates": [-68.158401, -22.9217]}}, {"type": "Feature", "properties": {"ident": "SCPT", "name": "La Puerta Airport", "type": "small_airport", "elevation_ft": 509.0}, "geometry": {"type": "Point", "coordinates": [-71.375833, -34.613056]}}, {"type": "Feature", "properties": {"ident": "SCVH", "name": "La Victoria de Chacabuco Airport", "type": "small_airport", "elevation_ft": 2139.0}, "geometry": {"type": "Point", "coordinates": [-70.708885, -33.050835]}}, {"type": "Feature", "properties": {"ident": "SCBQ", "name": "El Bosque Airport", "type": "small_airport", "elevation_ft": 1844.0}, "geometry": {"type": "Point", "coordinates": [-70.6884, -33.561798]}}, {"type": "Feature", "properties": {"ident": "SCSR", "name": "Segundo Corral Alto Airport", "type": "small_airport", "elevation_ft": 1200.0}, "geometry": {"type": "Point", "coordinates": [-71.863892, -42.083332]}}, {"type": "Feature", "properties": {"ident": "SCFN", "name": "Russfin Airport", "type": "small_airport", "elevation_ft": 684.0}, "geometry": {"type": "Point", "coordinates": [-69.12, -53.799]}}, {"type": "Feature", "properties": {"ident": "SCQK", "name": "Lequecahue Airport", "type": "small_airport", "elevation_ft": 220.0}, "geometry": {"type": "Point", "coordinates": [-73.48978, -38.362655]}}, {"type": "Feature", "properties": {"ident": "SCRD", "name": "Rodelillo Airport", "type": "small_airport", "elevation_ft": 1100.0}, "geometry": {"type": "Point", "coordinates": [-71.557503, -33.0681]}}, {"type": "Feature", "properties": {"ident": "SHST", "name": "Santiago Heliport", "type": "heliport", "elevation_ft": 1929.0}, "geometry": {"type": "Point", "coordinates": [-70.625616, -33.382092]}}, {"type": "Feature", "properties": {"ident": "SCBE", "name": "Barriles Airport", "type": "medium_airport", "elevation_ft": 3475.0}, "geometry": {"type": "Point", "coordinates": [-70.062897, -22.1411]}}, {"type": "Feature", "properties": {"ident": "SCTO", "name": "Victoria Airport", "type": "medium_airport", "elevation_ft": 1148.0}, "geometry": {"type": "Point", "coordinates": [-72.348602, -38.245602]}}, {"type": "Feature", "properties": {"ident": "CL-0005", "name": "Oazy Harbour Airport", "type": "small_airport", "elevation_ft": 161.0}, "geometry": {"type": "Point", "coordinates": [-70.535, -52.5427]}}, {"type": "Feature", "properties": {"ident": "SCUU", "name": "El Peral Airport", "type": "small_airport", "elevation_ft": 1064.0}, "geometry": {"type": "Point", "coordinates": [-71.243344, -31.653369]}}, {"type": "Feature", "properties": {"ident": "SCJS", "name": "José Abel Sepúlveda Aerodrome", "type": "small_airport", "elevation_ft": 486.0}, "geometry": {"type": "Point", "coordinates": [-72.05951, -36.234129]}}, {"type": "Feature", "properties": {"ident": "SCVZ", "name": "Vina Santa Cruz Airport", "type": "small_airport", "elevation_ft": 360.0}, "geometry": {"type": "Point", "coordinates": [-71.563258, -34.698674]}}, {"type": "Feature", "properties": {"ident": "SCNP", "name": "Nueva Pintacura Airport", "type": "small_airport", "elevation_ft": 692.0}, "geometry": {"type": "Point", "coordinates": [-71.24717, -31.7075]}}, {"type": "Feature", "properties": {"ident": "SCIN", "name": "Mininco Airport", "type": "small_airport", "elevation_ft": 709.0}, "geometry": {"type": "Point", "coordinates": [-72.462833, -37.848]}}, {"type": "Feature", "properties": {"ident": "SCAH", "name": "Tolquien Airport", "type": "small_airport", "elevation_ft": 551.0}, "geometry": {"type": "Point", "coordinates": [-73.5246963501, -42.4494018555]}}, {"type": "Feature", "properties": {"ident": "SCSG", "name": "San Gerónimo Airport", "type": "small_airport", "elevation_ft": 341.0}, "geometry": {"type": "Point", "coordinates": [-71.6260986328, -33.3532981873]}}, {"type": "Feature", "properties": {"ident": "CL-0022", "name": "San Alfonso Airport", "type": "closed", "elevation_ft": 407.0}, "geometry": {"type": "Point", "coordinates": [-71.253719, -34.060197]}}, {"type": "Feature", "properties": {"ident": "SCTQ", "name": "Tres Quebradas Airport", "type": "small_airport", "elevation_ft": 11690.0}, "geometry": {"type": "Point", "coordinates": [-70.087, -29.26]}}, {"type": "Feature", "properties": {"ident": "SCGU", "name": "Aguas Blancas Airport", "type": "small_airport", "elevation_ft": 3346.0}, "geometry": {"type": "Point", "coordinates": [-69.845917, -24.123091]}}, {"type": "Feature", "properties": {"ident": "SCLE", "name": "La Escondida Airport", "type": "small_airport", "elevation_ft": 10289.0}, "geometry": {"type": "Point", "coordinates": [-69.131699, -24.294701]}}, {"type": "Feature", "properties": {"ident": "SCLY", "name": "La Playa Airport", "type": "small_airport", "elevation_ft": 32.0}, "geometry": {"type": "Point", "coordinates": [-73.233055, -37.216389]}}, {"type": "Feature", "properties": {"ident": "SCAE", "name": "El Buitre Airport", "type": "small_airport", "elevation_ft": 328.0}, "geometry": {"type": "Point", "coordinates": [-70.290707, -18.508938]}}, {"type": "Feature", "properties": {"ident": "SCBS", "name": "Posesión Airport", "type": "small_airport", "elevation_ft": 100.0}, "geometry": {"type": "Point", "coordinates": [-68.933029, -52.292588]}}, {"type": "Feature", "properties": {"ident": "SCUR", "name": "Rucamalen Airport", "type": "small_airport", "elevation_ft": 475.0}, "geometry": {"type": "Point", "coordinates": [-72.167221, -36.811943]}}, {"type": "Feature", "properties": {"ident": "SCDL", "name": "El Algarrobo Airport", "type": "small_airport", "elevation_ft": 951.0}, "geometry": {"type": "Point", "coordinates": [-70.993057, -32.471943]}}, {"type": "Feature", "properties": {"ident": "SCIH", "name": "Caleta Andrade Airport", "type": "small_airport", "elevation_ft": 115.0}, "geometry": {"type": "Point", "coordinates": [-73.513118, -45.149121]}}, {"type": "Feature", "properties": {"ident": "SC1A", "name": "Canchones West Airport", "type": "small_airport", "elevation_ft": 3251.0}, "geometry": {"type": "Point", "coordinates": [-69.6415023803711, -20.427099227905277]}}, {"type": "Feature", "properties": {"ident": "SCNM", "name": "Las Misiones Airport", "type": "small_airport", "elevation_ft": 252.0}, "geometry": {"type": "Point", "coordinates": [-73.383614, -37.776112]}}, {"type": "Feature", "properties": {"ident": "SCRS", "name": "El Rosario Airport", "type": "small_airport", "elevation_ft": 804.0}, "geometry": {"type": "Point", "coordinates": [-71.405556, -33.488889]}}, {"type": "Feature", "properties": {"ident": "SCBL", "name": "El Porvenir Airport", "type": "small_airport", "elevation_ft": 988.0}, "geometry": {"type": "Point", "coordinates": [-71.525278, -33.273056]}}, {"type": "Feature", "properties": {"ident": "SCCS", "name": "Santa Rita Airport", "type": "small_airport", "elevation_ft": 738.0}, "geometry": {"type": "Point", "coordinates": [-71.45639, -33.2775]}}, {"type": "Feature", "properties": {"ident": "SCTW", "name": "El Tapihue Airport", "type": "small_airport", "elevation_ft": 935.0}, "geometry": {"type": "Point", "coordinates": [-71.336113, -33.320278]}}, {"type": "Feature", "properties": {"ident": "SCVA", "name": "Viñamar Airport", "type": "small_airport", "elevation_ft": 935.0}, "geometry": {"type": "Point", "coordinates": [-71.354164, -33.356945]}}, {"type": "Feature", "properties": {"ident": "SCFL", "name": "Fundo Loma Larga Airport", "type": "small_airport", "elevation_ft": 869.0}, "geometry": {"type": "Point", "coordinates": [-71.379204, -33.279999]}}, {"type": "Feature", "properties": {"ident": "SCCA", "name": "El Boldo Airport", "type": "small_airport", "elevation_ft": 525.0}, "geometry": {"type": "Point", "coordinates": [-72.224998, -35.97139]}}, {"type": "Feature", "properties": {"ident": "SCCN", "name": "Alto Cauquenes Airport", "type": "small_airport", "elevation_ft": 568.0}, "geometry": {"type": "Point", "coordinates": [-72.327225, -35.88028]}}, {"type": "Feature", "properties": {"ident": "SCCE", "name": "El Arenal Airport", "type": "small_airport", "elevation_ft": 397.0}, "geometry": {"type": "Point", "coordinates": [-72.055833, -35.896389]}}, {"type": "Feature", "properties": {"ident": "SCSB", "name": "Franco Bianco Airport", "type": "small_airport", "elevation_ft": 104.0}, "geometry": {"type": "Point", "coordinates": [-69.333603, -52.736698]}}, {"type": "Feature", "properties": {"ident": "SCDH", "name": "Vodudahue Airport", "type": "small_airport", "elevation_ft": 98.0}, "geometry": {"type": "Point", "coordinates": [-72.350555, -42.488888]}}, {"type": "Feature", "properties": {"ident": "SCHD", "name": "Chumilden Airport", "type": "small_airport", "elevation_ft": 66.0}, "geometry": {"type": "Point", "coordinates": [-72.816948, -42.524445]}}, {"type": "Feature", "properties": {"ident": "SCLR", "name": "Los Alerces Airport", "type": "small_airport", "elevation_ft": 345.0}, "geometry": {"type": "Point", "coordinates": [-72.64524, -42.780893]}}, {"type": "Feature", "properties": {"ident": "SCPN", "name": "Pillán Airport", "type": "small_airport", "elevation_ft": 33.0}, "geometry": {"type": "Point", "coordinates": [-72.494884, -42.546989]}}, {"type": "Feature", "properties": {"ident": "SCEK", "name": "Chépica Airport", "type": "small_airport", "elevation_ft": 610.0}, "geometry": {"type": "Point", "coordinates": [-71.324722, -34.739723]}}, {"type": "Feature", "properties": {"ident": "SCHH", "name": "Punta Baja Airport", "type": "small_airport", "elevation_ft": 721.0}, "geometry": {"type": "Point", "coordinates": [-72.79614, -46.792906]}}, {"type": "Feature", "properties": {"ident": "SCLO", "name": "Leones Airport", "type": "small_airport", "elevation_ft": 705.0}, "geometry": {"type": "Point", "coordinates": [-72.818336, -46.765556]}}, {"type": "Feature", "properties": {"ident": "CL-0025", "name": "La Vertiente Airport", "type": "closed", "elevation_ft": 459.0}, "geometry": {"type": "Point", "coordinates": [-72.041323, -36.613271]}}, {"type": "Feature", "properties": {"ident": "SCFK", "name": "Fundo El Carmen Airport", "type": "small_airport", "elevation_ft": 557.0}, "geometry": {"type": "Point", "coordinates": [-72.011862, -36.641796]}}, {"type": "Feature", "properties": {"ident": "SCGS", "name": "Siberia Airport", "type": "small_airport", "elevation_ft": 722.0}, "geometry": {"type": "Point", "coordinates": [-72.07972, -37.177223]}}, {"type": "Feature", "properties": {"ident": "SCFS", "name": "Los Calafates Airport", "type": "small_airport", "elevation_ft": 82.0}, "geometry": {"type": "Point", "coordinates": [-73.896667, -42.67889]}}, {"type": "Feature", "properties": {"ident": "SCCM", "name": "Molco Airport", "type": "small_airport", "elevation_ft": 479.0}, "geometry": {"type": "Point", "coordinates": [-72.082497, -39.825001]}}, {"type": "Feature", "properties": {"ident": "SCQR", "name": "Los Morros Airport", "type": "small_airport", "elevation_ft": 7.0}, "geometry": {"type": "Point", "coordinates": [-72.804916, -36.122624]}}, {"type": "Feature", "properties": {"ident": "SCBT", "name": "Rincón Bonito Airport", "type": "small_airport", "elevation_ft": 705.0}, "geometry": {"type": "Point", "coordinates": [-72.096107, -42.028889]}}, {"type": "Feature", "properties": {"ident": "SCAL", "name": "Valchac Airport", "type": "small_airport", "elevation_ft": 1116.0}, "geometry": {"type": "Point", "coordinates": [-72.481975, -47.116279]}}, {"type": "Feature", "properties": {"ident": "SCVS", "name": "Lago Vargas Airport", "type": "small_airport", "elevation_ft": 56.0}, "geometry": {"type": "Point", "coordinates": [-73.071039, -47.679513]}}, {"type": "Feature", "properties": {"ident": "SCKT", "name": "Torreón Airport", "type": "small_airport", "elevation_ft": 216.0}, "geometry": {"type": "Point", "coordinates": [-72.679857, -36.499399]}}, {"type": "Feature", "properties": {"ident": "SCPI", "name": "Pullami Airport", "type": "small_airport", "elevation_ft": 804.0}, "geometry": {"type": "Point", "coordinates": [-71.807778, -36.586667]}}, {"type": "Feature", "properties": {"ident": "SCKO", "name": "Agua Buena Airport", "type": "small_airport", "elevation_ft": 1420.0}, "geometry": {"type": "Point", "coordinates": [-72.249168, -37.993889]}}, {"type": "Feature", "properties": {"ident": "SCCB", "name": "Pedro Villarroel C. Airport", "type": "small_airport", "elevation_ft": 3002.0}, "geometry": {"type": "Point", "coordinates": [-71.070274, -31.221945]}}, {"type": "Feature", "properties": {"ident": "SCCG", "name": "La Pelícana Airport", "type": "small_airport", "elevation_ft": 2790.0}, "geometry": {"type": "Point", "coordinates": [-70.954445, -31.063889]}}, {"type": "Feature", "properties": {"ident": "SCDK", "name": "El Patagual Airport", "type": "small_airport", "elevation_ft": 93.0}, "geometry": {"type": "Point", "coordinates": [-72.982733, -37.025519]}}, {"type": "Feature", "properties": {"ident": "SCCT", "name": "Quivolgo Airport", "type": "small_airport", "elevation_ft": 36.0}, "geometry": {"type": "Point", "coordinates": [-72.392799, -35.308601]}}, {"type": "Feature", "properties": {"ident": "SCCQ", "name": "Tambillos Airport", "type": "small_airport", "elevation_ft": 656.0}, "geometry": {"type": "Point", "coordinates": [-71.246944, -30.198889]}}, {"type": "Feature", "properties": {"ident": "SCUM", "name": "La Obra Airport", "type": "small_airport", "elevation_ft": 673.0}, "geometry": {"type": "Point", "coordinates": [-71.330276, -35.300556]}}, {"type": "Feature", "properties": {"ident": "SCUP", "name": "Lontuecito Airport", "type": "small_airport", "elevation_ft": 1066.0}, "geometry": {"type": "Point", "coordinates": [-71.236389, -35.282223]}}, {"type": "Feature", "properties": {"ident": "SCGY", "name": "Los Guayes Airport", "type": "small_airport", "elevation_ft": 1312.0}, "geometry": {"type": "Point", "coordinates": [-71.993614, -39.053055]}}, {"type": "Feature", "properties": {"ident": "SCKC", "name": "Roberto Chavéz Airport", "type": "small_airport", "elevation_ft": 895.0}, "geometry": {"type": "Point", "coordinates": [-72.21527862548828, -38.90694427490234]}}, {"type": "Feature", "properties": {"ident": "SCLK", "name": "Lago Colico Airport", "type": "small_airport", "elevation_ft": 1148.0}, "geometry": {"type": "Point", "coordinates": [-72.074165, -39.057499]}}, {"type": "Feature", "properties": {"ident": "SCNK", "name": "Los Pelambres Airport", "type": "small_airport", "elevation_ft": 4003.0}, "geometry": {"type": "Point", "coordinates": [-70.618332, -31.873056]}}, {"type": "Feature", "properties": {"ident": "SCAI", "name": "Curacautín Airport", "type": "small_airport", "elevation_ft": 1667.0}, "geometry": {"type": "Point", "coordinates": [-71.923027, -38.431514]}}, {"type": "Feature", "properties": {"ident": "SCZR", "name": "Los Zorrillos de Tonlemu", "type": "small_airport", "elevation_ft": 285.0}, "geometry": {"type": "Point", "coordinates": [-71.732719, -35.096246]}}, {"type": "Feature", "properties": {"ident": "SCKI", "name": "Los Lirios Airport", "type": "small_airport", "elevation_ft": 820.0}, "geometry": {"type": "Point", "coordinates": [-71.201385, -34.903889]}}, {"type": "Feature", "properties": {"ident": "SCTM", "name": "La Montaña Airport", "type": "small_airport", "elevation_ft": 1969.0}, "geometry": {"type": "Point", "coordinates": [-70.9333, -34.9689]}}, {"type": "Feature", "properties": {"ident": "SCEI", "name": "Potrerillos Airport", "type": "small_airport", "elevation_ft": 8606.0}, "geometry": {"type": "Point", "coordinates": [-69.475458, -26.380144]}}, {"type": "Feature", "properties": {"ident": "CL-0014", "name": "Domeyko Airfield", "type": "small_airport", "elevation_ft": 2403.0}, "geometry": {"type": "Point", "coordinates": [-70.922703, -28.96787]}}, {"type": "Feature", "properties": {"ident": "SCDM", "name": "San Damian Airport", "type": "small_airport", "elevation_ft": 220.0}, "geometry": {"type": "Point", "coordinates": [-72.145554, -34.878056]}}, {"type": "Feature", "properties": {"ident": "SCDQ", "name": "San Lorenzo Airport", "type": "small_airport", "elevation_ft": 1902.0}, "geometry": {"type": "Point", "coordinates": [-71.726112, -37.523335]}}, {"type": "Feature", "properties": {"ident": "SCMZ", "name": "Marina de Rapel Airport", "type": "small_airport", "elevation_ft": 344.0}, "geometry": {"type": "Point", "coordinates": [-71.445831, -34.151669]}}, {"type": "Feature", "properties": {"ident": "SCEB", "name": "Entrada Baker Airport", "type": "small_airport", "elevation_ft": 1640.0}, "geometry": {"type": "Point", "coordinates": [-71.976112, -47.184166]}}, {"type": "Feature", "properties": {"ident": "SCEC", "name": "Pelícano Airport", "type": "small_airport", "elevation_ft": 3678.0}, "geometry": {"type": "Point", "coordinates": [-70.887802, -29.144899]}}, {"type": "Feature", "properties": {"ident": "SCFC", "name": "Fachinal Airport", "type": "small_airport", "elevation_ft": 693.0}, "geometry": {"type": "Point", "coordinates": [-72.218714, -46.548343]}}, {"type": "Feature", "properties": {"ident": "SCSU", "name": "Santa Lucía Airport", "type": "small_airport", "elevation_ft": 705.0}, "geometry": {"type": "Point", "coordinates": [-72.366669, -38.919167]}}, {"type": "Feature", "properties": {"ident": "SCFF", "name": "Freirina Airport", "type": "small_airport", "elevation_ft": 738.0}, "geometry": {"type": "Point", "coordinates": [-71.061943, -28.526388]}}, {"type": "Feature", "properties": {"ident": "SCAA", "name": "Añorada Airport", "type": "closed", "elevation_ft": 459.0}, "geometry": {"type": "Point", "coordinates": [-73.047501, -41.042778]}}, {"type": "Feature", "properties": {"ident": "SCGF", "name": "Golfo Azul Airport", "type": "small_airport", "elevation_ft": 486.0}, "geometry": {"type": "Point", "coordinates": [-72.283611, -40.140833]}}, {"type": "Feature", "properties": {"ident": "SCFU", "name": "Loncopan Airport", "type": "small_airport", "elevation_ft": 886.0}, "geometry": {"type": "Point", "coordinates": [-72.537804, -40.066399]}}, {"type": "Feature", "properties": {"ident": "SCLV", "name": "La Viña Airport", "type": "small_airport", "elevation_ft": 870.0}, "geometry": {"type": "Point", "coordinates": [-71.398056, -32.138054]}}, {"type": "Feature", "properties": {"ident": "SCOI", "name": "Los Coipos Airport", "type": "small_airport", "elevation_ft": 318.0}, "geometry": {"type": "Point", "coordinates": [-71.660833, -34.912778]}}, {"type": "Feature", "properties": {"ident": "SCHU", "name": "Gran Cañon Airport", "type": "small_airport", "elevation_ft": 230.0}, "geometry": {"type": "Point", "coordinates": [-71.146667, -28.098888]}}, {"type": "Feature", "properties": {"ident": "SCHE", "name": "Rucamanqui Airport", "type": "small_airport", "elevation_ft": 1132.0}, "geometry": {"type": "Point", "coordinates": [-71.896667, -37.199722]}}, {"type": "Feature", "properties": {"ident": "SCIL", "name": "Aucó Airport", "type": "small_airport", "elevation_ft": 1420.0}, "geometry": {"type": "Point", "coordinates": [-71.110802, -31.577801]}}, {"type": "Feature", "properties": {"ident": "SCIA", "name": "Isla Apiao Airport", "type": "small_airport", "elevation_ft": 250.0}, "geometry": {"type": "Point", "coordinates": [-73.212219, -42.599724]}}, {"type": "Feature", "properties": {"ident": "SCIB", "name": "Butachauques Airport", "type": "small_airport", "elevation_ft": 150.0}, "geometry": {"type": "Point", "coordinates": [-73.14222, -42.308334]}}, {"type": "Feature", "properties": {"ident": "SCVT", "name": "Viña Tarapacá Airport", "type": "small_airport", "elevation_ft": 1066.0}, "geometry": {"type": "Point", "coordinates": [-70.923889, -33.766109]}}, {"type": "Feature", "properties": {"ident": "SCQE", "name": "Quenac Airport", "type": "small_airport", "elevation_ft": 164.0}, "geometry": {"type": "Point", "coordinates": [-73.335831, -42.467224]}}, {"type": "Feature", "properties": {"ident": "SCIT", "name": "Iván Martinez Airport", "type": "small_airport", "elevation_ft": 144.0}, "geometry": {"type": "Point", "coordinates": [-70.032799, -52.955002]}}, {"type": "Feature", "properties": {"ident": "CL-0019", "name": "La Chimba Airport", "type": "closed", "elevation_ft": 131.0}, "geometry": {"type": "Point", "coordinates": [-70.3971, -23.55001]}}, {"type": "Feature", "properties": {"ident": "SCDG", "name": "Don Aliro Garcia Airport", "type": "small_airport", "elevation_ft": 697.0}, "geometry": {"type": "Point", "coordinates": [-71.568056, -34.193889]}}, {"type": "Feature", "properties": {"ident": "SCAB", "name": "El Alba Airport", "type": "small_airport", "elevation_ft": 450.0}, "geometry": {"type": "Point", "coordinates": [-71.289877, -33.658694]}}, {"type": "Feature", "properties": {"ident": "SCGA", "name": "Punta Galera Airport", "type": "small_airport", "elevation_ft": 118.0}, "geometry": {"type": "Point", "coordinates": [-73.696404, -40.0019]}}, {"type": "Feature", "properties": {"ident": "SCZB", "name": "Pozo Brujo Airport", "type": "small_airport", "elevation_ft": 394.0}, "geometry": {"type": "Point", "coordinates": [-72.568056, -40.205278]}}, {"type": "Feature", "properties": {"ident": "SCKB", "name": "Llollenorte Airport", "type": "small_airport", "elevation_ft": 1641.0}, "geometry": {"type": "Point", "coordinates": [-71.68972, -39.057499]}}, {"type": "Feature", "properties": {"ident": "SCXR", "name": "Las Bandurrias Airport", "type": "small_airport", "elevation_ft": 328.0}, "geometry": {"type": "Point", "coordinates": [-72.224998, -40.32]}}, {"type": "Feature", "properties": {"ident": "SCSO", "name": "Costa del Sol Airport", "type": "small_airport", "elevation_ft": 390.0}, "geometry": {"type": "Point", "coordinates": [-71.527222, -34.120834]}}, {"type": "Feature", "properties": {"ident": "SCVE", "name": "Lago Verde Airport", "type": "small_airport", "elevation_ft": 1020.0}, "geometry": {"type": "Point", "coordinates": [-71.916664, -44.270832]}}, {"type": "Feature", "properties": {"ident": "SCBC", "name": "Cacique Blanco Airport", "type": "small_airport", "elevation_ft": 750.0}, "geometry": {"type": "Point", "coordinates": [-71.864166, -44.23111]}}, {"type": "Feature", "properties": {"ident": "SCHL", "name": "Hacienda Lipangue Airport", "type": "small_airport", "elevation_ft": 1745.0}, "geometry": {"type": "Point", "coordinates": [-70.91111, -33.335278]}}, {"type": "Feature", "properties": {"ident": "SCLA", "name": "General Tovarías Airport", "type": "small_airport", "elevation_ft": 699.0}, "geometry": {"type": "Point", "coordinates": [-72.45472, -38.542778]}}, {"type": "Feature", "properties": {"ident": "SCLS", "name": "Esperanza Airport", "type": "small_airport", "elevation_ft": 1230.0}, "geometry": {"type": "Point", "coordinates": [-72.145836, -38.548889]}}, {"type": "Feature", "properties": {"ident": "SCLB", "name": "Los Pehuenches Airport", "type": "small_airport", "elevation_ft": 587.0}, "geometry": {"type": "Point", "coordinates": [-73.629448, -37.658054]}}, {"type": "Feature", "properties": {"ident": "SCNA", "name": "Fundo La Caña Airport", "type": "small_airport", "elevation_ft": 525.0}, "geometry": {"type": "Point", "coordinates": [-71.597222, -35.976389]}}, {"type": "Feature", "properties": {"ident": "SCLN", "name": "Municipal de Linares Airport", "type": "small_airport", "elevation_ft": 591.0}, "geometry": {"type": "Point", "coordinates": [-71.548599, -35.861698]}}, {"type": "Feature", "properties": {"ident": "CL-0012", "name": "Achibueno Airport", "type": "small_airport", "elevation_ft": 1673.0}, "geometry": {"type": "Point", "coordinates": [-71.374, -36.141999]}}, {"type": "Feature", "properties": {"ident": "SCTU", "name": "Litueche Airport", "type": "small_airport", "elevation_ft": 787.0}, "geometry": {"type": "Point", "coordinates": [-71.715836, -34.110554]}}, {"type": "Feature", "properties": {"ident": "SCLT", "name": "Topocalma Airport", "type": "small_airport", "elevation_ft": 38.0}, "geometry": {"type": "Point", "coordinates": [-71.938056, -34.112222]}}, {"type": "Feature", "properties": {"ident": "SCLF", "name": "Calcurrupe Airport", "type": "small_airport", "elevation_ft": 335.0}, "geometry": {"type": "Point", "coordinates": [-72.2369, -40.244202]}}, {"type": "Feature", "properties": {"ident": "SCAO", "name": "Palo Alto Airport", "type": "small_airport", "elevation_ft": 279.0}, "geometry": {"type": "Point", "coordinates": [-71.740837, -34.733055]}}, {"type": "Feature", "properties": {"ident": "SCUT", "name": "Verfrut Sur Airport", "type": "small_airport", "elevation_ft": 1132.0}, "geometry": {"type": "Point", "coordinates": [-71.544441, -36.212502]}}, {"type": "Feature", "properties": {"ident": "SCMS", "name": "Las Moras Airport", "type": "small_airport", "elevation_ft": 512.0}, "geometry": {"type": "Point", "coordinates": [-71.594444, -36.010278]}}, {"type": "Feature", "properties": {"ident": "SCCU", "name": "Lolco Airport", "type": "small_airport", "elevation_ft": 2132.0}, "geometry": {"type": "Point", "coordinates": [-71.423889, -38.158054]}}, {"type": "Feature", "properties": {"ident": "SCQI", "name": "Icalma Airport", "type": "small_airport", "elevation_ft": 3806.0}, "geometry": {"type": "Point", "coordinates": [-71.218067, -38.733339]}}, {"type": "Feature", "properties": {"ident": "SCAN", "name": "San Rafael Airport", "type": "small_airport", "elevation_ft": 2461.0}, "geometry": {"type": "Point", "coordinates": [-70.646698, -32.814201]}}, {"type": "Feature", "properties": {"ident": "SCGH", "name": "Cholguahue Airport", "type": "small_airport", "elevation_ft": 732.0}, "geometry": {"type": "Point", "coordinates": [-72.138611, -37.469723]}}, {"type": "Feature", "properties": {"ident": "SCGB", "name": "Guadaba Airport", "type": "small_airport", "elevation_ft": 272.0}, "geometry": {"type": "Point", "coordinates": [-72.929443, -37.977779]}}, {"type": "Feature", "properties": {"ident": "SCHO", "name": "Punta Chungo Airport", "type": "small_airport", "elevation_ft": 249.0}, "geometry": {"type": "Point", "coordinates": [-71.476387, -31.882778]}}, {"type": "Feature", "properties": {"ident": "SCLU", "name": "La Laguna Airport", "type": "small_airport", "elevation_ft": 528.0}, "geometry": {"type": "Point", "coordinates": [-71.663887, -34.352501]}}, {"type": "Feature", "properties": {"ident": "SCMH", "name": "La Esperanza Airport", "type": "small_airport", "elevation_ft": 540.0}, "geometry": {"type": "Point", "coordinates": [-71.558334, -34.287224]}}, {"type": "Feature", "properties": {"ident": "SCVJ", "name": "Paredes Viejas Airport", "type": "small_airport", "elevation_ft": 449.0}, "geometry": {"type": "Point", "coordinates": [-71.54528, -34.395832]}}, {"type": "Feature", "properties": {"ident": "SCRZ", "name": "El Carrizal Airport", "type": "small_airport", "elevation_ft": 492.0}, "geometry": {"type": "Point", "coordinates": [-71.706111, -34.443333]}}, {"type": "Feature", "properties": {"ident": "CL-0028", "name": "María Elena Airport", "type": "closed", "elevation_ft": 4003.0}, "geometry": {"type": "Point", "coordinates": [-69.705527, -22.303669]}}, {"type": "Feature", "properties": {"ident": "SCML", "name": "Melipeuco Airport", "type": "small_airport", "elevation_ft": 1388.0}, "geometry": {"type": "Point", "coordinates": [-71.8125, -38.856111]}}, {"type": "Feature", "properties": {"ident": "SCME", "name": "Los Cuatro Diablos Airport", "type": "small_airport", "elevation_ft": 660.0}, "geometry": {"type": "Point", "coordinates": [-71.143333, -33.676109]}}, {"type": "Feature", "properties": {"ident": "SCTS", "name": "Santa Teresa del Almendral Airport", "type": "small_airport", "elevation_ft": 574.0}, "geometry": {"type": "Point", "coordinates": [-71.260834, -33.575554]}}, {"type": "Feature", "properties": {"ident": "SCMI", "name": "Los Tricahues Airport", "type": "small_airport", "elevation_ft": 1650.0}, "geometry": {"type": "Point", "coordinates": [-70.859726, -30.737499]}}, {"type": "Feature", "properties": {"ident": "SCMY", "name": "Carolina Airport", "type": "small_airport", "elevation_ft": 128.0}, "geometry": {"type": "Point", "coordinates": [-70.282501, -22.703611]}}, {"type": "Feature", "properties": {"ident": "SCBU", "name": "El Baúl Airstrip", "type": "small_airport", "elevation_ft": 3070.0}, "geometry": {"type": "Point", "coordinates": [-70.9108, -35.341435]}}, {"type": "Feature", "properties": {"ident": "SCKK", "name": "La Cascada Airport", "type": "small_airport", "elevation_ft": 1804.0}, "geometry": {"type": "Point", "coordinates": [-71.106667, -35.384998]}}, {"type": "Feature", "properties": {"ident": "SCLP", "name": "Los Petiles Airport", "type": "small_airport", "elevation_ft": 1575.0}, "geometry": {"type": "Point", "coordinates": [-71.10861206054688, -35.21555709838867]}}, {"type": "Feature", "properties": {"ident": "SCMO", "name": "Los Monos Airport", "type": "small_airport", "elevation_ft": 574.0}, "geometry": {"type": "Point", "coordinates": [-71.41861, -35.190277]}}, {"type": "Feature", "properties": {"ident": "SCMV", "name": "Viña San Pedro Airport", "type": "small_airport", "elevation_ft": 738.0}, "geometry": {"type": "Point", "coordinates": [-71.327774, -35.105835]}}, {"type": "Feature", "properties": {"ident": "SCXA", "name": "Alupenhue Airport", "type": "small_airport", "elevation_ft": 1600.0}, "geometry": {"type": "Point", "coordinates": [-71.070831, -35.239445]}}, {"type": "Feature", "properties": {"ident": "SCPP", "name": "Poco a Poco Airport", "type": "small_airport", "elevation_ft": 1680.0}, "geometry": {"type": "Point", "coordinates": [-72.008331, -37.848888]}}, {"type": "Feature", "properties": {"ident": "SCND", "name": "Ñadis Airport", "type": "small_airport", "elevation_ft": 262.0}, "geometry": {"type": "Point", "coordinates": [-72.93013, -47.47072]}}, {"type": "Feature", "properties": {"ident": "SCBB", "name": "Del Bío Bío Airport", "type": "small_airport", "elevation_ft": 249.0}, "geometry": {"type": "Point", "coordinates": [-72.503611, -37.587222]}}, {"type": "Feature", "properties": {"ident": "CL-SC49", "name": "Oficina Victoria Airport", "type": "small_airport", "elevation_ft": 3280.0}, "geometry": {"type": "Point", "coordinates": [-69.62570190429688, -20.734699249267575]}}, {"type": "Feature", "properties": {"ident": "CL-0006", "name": "Onaisin Airport", "type": "small_airport", "elevation_ft": 39.0}, "geometry": {"type": "Point", "coordinates": [-69.293, -53.3812]}}, {"type": "Feature", "properties": {"ident": "CL-0018", "name": "Osorno Pampa Alegre Airport", "type": "closed", "elevation_ft": 79.0}, "geometry": {"type": "Point", "coordinates": [-73.155602, -40.547199]}}, {"type": "Feature", "properties": {"ident": "SCOP", "name": "Pilauco Airport", "type": "small_airport", "elevation_ft": 213.0}, "geometry": {"type": "Point", "coordinates": [-73.130057, -40.553653]}}, {"type": "Feature", "properties": {"ident": "SCQM", "name": "Las Quemas Airport", "type": "small_airport", "elevation_ft": 250.0}, "geometry": {"type": "Point", "coordinates": [-73.127792, -40.638332]}}, {"type": "Feature", "properties": {"ident": "CL-0026", "name": "Callipulli Airport", "type": "closed", "elevation_ft": 377.0}, "geometry": {"type": "Point", "coordinates": [-72.84639, -40.620277]}}, {"type": "Feature", "properties": {"ident": "SCOT", "name": "Santa Rosa de Tabalí Airport", "type": "small_airport", "elevation_ft": 787.0}, "geometry": {"type": "Point", "coordinates": [-71.401001, -30.6765]}}, {"type": "Feature", "properties": {"ident": "SCOB", "name": "Tabalí Bajo Airport", "type": "small_airport", "elevation_ft": 732.0}, "geometry": {"type": "Point", "coordinates": [-71.401944, -30.643333]}}, {"type": "Feature", "properties": {"ident": "SCOA", "name": "Estancia Los Loros Airport", "type": "small_airport", "elevation_ft": 820.0}, "geometry": {"type": "Point", "coordinates": [-71.618332, -30.789444]}}, {"type": "Feature", "properties": {"ident": "SCOY", "name": "Huayanay Airport", "type": "small_airport", "elevation_ft": 164.0}, "geometry": {"type": "Point", "coordinates": [-71.532219, -30.430555]}}, {"type": "Feature", "properties": {"ident": "SCAD", "name": "Santa Adriana Airport", "type": "small_airport", "elevation_ft": 558.0}, "geometry": {"type": "Point", "coordinates": [-71.273056, -30.628611]}}, {"type": "Feature", "properties": {"ident": "SCFJ", "name": "Fray Jorge Airport", "type": "small_airport", "elevation_ft": 492.0}, "geometry": {"type": "Point", "coordinates": [-71.578613, -30.68]}}, {"type": "Feature", "properties": {"ident": "SCPL", "name": "Calpulli Airport", "type": "small_airport", "elevation_ft": 755.0}, "geometry": {"type": "Point", "coordinates": [-72.661697, -40.128899]}}, {"type": "Feature", "properties": {"ident": "SCAU", "name": "Juan Enrique Airport", "type": "small_airport", "elevation_ft": 1263.0}, "geometry": {"type": "Point", "coordinates": [-70.885597, -33.8936]}}, {"type": "Feature", "properties": {"ident": "CL-0024", "name": "Mansel Airport", "type": "closed", "elevation_ft": 1411.0}, "geometry": {"type": "Point", "coordinates": [-70.771008, -33.862398]}}, {"type": "Feature", "properties": {"ident": "SCAG", "name": "Agua Santa Airport", "type": "small_airport", "elevation_ft": 476.0}, "geometry": {"type": "Point", "coordinates": [-71.335891, -34.551476]}}, {"type": "Feature", "properties": {"ident": "CL-0029", "name": "Papageno Airport", "type": "closed", "elevation_ft": 853.0}, "geometry": {"type": "Point", "coordinates": [-72.291111, -39.549722]}}, {"type": "Feature", "properties": {"ident": "CL-0027", "name": "Curaco Airport", "type": "closed", "elevation_ft": 820.0}, "geometry": {"type": "Point", "coordinates": [-72.356129, -39.536914]}}, {"type": "Feature", "properties": {"ident": "CL-0023", "name": "Panimavida Airport", "type": "closed", "elevation_ft": 591.0}, "geometry": {"type": "Point", "coordinates": [-71.40653, -35.760957]}}, {"type": "Feature", "properties": {"ident": "SCRW", "name": "Rucalonco Airport", "type": "small_airport", "elevation_ft": 240.0}, "geometry": {"type": "Point", "coordinates": [-72.04528, -34.548611]}}, {"type": "Feature", "properties": {"ident": "SCEO", "name": "El Salto Airport", "type": "small_airport", "elevation_ft": 564.0}, "geometry": {"type": "Point", "coordinates": [-71.857498, -36.13028]}}, {"type": "Feature", "properties": {"ident": "CL-0033", "name": "Paso El León Airstrip", "type": "small_airport", "elevation_ft": 1394.0}, "geometry": {"type": "Point", "coordinates": [-71.85189, -41.50647]}}, {"type": "Feature", "properties": {"ident": "SCFO", "name": "La Reforma Airport", "type": "small_airport", "elevation_ft": 853.0}, "geometry": {"type": "Point", "coordinates": [-71.281113, -35.458057]}}, {"type": "Feature", "properties": {"ident": "SCKE", "name": "Piedra Negra Airport", "type": "small_airport", "elevation_ft": 164.0}, "geometry": {"type": "Point", "coordinates": [-72.645836, -35.854443]}}, {"type": "Feature", "properties": {"ident": "SCLG", "name": "La Aguada Airport", "type": "small_airport", "elevation_ft": 246.0}, "geometry": {"type": "Point", "coordinates": [-71.776947, -35.342777]}}, {"type": "Feature", "properties": {"ident": "SCSP", "name": "El Sobrante Airport", "type": "small_airport", "elevation_ft": 2559.0}, "geometry": {"type": "Point", "coordinates": [-70.8, -32.223611]}}, {"type": "Feature", "properties": {"ident": "SCPW", "name": "Peumo Airport", "type": "small_airport", "elevation_ft": 557.0}, "geometry": {"type": "Point", "coordinates": [-71.168105, -34.408783]}}, {"type": "Feature", "properties": {"ident": "SCKP", "name": "Coposa Airport", "type": "small_airport", "elevation_ft": 12468.0}, "geometry": {"type": "Point", "coordinates": [-68.683502, -20.7505]}}, {"type": "Feature", "properties": {"ident": "SCDI", "name": "Pichidangui Airport", "type": "small_airport", "elevation_ft": 98.0}, "geometry": {"type": "Point", "coordinates": [-71.50528, -32.143055]}}, {"type": "Feature", "properties": {"ident": "SCHG", "name": "Almahue Airport", "type": "small_airport", "elevation_ft": 420.0}, "geometry": {"type": "Point", "coordinates": [-71.371109, -34.398613]}}, {"type": "Feature", "properties": {"ident": "SCMU", "name": "Panilonco Airport", "type": "small_airport", "elevation_ft": 574.0}, "geometry": {"type": "Point", "coordinates": [-71.946945, -34.281113]}}, {"type": "Feature", "properties": {"ident": "CL-0010", "name": "Mónaco Airport", "type": "small_airport", "elevation_ft": 475.0}, "geometry": {"type": "Point", "coordinates": [-71.96753, -34.263583]}}, {"type": "Feature", "properties": {"ident": "SCZE", "name": "Estero Seco Airport", "type": "small_airport", "elevation_ft": 2461.0}, "geometry": {"type": "Point", "coordinates": [-70.549446, -33.744999]}}, {"type": "Feature", "properties": {"ident": "SCEP", "name": "El Principal Airport", "type": "small_airport", "elevation_ft": 2592.0}, "geometry": {"type": "Point", "coordinates": [-70.5103, -33.724998]}}, {"type": "Feature", "properties": {"ident": "SCSS", "name": "San Sebastián Airport", "type": "small_airport", "elevation_ft": 50.0}, "geometry": {"type": "Point", "coordinates": [-68.657301, -53.316205]}}, {"type": "Feature", "properties": {"ident": "SCKQ", "name": "Curimanque Airport", "type": "small_airport", "elevation_ft": 1476.0}, "geometry": {"type": "Point", "coordinates": [-72.027222, -39.326946]}}, {"type": "Feature", "properties": {"ident": "CL-0032", "name": "Meseta Cosmelli Airport", "type": "small_airport", "elevation_ft": 950.0}, "geometry": {"type": "Point", "coordinates": [-72.527319, -46.74606]}}, {"type": "Feature", "properties": {"ident": "SCSZ", "name": "Puerto Sanchéz Airport", "type": "small_airport", "elevation_ft": 680.0}, "geometry": {"type": "Point", "coordinates": [-72.585932, -46.592434]}}, {"type": "Feature", "properties": {"ident": "SCPX", "name": "Punta Catalina Airport", "type": "small_airport", "elevation_ft": 90.0}, "geometry": {"type": "Point", "coordinates": [-68.749884, -52.555011]}}, {"type": "Feature", "properties": {"ident": "SCYU", "name": "Cuyumaique Airport", "type": "small_airport", "elevation_ft": 443.0}, "geometry": {"type": "Point", "coordinates": [-73.011667, -40.940556]}}, {"type": "Feature", "properties": {"ident": "SCYC", "name": "La Capilla Airport", "type": "small_airport", "elevation_ft": 485.0}, "geometry": {"type": "Point", "coordinates": [-72.762222, -40.627777]}}, {"type": "Feature", "properties": {"ident": "SCYL", "name": "Licán Airport", "type": "small_airport", "elevation_ft": 625.0}, "geometry": {"type": "Point", "coordinates": [-72.411102, -40.641399]}}, {"type": "Feature", "properties": {"ident": "SCPH", "name": "Puyuhuapi Airport", "type": "small_airport", "elevation_ft": 43.0}, "geometry": {"type": "Point", "coordinates": [-72.593631, -44.382948]}}, {"type": "Feature", "properties": {"ident": "SCQT", "name": "LasTacas Airport", "type": "small_airport", "elevation_ft": 140.0}, "geometry": {"type": "Point", "coordinates": [-71.364098, -30.096399]}}, {"type": "Feature", "properties": {"ident": "SCQX", "name": "Queilén Airport", "type": "small_airport", "elevation_ft": 60.0}, "geometry": {"type": "Point", "coordinates": [-73.476387, -42.893055]}}, {"type": "Feature", "properties": {"ident": "SCQW", "name": "Quemchi Airport", "type": "small_airport", "elevation_ft": 393.0}, "geometry": {"type": "Point", "coordinates": [-73.516945, -42.152779]}}, {"type": "Feature", "properties": {"ident": "SCQC", "name": "La Colmena Airport", "type": "small_airport", "elevation_ft": 823.0}, "geometry": {"type": "Point", "coordinates": [-72.586945, -38.333057]}}, {"type": "Feature", "properties": {"ident": "SCPO", "name": "Los Paltos Airport", "type": "small_airport", "elevation_ft": 869.0}, "geometry": {"type": "Point", "coordinates": [-70.964165, -34.328056]}}, {"type": "Feature", "properties": {"ident": "SCJC", "name": "James Conrad Airport", "type": "small_airport", "elevation_ft": 528.0}, "geometry": {"type": "Point", "coordinates": [-72.7724, -36.580454]}}, {"type": "Feature", "properties": {"ident": "SCRL", "name": "La Estrella Airport", "type": "small_airport", "elevation_ft": 397.0}, "geometry": {"type": "Point", "coordinates": [-71.481667, -34.201111]}}, {"type": "Feature", "properties": {"ident": "SCGL", "name": "Las Aguilas Airport", "type": "small_airport", "elevation_ft": 450.0}, "geometry": {"type": "Point", "coordinates": [-71.531113, -34.169167]}}, {"type": "Feature", "properties": {"ident": "SCMR", "name": "Las Aguilas Oriente Airport", "type": "small_airport", "elevation_ft": 450.0}, "geometry": {"type": "Point", "coordinates": [-71.531111, -34.169167]}}, {"type": "Feature", "properties": {"ident": "SCAK", "name": "Atacalco Airport", "type": "small_airport", "elevation_ft": 2362.0}, "geometry": {"type": "Point", "coordinates": [-71.577764, -36.919383]}}, {"type": "Feature", "properties": {"ident": "CL-0030", "name": "Fundo Naicura Airport", "type": "closed", "elevation_ft": 1050.0}, "geometry": {"type": "Point", "coordinates": [-70.92028, -34.320278]}}, {"type": "Feature", "properties": {"ident": "SCRH", "name": "Reñihúe Airport", "type": "small_airport", "elevation_ft": 16.0}, "geometry": {"type": "Point", "coordinates": [-72.494446, -42.585556]}}, {"type": "Feature", "properties": {"ident": "SCHP", "name": "Copihue Airport", "type": "small_airport", "elevation_ft": 551.0}, "geometry": {"type": "Point", "coordinates": [-71.779724, -36.077499]}}, {"type": "Feature", "properties": {"ident": "SCRT", "name": "El Almendro Airport", "type": "small_airport", "elevation_ft": 486.0}, "geometry": {"type": "Point", "coordinates": [-71.793335, -35.960556]}}, {"type": "Feature", "properties": {"ident": "SCYR", "name": "Los Maitenes Airport", "type": "small_airport", "elevation_ft": 538.0}, "geometry": {"type": "Point", "coordinates": [-71.741112, -36.031666]}}, {"type": "Feature", "properties": {"ident": "SCAJ", "name": "Las Alpacas Airport", "type": "small_airport", "elevation_ft": 550.0}, "geometry": {"type": "Point", "coordinates": [-71.763054, -36.145279]}}, {"type": "Feature", "properties": {"ident": "SCDS", "name": "San Andrés Airport", "type": "small_airport", "elevation_ft": 574.0}, "geometry": {"type": "Point", "coordinates": [-71.76667, -36.005554]}}, {"type": "Feature", "properties": {"ident": "SCGI", "name": "San Guillermo Airport", "type": "small_airport", "elevation_ft": 495.0}, "geometry": {"type": "Point", "coordinates": [-71.829445, -36.00111]}}, {"type": "Feature", "properties": {"ident": "SCVG", "name": "El Vergel Airport", "type": "small_airport", "elevation_ft": 820.0}, "geometry": {"type": "Point", "coordinates": [-72.488297, -39.829399]}}, {"type": "Feature", "properties": {"ident": "SCKD", "name": "El Cardal Airport", "type": "small_airport", "elevation_ft": 525.0}, "geometry": {"type": "Point", "coordinates": [-72.684998, -40.4678]}}, {"type": "Feature", "properties": {"ident": "SCRQ", "name": "Rucañanco Airport", "type": "small_airport", "elevation_ft": 502.0}, "geometry": {"type": "Point", "coordinates": [-72.772797, -40.5219]}}, {"type": "Feature", "properties": {"ident": "SCBN", "name": "Cotreumo Airport", "type": "small_airport", "elevation_ft": 607.0}, "geometry": {"type": "Point", "coordinates": [-72.6614, -40.4006]}}, {"type": "Feature", "properties": {"ident": "SCRR", "name": "Purrahuín Airport", "type": "small_airport", "elevation_ft": 345.0}, "geometry": {"type": "Point", "coordinates": [-72.776667, -40.365278]}}, {"type": "Feature", "properties": {"ident": "SCRC", "name": "Villa Tapera Airport", "type": "small_airport", "elevation_ft": 1640.0}, "geometry": {"type": "Point", "coordinates": [-71.638885, -44.626389]}}, {"type": "Feature", "properties": {"ident": "SCRE", "name": "Estancia Río Cisnes Airport", "type": "small_airport", "elevation_ft": 2150.0}, "geometry": {"type": "Point", "coordinates": [-71.321663, -44.5]}}, {"type": "Feature", "properties": {"ident": "SCBV", "name": "Bellavista Airport", "type": "small_airport", "elevation_ft": 885.0}, "geometry": {"type": "Point", "coordinates": [-71.296669, -35.189724]}}, {"type": "Feature", "properties": {"ident": "CL-0007", "name": "Arco Iris Airport", "type": "small_airport", "elevation_ft": 342.0}, "geometry": {"type": "Point", "coordinates": [-68.8, -53.8924]}}, {"type": "Feature", "properties": {"ident": "SCRU", "name": "Río Murta Airport", "type": "small_airport", "elevation_ft": 600.0}, "geometry": {"type": "Point", "coordinates": [-72.676653, -46.455673]}}, {"type": "Feature", "properties": {"ident": "SCOE", "name": "San Miguel Airport", "type": "small_airport", "elevation_ft": 1509.0}, "geometry": {"type": "Point", "coordinates": [-71.016388, -34.962223]}}, {"type": "Feature", "properties": {"ident": "SCRO", "name": "Santa Bárbara Airport", "type": "small_airport", "elevation_ft": 1420.0}, "geometry": {"type": "Point", "coordinates": [-71.182777, -34.958889]}}, {"type": "Feature", "properties": {"ident": "SCED", "name": "Los Cedros Airport", "type": "small_airport", "elevation_ft": 305.0}, "geometry": {"type": "Point", "coordinates": [-71.585281, -35.154999]}}, {"type": "Feature", "properties": {"ident": "SCSM", "name": "Minsal Airport", "type": "small_airport", "elevation_ft": 7776.0}, "geometry": {"type": "Point", "coordinates": [-68.382774, -23.585278]}}, {"type": "Feature", "properties": {"ident": "SCSI", "name": "El Salar Airport", "type": "small_airport", "elevation_ft": 7556.0}, "geometry": {"type": "Point", "coordinates": [-68.305, -23.648899]}}, {"type": "Feature", "properties": {"ident": "SCKA", "name": "Santa Marta Airport", "type": "small_airport", "elevation_ft": 577.0}, "geometry": {"type": "Point", "coordinates": [-71.890692, -36.490767]}}, {"type": "Feature", "properties": {"ident": "SCSK", "name": "Colorado Airport", "type": "small_airport", "elevation_ft": 1410.0}, "geometry": {"type": "Point", "coordinates": [-71.303612, -35.663055]}}, {"type": "Feature", "properties": {"ident": "SCSF", "name": "Víctor Lafón Airport", "type": "small_airport", "elevation_ft": 2162.0}, "geometry": {"type": "Point", "coordinates": [-70.705002, -32.7458]}}, {"type": "Feature", "properties": {"ident": "CL-0031", "name": "Sandra Scabini Airport", "type": "closed", "elevation_ft": 236.0}, "geometry": {"type": "Point", "coordinates": [-69.756446, -52.393909]}}, {"type": "Feature", "properties": {"ident": "SCJV", "name": "El Parrón Airport", "type": "small_airport", "elevation_ft": 200.0}, "geometry": {"type": "Point", "coordinates": [-71.77610778808594, -35.54805374145508]}}, {"type": "Feature", "properties": {"ident": "SCLM", "name": "Las Mercedes Airport", "type": "small_airport", "elevation_ft": 246.0}, "geometry": {"type": "Point", "coordinates": [-71.880836, -35.5]}}, {"type": "Feature", "properties": {"ident": "SCMG", "name": "Santa María de Mingre Airport", "type": "small_airport", "elevation_ft": 574.0}, "geometry": {"type": "Point", "coordinates": [-72.003891, -35.570557]}}, {"type": "Feature", "properties": {"ident": "SCSJ", "name": "San Javier Airport", "type": "small_airport", "elevation_ft": 361.0}, "geometry": {"type": "Point", "coordinates": [-71.699722, -35.629723]}}, {"type": "Feature", "properties": {"ident": "SCNI", "name": "Santa Eugenia Airport", "type": "small_airport", "elevation_ft": 410.0}, "geometry": {"type": "Point", "coordinates": [-72.15917, -36.437157]}}, {"type": "Feature", "properties": {"ident": "SCSQ", "name": "Quilpe Airport", "type": "small_airport", "elevation_ft": 157.0}, "geometry": {"type": "Point", "coordinates": [-73.317223, -40.34111]}}, {"type": "Feature", "properties": {"ident": "SCVF", "name": "Verfrut Airport", "type": "small_airport", "elevation_ft": 443.0}, "geometry": {"type": "Point", "coordinates": [-71.391945, -34.007221]}}, {"type": "Feature", "properties": {"ident": "SCET", "name": "El Tambo Airport", "type": "small_airport", "elevation_ft": 748.0}, "geometry": {"type": "Point", "coordinates": [-71.014168, -34.475555]}}, {"type": "Feature", "properties": {"ident": "SCEH", "name": "El Huachi Airport", "type": "small_airport", "elevation_ft": 1558.0}, "geometry": {"type": "Point", "coordinates": [-71.753891, -37.647221]}}, {"type": "Feature", "properties": {"ident": "SCTA", "name": "Santa Luisa Airport", "type": "small_airport", "elevation_ft": 1818.0}, "geometry": {"type": "Point", "coordinates": [-71.71, -37.743889]}}, {"type": "Feature", "properties": {"ident": "SCBD", "name": "El Boldal Airport", "type": "small_airport", "elevation_ft": 574.0}, "geometry": {"type": "Point", "coordinates": [-71.206108, -34.684444]}}, {"type": "Feature", "properties": {"ident": "SCUZ", "name": "Aerosanta Cruz Airport", "type": "small_airport", "elevation_ft": 502.0}, "geometry": {"type": "Point", "coordinates": [-71.386108, -34.649166]}}, {"type": "Feature", "properties": {"ident": "CL-0004", "name": "Cinco de Enero Airport", "type": "small_airport", "elevation_ft": 84.0}, "geometry": {"type": "Point", "coordinates": [-70.3521, -52.595]}}, {"type": "Feature", "properties": {"ident": "SCHC", "name": "Chicureo Airport", "type": "small_airport", "elevation_ft": 1886.0}, "geometry": {"type": "Point", "coordinates": [-70.647224, -33.267776]}}, {"type": "Feature", "properties": {"ident": "SCEG", "name": "El Corte Airport", "type": "small_airport", "elevation_ft": 1024.0}, "geometry": {"type": "Point", "coordinates": [-70.913055, -33.709999]}}, {"type": "Feature", "properties": {"ident": "SCUN", "name": "Uni Frutti Airport", "type": "small_airport", "elevation_ft": 950.0}, "geometry": {"type": "Point", "coordinates": [-71.046112, -34.813057]}}, {"type": "Feature", "properties": {"ident": "SCAM", "name": "Alempue Airport", "type": "small_airport", "elevation_ft": 1083.0}, "geometry": {"type": "Point", "coordinates": [-71.101944, -34.865002]}}, {"type": "Feature", "properties": {"ident": "SCSH", "name": "El Budi Airport", "type": "small_airport", "elevation_ft": 82.0}, "geometry": {"type": "Point", "coordinates": [-73.169998, -39.062778]}}, {"type": "Feature", "properties": {"ident": "SCSA", "name": "Alberto Santos Dumont Airport", "type": "small_airport", "elevation_ft": 2346.0}, "geometry": {"type": "Point", "coordinates": [-70.879997, -33.02861]}}, {"type": "Feature", "properties": {"ident": "SCTG", "name": "Tongoy Airport", "type": "small_airport", "elevation_ft": 49.0}, "geometry": {"type": "Point", "coordinates": [-71.483612, -30.266388]}}, {"type": "Feature", "properties": {"ident": "SCTR", "name": "Traiguén Airport", "type": "small_airport", "elevation_ft": 812.0}, "geometry": {"type": "Point", "coordinates": [-72.662498, -38.271389]}}, {"type": "Feature", "properties": {"ident": "SCVK", "name": "El Alamo Airport", "type": "small_airport", "elevation_ft": 33.0}, "geometry": {"type": "Point", "coordinates": [-72.022224, -34.847778]}}, {"type": "Feature", "properties": {"ident": "SCVQ", "name": "Cuatro Pantanos Airport", "type": "small_airport", "elevation_ft": 82.0}, "geometry": {"type": "Point", "coordinates": [-72.065002, -34.837223]}}, {"type": "Feature", "properties": {"ident": "SCVO", "name": "María Ester Airport", "type": "small_airport", "elevation_ft": 978.0}, "geometry": {"type": "Point", "coordinates": [-72.48333, -38.231945]}}, {"type": "Feature", "properties": {"ident": "SCVC", "name": "El Indio Airport", "type": "small_airport", "elevation_ft": 11975.0}, "geometry": {"type": "Point", "coordinates": [-70.046112, -29.834444]}}, {"type": "Feature", "properties": {"ident": "SCVN", "name": "Huancara Airport", "type": "small_airport", "elevation_ft": 1968.0}, "geometry": {"type": "Point", "coordinates": [-70.742083, -30.032615]}}, {"type": "Feature", "properties": {"ident": "SCVU", "name": "Agromanzún Airport", "type": "small_airport", "elevation_ft": 738.0}, "geometry": {"type": "Point", "coordinates": [-72.340553, -38.695835]}}, {"type": "Feature", "properties": {"ident": "SCVY", "name": "Malla Airport", "type": "small_airport", "elevation_ft": 820.0}, "geometry": {"type": "Point", "coordinates": [-72.285553, -38.691387]}}, {"type": "Feature", "properties": {"ident": "SCNH", "name": "Ainhoa Airport", "type": "small_airport", "elevation_ft": 992.0}, "geometry": {"type": "Point", "coordinates": [-72.243889, -38.683333]}}, {"type": "Feature", "properties": {"ident": "SCRV", "name": "La Verónica Airport", "type": "small_airport", "elevation_ft": 1280.0}, "geometry": {"type": "Point", "coordinates": [-72.128889, -38.611389]}}, {"type": "Feature", "properties": {"ident": "SCNL", "name": "Villa Cerro Castillo Airport", "type": "small_airport", "elevation_ft": 997.0}, "geometry": {"type": "Point", "coordinates": [-72.14587, -46.12999]}}, {"type": "Feature", "properties": {"ident": "SCMF", "name": "Malloco Airport", "type": "small_airport", "elevation_ft": 935.0}, "geometry": {"type": "Point", "coordinates": [-72.34333, -39.255833]}}, {"type": "Feature", "properties": {"ident": "SCYB", "name": "Trilahue Airport", "type": "small_airport", "elevation_ft": 423.0}, "geometry": {"type": "Point", "coordinates": [-72.41111, -37.117222]}}, {"type": "Feature", "properties": {"ident": "CL-0013", "name": "Catapilco Airport", "type": "small_airport", "elevation_ft": 309.0}, "geometry": {"type": "Point", "coordinates": [-71.287698, -32.563805]}}, {"type": "Feature", "properties": {"ident": "SCZC", "name": "Casas Viejas Airport", "type": "small_airport", "elevation_ft": 262.0}, "geometry": {"type": "Point", "coordinates": [-71.347221, -32.595276]}}, {"type": "Feature", "properties": {"ident": "SHES", "name": "Eso Heliport", "type": "heliport", "elevation_ft": 7861.0}, "geometry": {"type": "Point", "coordinates": [-70.38471984863281, -24.638334274291992]}}, {"type": "Feature", "properties": {"ident": "SHHV", "name": "Naval Heliport", "type": "heliport", "elevation_ft": 12.0}, "geometry": {"type": "Point", "coordinates": [-70.32060241699219, -18.47220039367676]}}, {"type": "Feature", "properties": {"ident": "SHOV", "name": "Lo Ovalle Heliport", "type": "heliport", "elevation_ft": 919.0}, "geometry": {"type": "Point", "coordinates": [-71.36833190917969, -33.250831604003906]}}, {"type": "Feature", "properties": {"ident": "SHAU", "name": "Santa Rosa Heliport", "type": "heliport", "elevation_ft": 971.0}, "geometry": {"type": "Point", "coordinates": [-71.030606, -34.2552]}}, {"type": "Feature", "properties": {"ident": "SHHC", "name": "Hospital Clínico Regional de Concepción Heliport", "type": "heliport", "elevation_ft": 151.0}, "geometry": {"type": "Point", "coordinates": [-73.03500366210938, -36.82083511352539]}}, {"type": "Feature", "properties": {"ident": "SHTL", "name": "Torre Ligure Helipad", "type": "heliport", "elevation_ft": 182.0}, "geometry": {"type": "Point", "coordinates": [-73.052527, -36.827656]}}, {"type": "Feature", "properties": {"ident": "SHCY", "name": "Coyhaique Regional Hospital Heliport", "type": "heliport", "elevation_ft": 915.0}, "geometry": {"type": "Point", "coordinates": [-72.075629, -45.568792]}}, {"type": "Feature", "properties": {"ident": "SHDO", "name": "Valle Nevado Heliport", "type": "heliport", "elevation_ft": 9858.0}, "geometry": {"type": "Point", "coordinates": [-70.248694, -33.357872]}}, {"type": "Feature", "properties": {"ident": "SHLP", "name": "La Parva Heliport", "type": "heliport", "elevation_ft": 9080.0}, "geometry": {"type": "Point", "coordinates": [-70.28333282470703, -33.328887939453125]}}, {"type": "Feature", "properties": {"ident": "SHIQ", "name": "Cuartel Gral. VI División de Ejercito Heliport", "type": "heliport", "elevation_ft": 26.0}, "geometry": {"type": "Point", "coordinates": [-70.1449966430664, -20.229999542236328]}}, {"type": "Feature", "properties": {"ident": "SHBP", "name": "Bahía Los Primos Heliport", "type": "heliport", "elevation_ft": 574.0}, "geometry": {"type": "Point", "coordinates": [-71.5352783203125, -34.11083221435547]}}, {"type": "Feature", "properties": {"ident": "SHRP", "name": "Rapel Heliport", "type": "heliport", "elevation_ft": 394.0}, "geometry": {"type": "Point", "coordinates": [-71.45305633544922, -34.21277618408203]}}, {"type": "Feature", "properties": {"ident": "SHFR", "name": "San Francisco Heliport", "type": "heliport", "elevation_ft": 935.0}, "geometry": {"type": "Point", "coordinates": [-71.75166320800781, -34.15972137451172]}}, {"type": "Feature", "properties": {"ident": "SHPT", "name": "Portillo Heliport", "type": "heliport", "elevation_ft": 9000.0}, "geometry": {"type": "Point", "coordinates": [-70.13111114501953, -32.836387634277344]}}, {"type": "Feature", "properties": {"ident": "SHTR", "name": "Sotracer Heliport", "type": "heliport", "elevation_ft": 486.0}, "geometry": {"type": "Point", "coordinates": [-72.326668, -37.478611]}}, {"type": "Feature", "properties": {"ident": "SHHE", "name": "Helicopters Heliport", "type": "heliport", "elevation_ft": 1837.0}, "geometry": {"type": "Point", "coordinates": [-70.71583557128906, -34.21055603027344]}}, {"type": "Feature", "properties": {"ident": "SHAG", "name": "Anguila 1 Heliport", "type": "heliport", "elevation_ft": 66.0}, "geometry": {"type": "Point", "coordinates": [-68.724299, -52.499347]}}, {"type": "Feature", "properties": {"ident": "SHDG", "name": "Batería Dungenes Nº 1 Heliport", "type": "heliport", "elevation_ft": 25.0}, "geometry": {"type": "Point", "coordinates": [-68.43138885498047, -52.38083267211914]}}, {"type": "Feature", "properties": {"ident": "SHDN", "name": "Daniel 1 Heliport", "type": "heliport", "elevation_ft": 98.0}, "geometry": {"type": "Point", "coordinates": [-68.76499938964844, -52.364723205566406]}}, {"type": "Feature", "properties": {"ident": "SHSB", "name": "Cerro Sombrero Heliport", "type": "heliport", "elevation_ft": 98.0}, "geometry": {"type": "Point", "coordinates": [-69.28888702392578, -52.76666641235352]}}, {"type": "Feature", "properties": {"ident": "SHPP", "name": "Papudo Heliport", "type": "heliport", "elevation_ft": 82.0}, "geometry": {"type": "Point", "coordinates": [-71.45916748046875, -32.50027847290039]}}, {"type": "Feature", "properties": {"ident": "SHNZ", "name": "Nazareno Heliport", "type": "heliport", "elevation_ft": 2822.0}, "geometry": {"type": "Point", "coordinates": [-70.5272216796875, -33.65277862548828]}}, {"type": "Feature", "properties": {"ident": "SHYA", "name": "Sumaya Heliport", "type": "heliport", "elevation_ft": 2244.0}, "geometry": {"type": "Point", "coordinates": [-70.547388, -33.676875]}}, {"type": "Feature", "properties": {"ident": "SHSE", "name": "Posesión Heliport", "type": "heliport", "elevation_ft": 76.0}, "geometry": {"type": "Point", "coordinates": [-68.936248, -52.249395]}}, {"type": "Feature", "properties": {"ident": "SHSI", "name": "Posesión 5 Heliport", "type": "heliport", "elevation_ft": 98.0}, "geometry": {"type": "Point", "coordinates": [-69.07333374023438, -52.268333435058594]}}, {"type": "Feature", "properties": {"ident": "SHCB", "name": "Caburga Heliport", "type": "heliport", "elevation_ft": 1558.0}, "geometry": {"type": "Point", "coordinates": [-71.76055908203125, -39.16694259643555]}}, {"type": "Feature", "properties": {"ident": "SHPE", "name": "Pelluco Heliport", "type": "heliport", "elevation_ft": 66.0}, "geometry": {"type": "Point", "coordinates": [-72.90277862548828, -41.48555374145508]}}, {"type": "Feature", "properties": {"ident": "SHHR", "name": "Carabineros de Chile Heliport", "type": "heliport", "elevation_ft": 213.0}, "geometry": {"type": "Point", "coordinates": [-70.92222595214844, -53.15638732910156]}}, {"type": "Feature", "properties": {"ident": "SHNC", "name": "Catalina Norte 1 Heliport", "type": "heliport", "elevation_ft": 98.0}, "geometry": {"type": "Point", "coordinates": [-68.67555236816406, -52.5636100769043]}}, {"type": "Feature", "properties": {"ident": "SHNO", "name": "Catalina Norte 2 Heliport", "type": "heliport", "elevation_ft": 30.0}, "geometry": {"type": "Point", "coordinates": [-69.66361236572266, -52.57527923583984]}}, {"type": "Feature", "properties": {"ident": "SHPU", "name": "Punta Catalina Heliport", "type": "heliport", "elevation_ft": 16.0}, "geometry": {"type": "Point", "coordinates": [-68.75833129882812, -52.54583358764648]}}, {"type": "Feature", "properties": {"ident": "SHSK", "name": "Skua 1 Heliport", "type": "heliport", "elevation_ft": 98.0}, "geometry": {"type": "Point", "coordinates": [-68.7852783203125, -52.4091682434082]}}, {"type": "Feature", "properties": {"ident": "SHSU", "name": "Skua 4 Heliport", "type": "heliport", "elevation_ft": 69.0}, "geometry": {"type": "Point", "coordinates": [-68.78861236572266, -52.37583160400391]}}, {"type": "Feature", "properties": {"ident": "SHCP", "name": "Servicios Aéreos Copters Heliport", "type": "heliport", "elevation_ft": 1509.0}, "geometry": {"type": "Point", "coordinates": [-70.77055358886719, -34.13639068603516]}}, {"type": "Feature", "properties": {"ident": "SHFE", "name": "Hospital San Camilo Heliport", "type": "heliport", "elevation_ft": 2155.0}, "geometry": {"type": "Point", "coordinates": [-70.70999908447266, -32.74833297729492]}}, {"type": "Feature", "properties": {"ident": "SHAC", "name": "ACHS Worker's Hospital Helipad", "type": "heliport", "elevation_ft": 1969.0}, "geometry": {"type": "Point", "coordinates": [-70.632125, -33.443667]}}, {"type": "Feature", "properties": {"ident": "SHAH", "name": "Nazareno II Heliport", "type": "heliport", "elevation_ft": null}, "geometry": {"type": "Point", "coordinates": [-70.57389831542969, -33.400001525878906]}}, {"type": "Feature", "properties": {"ident": "SHAP", "name": "Dr. Alejandro del Río Public Assistance Hospital Helipad", "type": "heliport", "elevation_ft": 1916.0}, "geometry": {"type": "Point", "coordinates": [-70.638062, -33.44434]}}, {"type": "Feature", "properties": {"ident": "SHBE", "name": "Banco Exterior Heliport", "type": "heliport", "elevation_ft": 2000.0}, "geometry": {"type": "Point", "coordinates": [-70.6449966430664, -33.43611145019531]}}, {"type": "Feature", "properties": {"ident": "SHBL", "name": "Hospital Ramón Barros Luco Heliport", "type": "heliport", "elevation_ft": 1805.0}, "geometry": {"type": "Point", "coordinates": [-70.64444732666016, -33.48527908325195]}}, {"type": "Feature", "properties": {"ident": "SHBS", "name": "Banco Santander Heliport", "type": "heliport", "elevation_ft": 2067.0}, "geometry": {"type": "Point", "coordinates": [-70.6513900756836, -33.43611145019531]}}, {"type": "Feature", "properties": {"ident": "SHCA", "name": "Prefectura Aeropolicial de Carabineros Heliport", "type": "heliport", "elevation_ft": 2070.0}, "geometry": {"type": "Point", "coordinates": [-70.54833221435547, -33.45527648925781]}}, {"type": "Feature", "properties": {"ident": "SHCC", "name": "Clínica Las Condes Heliport", "type": "heliport", "elevation_ft": 2461.0}, "geometry": {"type": "Point", "coordinates": [-70.53083038330078, -33.385276794433594]}}, {"type": "Feature", "properties": {"ident": "SHCM", "name": "Corporativo Mutual Heliport", "type": "heliport", "elevation_ft": 2100.0}, "geometry": {"type": "Point", "coordinates": [-70.63777923583984, -33.440277099609375]}}, {"type": "Feature", "properties": {"ident": "SHEC", "name": "Edificio Itaú Helipad", "type": "heliport", "elevation_ft": 2270.0}, "geometry": {"type": "Point", "coordinates": [-70.593563, -33.416555]}}, {"type": "Feature", "properties": {"ident": "SHEH", "name": "Edificio Huidobro Heliport", "type": "heliport", "elevation_ft": 2470.0}, "geometry": {"type": "Point", "coordinates": [-70.5727767944336, -33.40388870239258]}}, {"type": "Feature", "properties": {"ident": "SHEI", "name": "Escuela de Investigaciones Policiales Heliport", "type": "heliport", "elevation_ft": 1608.0}, "geometry": {"type": "Point", "coordinates": [-70.71666717529297, -33.45944595336914]}}, {"type": "Feature", "properties": {"ident": "SHEM", "name": "El Mercurio Heliport", "type": "heliport", "elevation_ft": 2247.0}, "geometry": {"type": "Point", "coordinates": [-70.59583282470703, -33.38111114501953]}}, {"type": "Feature", "properties": {"ident": "SHEQ", "name": "El Conquistador Heliport", "type": "heliport", "elevation_ft": 1670.0}, "geometry": {"type": "Point", "coordinates": [-70.65055847167969, -33.37055587768555]}}, {"type": "Feature", "properties": {"ident": "SHGA", "name": "Gral. Humberto Arriagada Heliport", "type": "heliport", "elevation_ft": 1903.0}, "geometry": {"type": "Point", "coordinates": [-70.60694122314453, -33.4474983215332]}}, {"type": "Feature", "properties": {"ident": "SHGE", "name": "Gertrudis Echeñique Heliport", "type": "heliport", "elevation_ft": 2270.0}, "geometry": {"type": "Point", "coordinates": [-70.5897216796875, -33.413612365722656]}}, {"type": "Feature", "properties": {"ident": "SHHF", "name": "Hospital FACH Heliport", "type": "heliport", "elevation_ft": 2574.0}, "geometry": {"type": "Point", "coordinates": [-70.545874, -33.397124]}}, {"type": "Feature", "properties": {"ident": "SHHI", "name": "Hospital de Carabineros Heliport", "type": "heliport", "elevation_ft": 2426.0}, "geometry": {"type": "Point", "coordinates": [-70.528879, -33.417763]}}, {"type": "Feature", "properties": {"ident": "SHHL", "name": "Las Condes Heliport", "type": "heliport", "elevation_ft": null}, "geometry": {"type": "Point", "coordinates": [-70.52439880371094, -33.37329864501953]}}, {"type": "Feature", "properties": {"ident": "SHHM", "name": "Hospital Militar Heliport", "type": "heliport", "elevation_ft": 2067.0}, "geometry": {"type": "Point", "coordinates": [-70.60333251953125, -33.415279388427734]}}, {"type": "Feature", "properties": {"ident": "SHHS", "name": "Hospital del Salvador Heliport", "type": "heliport", "elevation_ft": 1910.0}, "geometry": {"type": "Point", "coordinates": [-70.62110900878906, -33.43611145019531]}}, {"type": "Feature", "properties": {"ident": "SHJO", "name": "San José Hospital Helipad", "type": "heliport", "elevation_ft": 1868.0}, "geometry": {"type": "Point", "coordinates": [-70.653094, -33.416071]}}, {"type": "Feature", "properties": {"ident": "SHKI", "name": "Kipreos Heliport", "type": "heliport", "elevation_ft": 1575.0}, "geometry": {"type": "Point", "coordinates": [-70.74444580078125, -33.56027603149414]}}, {"type": "Feature", "properties": {"ident": "SHLA", "name": "Las Americas Heliport", "type": "heliport", "elevation_ft": 2126.0}, "geometry": {"type": "Point", "coordinates": [-70.6433334350586, -33.43583297729492]}}, {"type": "Feature", "properties": {"ident": "SHLC", "name": "Lan Courier Heliport", "type": "heliport", "elevation_ft": 1565.0}, "geometry": {"type": "Point", "coordinates": [-70.750556, -33.38389]}}, {"type": "Feature", "properties": {"ident": "SHMA", "name": "Clínica Santa María Heliport", "type": "heliport", "elevation_ft": 2028.0}, "geometry": {"type": "Point", "coordinates": [-70.62833404541016, -33.432220458984375]}}, {"type": "Feature", "properties": {"ident": "SHMB", "name": "Mercedez Benz Heliport", "type": "heliport", "elevation_ft": 1617.0}, "geometry": {"type": "Point", "coordinates": [-70.7147216796875, -33.461666107177734]}}, {"type": "Feature", "properties": {"ident": "SHMD", "name": "Ministerio de Defensa Nacional Heliport", "type": "heliport", "elevation_ft": 2123.0}, "geometry": {"type": "Point", "coordinates": [-70.63805389404297, -33.43527603149414]}}, {"type": "Feature", "properties": {"ident": "SHMS", "name": "Mutual de Seguridad Heliport", "type": "heliport", "elevation_ft": 1650.0}, "geometry": {"type": "Point", "coordinates": [-70.69999694824219, -33.45805740356445]}}, {"type": "Feature", "properties": {"ident": "SHNL", "name": "Nueva de Lyon Heliport", "type": "heliport", "elevation_ft": 2201.0}, "geometry": {"type": "Point", "coordinates": [-70.61059, -33.421377]}}, {"type": "Feature", "properties": {"ident": "SHRB", "name": "Rodelbahn Heliport", "type": "heliport", "elevation_ft": 2789.0}, "geometry": {"type": "Point", "coordinates": [-70.51721954345703, -33.45916748046875]}}, {"type": "Feature", "properties": {"ident": "SHSC", "name": "Santiago Centro Heliport", "type": "heliport", "elevation_ft": 2083.0}, "geometry": {"type": "Point", "coordinates": [-70.64805603027344, -33.43916702270508]}}, {"type": "Feature", "properties": {"ident": "SHSD", "name": "Sonda Helipad", "type": "heliport", "elevation_ft": 2001.0}, "geometry": {"type": "Point", "coordinates": [-70.655898, -33.437552]}}, {"type": "Feature", "properties": {"ident": "SHSM", "name": "Edificio Torre Santa María Helipad", "type": "heliport", "elevation_ft": 2329.0}, "geometry": {"type": "Point", "coordinates": [-70.62236, -33.423132]}}, {"type": "Feature", "properties": {"ident": "SHSO", "name": "Hospital Dr Luis Tisné Brousse Helipad", "type": "heliport", "elevation_ft": 2083.0}, "geometry": {"type": "Point", "coordinates": [-70.57894, -33.500187]}}, {"type": "Feature", "properties": {"ident": "SHSR", "name": "Edificio Torre San Ramón Helipad", "type": "heliport", "elevation_ft": 2133.0}, "geometry": {"type": "Point", "coordinates": [-70.606438, -33.420741]}}, {"type": "Feature", "properties": {"ident": "SHTC", "name": "Edificio Corporativo CTC Heliport", "type": "heliport", "elevation_ft": 2389.0}, "geometry": {"type": "Point", "coordinates": [-70.632573, -33.437046]}}, {"type": "Feature", "properties": {"ident": "SHTI", "name": "Torre Interamericana Heliport", "type": "heliport", "elevation_ft": 2185.0}, "geometry": {"type": "Point", "coordinates": [-70.645823, -33.440636]}}, {"type": "Feature", "properties": {"ident": "SHTO", "name": "Subteniente Marcelo Topali Heliport", "type": "heliport", "elevation_ft": 2121.0}, "geometry": {"type": "Point", "coordinates": [-70.63500213623047, -33.43888854980469]}}, {"type": "Feature", "properties": {"ident": "SHWT", "name": "World Trade Center Heliport", "type": "heliport", "elevation_ft": 2261.0}, "geometry": {"type": "Point", "coordinates": [-70.605385, -33.416384]}}, {"type": "Feature", "properties": {"ident": "SHDP", "name": "Del Pacifico Heliport", "type": "heliport", "elevation_ft": 200.0}, "geometry": {"type": "Point", "coordinates": [-72.80249786376953, -38.75416564941406]}}, {"type": "Feature", "properties": {"ident": "SHSS", "name": "Hospital Regional de Temuco Heliport", "type": "heliport", "elevation_ft": 410.0}, "geometry": {"type": "Point", "coordinates": [-72.59833526611328, -38.73583221435547]}}, {"type": "Feature", "properties": {"ident": "SHQN", "name": "Quinn Heliport", "type": "heliport", "elevation_ft": 49.0}, "geometry": {"type": "Point", "coordinates": [-73.2572021484375, -39.852500915527344]}}, {"type": "Feature", "properties": {"ident": "SHHN", "name": "Hospital Naval Almirante Nef Heliport", "type": "heliport", "elevation_ft": 200.0}, "geometry": {"type": "Point", "coordinates": [-71.53583526611328, -33.996665954589844]}}, {"type": "Feature", "properties": {"ident": "SHLS", "name": "Las Salinas Heliport", "type": "heliport", "elevation_ft": 10.0}, "geometry": {"type": "Point", "coordinates": [-71.54722595214844, -32.99583435058594]}}, {"type": "Feature", "properties": {"ident": "SHEE", "name": "Esmeralda Heliport", "type": "heliport", "elevation_ft": 574.0}, "geometry": {"type": "Point", "coordinates": [-71.50971984863281, -35.720001220703125]}}, {"type": "Feature", "properties": {"ident": "SHET", "name": "San Esteban Heliport", "type": "heliport", "elevation_ft": 541.0}, "geometry": {"type": "Point", "coordinates": [-71.57221984863281, -35.70222091674805]}}, {"type": "Feature", "properties": {"ident": "SHCG", "name": "Cachagua Heliport", "type": "heliport", "elevation_ft": 80.0}, "geometry": {"type": "Point", "coordinates": [-71.4544448852539, -32.578887939453125]}}, {"type": "Feature", "properties": {"ident": "SHCI", "name": "San Cristóbal Heliport", "type": "heliport", "elevation_ft": 98.0}, "geometry": {"type": "Point", "coordinates": [-71.45249938964844, -32.57611083984375]}}, {"type": "Feature", "properties": {"ident": "SHEJ", "name": "Cuartel Gral. I División De Ejercito Heliport", "type": "heliport", "elevation_ft": 124.0}, "geometry": {"type": "Point", "coordinates": [-70.413889, -23.6825]}}, {"type": "Feature", "properties": {"ident": "SHJN", "name": "Dr. Juan Noé Crevani, Arica Regional Hospital Helipad", "type": "heliport", "elevation_ft": 187.0}, "geometry": {"type": "Point", "coordinates": [-70.31314, -18.482836]}}, {"type": "Feature", "properties": {"ident": "SHCF", "name": "Carlos Cisternas Hospital Heliport", "type": "heliport", "elevation_ft": 7495.0}, "geometry": {"type": "Point", "coordinates": [-68.916692, -22.444481]}}, {"type": "Feature", "properties": {"ident": "SHVM", "name": "Viña Matetic Heliport", "type": "heliport", "elevation_ft": 820.0}, "geometry": {"type": "Point", "coordinates": [-71.399167, -33.469444]}}, {"type": "Feature", "properties": {"ident": "SHBH", "name": "Eagle Copters Heliport", "type": "heliport", "elevation_ft": 1887.0}, "geometry": {"type": "Point", "coordinates": [-70.650136, -33.27136]}}, {"type": "Feature", "properties": {"ident": "SHCH", "name": "Agroforestal Heliport", "type": "heliport", "elevation_ft": 1693.0}, "geometry": {"type": "Point", "coordinates": [-70.75941, -33.221012]}}, {"type": "Feature", "properties": {"ident": "SHLI", "name": "CLC- Chicureo Heliport", "type": "heliport", "elevation_ft": 1847.0}, "geometry": {"type": "Point", "coordinates": [-70.650805, -33.282708]}}, {"type": "Feature", "properties": {"ident": "SHSN", "name": "Hospital Regional de Copiapó San José del Carmen Helipad", "type": "heliport", "elevation_ft": 1404.0}, "geometry": {"type": "Point", "coordinates": [-70.322049, -27.373597]}}, {"type": "Feature", "properties": {"ident": "SHPM", "name": "Lago La Paloma Heliport", "type": "heliport", "elevation_ft": 351.0}, "geometry": {"type": "Point", "coordinates": [-72.146251, -45.922804]}}, {"type": "Feature", "properties": {"ident": "CL-0037", "name": "Cabo de Hornos Naval Heliport", "type": "heliport", "elevation_ft": 102.0}, "geometry": {"type": "Point", "coordinates": [-67.224942, -55.962927]}}, {"type": "Feature", "properties": {"ident": "SHAL", "name": "Los Paltos Heliport", "type": "heliport", "elevation_ft": 978.0}, "geometry": {"type": "Point", "coordinates": [-70.930352, -33.725492]}}, {"type": "Feature", "properties": {"ident": "SHUC", "name": "Clinica San Carlos de Apoquindo Heliport", "type": "heliport", "elevation_ft": 3028.0}, "geometry": {"type": "Point", "coordinates": [-70.507904, -33.40064]}}, {"type": "Feature", "properties": {"ident": "SHGR", "name": "Edificio Corpgroup Heliport", "type": "heliport", "elevation_ft": 2448.0}, "geometry": {"type": "Point", "coordinates": [-70.573056, -33.404444]}}, {"type": "Feature", "properties": {"ident": "SHIS", "name": "Isidora 3000 Heliport", "type": "heliport", "elevation_ft": 2510.0}, "geometry": {"type": "Point", "coordinates": [-70.598112, -33.414011]}}, {"type": "Feature", "properties": {"ident": "SHTS", "name": "Alto Trapenses Heliport", "type": "heliport", "elevation_ft": 4101.0}, "geometry": {"type": "Point", "coordinates": [-70.590849, -33.32225]}}, {"type": "Feature", "properties": {"ident": "SHVE", "name": "Valle Escondido Heliport", "type": "heliport", "elevation_ft": 3248.0}, "geometry": {"type": "Point", "coordinates": [-70.487845, -33.346305]}}, {"type": "Feature", "properties": {"ident": "CL-0011", "name": "Marimenuco Airfield", "type": "closed", "elevation_ft": 3717.0}, "geometry": {"type": "Point", "coordinates": [-71.2018, -38.7391]}}, {"type": "Feature", "properties": {"ident": "SHAD", "name": "Matanzas Heliport", "type": "heliport", "elevation_ft": 407.0}, "geometry": {"type": "Point", "coordinates": [-71.853008, -33.967431]}}, {"type": "Feature", "properties": {"ident": "SHSJ", "name": "Hospital San José Helipad", "type": "heliport", "elevation_ft": 303.0}, "geometry": {"type": "Point", "coordinates": [-73.127543, -40.58905]}}, {"type": "Feature", "properties": {"ident": "SHAO", "name": "Hospital de Ovalle Heliport", "type": "heliport", "elevation_ft": 1033.0}, "geometry": {"type": "Point", "coordinates": [-71.191728, -30.578565]}}, {"type": "Feature", "properties": {"ident": "SHOT", "name": "Santa Rosa De Tabalí Heliport", "type": "heliport", "elevation_ft": 787.0}, "geometry": {"type": "Point", "coordinates": [-71.408611, -30.679444]}}, {"type": "Feature", "properties": {"ident": "CL-0034", "name": "Paso El León Police Station Heliport", "type": "heliport", "elevation_ft": 1358.0}, "geometry": {"type": "Point", "coordinates": [-71.86033, -41.50454]}}, {"type": "Feature", "properties": {"ident": "CL-0002", "name": "Gente Grande Airport", "type": "closed", "elevation_ft": 36.0}, "geometry": {"type": "Point", "coordinates": [-70.26, -53.064]}}, {"type": "Feature", "properties": {"ident": "CL-0009", "name": "Campo Cerro Manantiales Airport", "type": "closed", "elevation_ft": 60.0}, "geometry": {"type": "Point", "coordinates": [-69.3702, -52.54046]}}, {"type": "Feature", "properties": {"ident": "SHAB", "name": "Aguas Blancas Heliport", "type": "heliport", "elevation_ft": 102.0}, "geometry": {"type": "Point", "coordinates": [-71.440337, -32.665528]}}, {"type": "Feature", "properties": {"ident": "SHAE", "name": "Aerorescate Heliport", "type": "heliport", "elevation_ft": 1460.0}, "geometry": {"type": "Point", "coordinates": [-70.831389, -33.439722]}}, {"type": "Feature", "properties": {"ident": "SHAT", "name": "Atmosphere Helideck", "type": "heliport", "elevation_ft": 35.0}, "geometry": {"type": "Point", "coordinates": [-72.939927, -41.480248]}}, {"type": "Feature", "properties": {"ident": "CL-0035", "name": "El Arrayán Airfield", "type": "closed", "elevation_ft": 341.0}, "geometry": {"type": "Point", "coordinates": [-72.94333, -41.40244]}}, {"type": "Feature", "properties": {"ident": "CL-0001", "name": "Bahia Catalina Airport", "type": "closed", "elevation_ft": 30.0}, "geometry": {"type": "Point", "coordinates": [-70.87, -53.1315]}}, {"type": "Feature", "properties": {"ident": "CL-0003", "name": "Kimiri Ayke Airport", "type": "closed", "elevation_ft": 85.0}, "geometry": {"type": "Point", "coordinates": [-69.704, -52.403]}}, {"type": "Feature", "properties": {"ident": "SHME", "name": "La Cabaña Heliport", "type": "heliport", "elevation_ft": 59.0}, "geometry": {"type": "Point", "coordinates": [-71.388481, -33.974615]}}, {"type": "Feature", "properties": {"ident": "SHAQ", "name": "Apoquindo 2929 Helipad", "type": "heliport", "elevation_ft": 2322.0}, "geometry": {"type": "Point", "coordinates": [-70.599148, -33.417772]}}, {"type": "Feature", "properties": {"ident": "CL-0016", "name": "Edificio Torre Nueva Santa María Helipad", "type": "heliport", "elevation_ft": 2400.0}, "geometry": {"type": "Point", "coordinates": [-70.621952, -33.422742]}}, {"type": "Feature", "properties": {"ident": "CL-0008", "name": "Clinica Alemana Helipad", "type": "heliport", "elevation_ft": 2485.0}, "geometry": {"type": "Point", "coordinates": [-70.572969, -33.392103]}}, {"type": "Feature", "properties": {"ident": "SHIN", "name": "Clínica Indisa Helipad", "type": "heliport", "elevation_ft": 2100.0}, "geometry": {"type": "Point", "coordinates": [-70.617778, -33.420833]}}, {"type": "Feature", "properties": {"ident": "SHEB", "name": "Ejército Bicentenario Helipad", "type": "heliport", "elevation_ft": 1821.0}, "geometry": {"type": "Point", "coordinates": [-70.657424, -33.457784]}}, {"type": "Feature", "properties": {"ident": "SHPD", "name": "Titanium Heliport", "type": "heliport", "elevation_ft": 2727.0}, "geometry": {"type": "Point", "coordinates": [-70.603804, -33.413156]}}, {"type": "Feature", "properties": {"ident": "SHSP", "name": "Moneda Bicentenario Heliport", "type": "heliport", "elevation_ft": 1962.0}, "geometry": {"type": "Point", "coordinates": [-70.655, -33.442778]}}, {"type": "Feature", "properties": {"ident": "SHVN", "name": "Vía Naranja Heliport", "type": "heliport", "elevation_ft": 2726.0}, "geometry": {"type": "Point", "coordinates": [-70.564465, -33.368305]}}, {"type": "Feature", "properties": {"ident": "SHBC", "name": "Las Brisas De Chicureo Heliport", "type": "heliport", "elevation_ft": 1175.0}, "geometry": {"type": "Point", "coordinates": [-70.696111, -33.239722]}}, {"type": "Feature", "properties": {"ident": "SHFA", "name": "Los Cerrillos Military Heliport", "type": "heliport", "elevation_ft": 1703.0}, "geometry": {"type": "Point", "coordinates": [-70.695278, -33.496389]}}, {"type": "Feature", "properties": {"ident": "SHRE", "name": "Jose Miguel Carrera Heliport", "type": "heliport", "elevation_ft": 2034.0}, "geometry": {"type": "Point", "coordinates": [-70.655, -33.441389]}}, {"type": "Feature", "properties": {"ident": "SHUE", "name": "Dinahue Heliport", "type": "heliport", "elevation_ft": 10.0}, "geometry": {"type": "Point", "coordinates": [-73.106667, -36.770833]}}, {"type": "Feature", "properties": {"ident": "SHTE", "name": "Santa Graciela Heliport", "type": "heliport", "elevation_ft": 623.0}, "geometry": {"type": "Point", "coordinates": [-71.324034, -34.85105]}}, {"type": "Feature", "properties": {"ident": "CL-0036", "name": "Basso Field", "type": "closed", "elevation_ft": 236.0}, "geometry": {"type": "Point", "coordinates": [-73.16096, -40.40695]}}, {"type": "Feature", "properties": {"ident": "SHAF", "name": "Santa Carolina Heliport", "type": "heliport", "elevation_ft": 164.0}, "geometry": {"type": "Point", "coordinates": [-72.066622, -34.826222]}}, {"type": "Feature", "properties": {"ident": "SHVI", "name": "Villarica Park Lake Heliport", "type": "heliport", "elevation_ft": 804.0}, "geometry": {"type": "Point", "coordinates": [-72.089036, -39.302094]}}, {"type": "Feature", "properties": {"ident": "SHAV", "name": "Alta Vista Heliport", "type": "heliport", "elevation_ft": 440.0}, "geometry": {"type": "Point", "coordinates": [-71.399487, -32.621739]}}]}