{
  "type": "FeatureCollection",
  "name": "SENAMHI Perú - Estaciones Oficiales",
  "source": "SENAMHI Perú mapa-estaciones-2 / PruebaTest",
  "generated": "2026-04-11",
  "features": [
    {
      "type": "Feature",
      "geometry": {
        "type": "Point",
        "coordinates": [
          -79.15323,
          -7.22499
        ]
      },
      "properties": {
        "codigo": "100090",
        "codigo_ant": "000396",
        "nombre": "MONTEGRANDE",
        "departamento": "",
        "provincia": "",
        "altitud": "",
        "pais": "Perú",
        "estado": "DIFERIDO",
        "tipo_est": "M",
        "categoria": "CO",
        "fuente": "SENAMHI Perú oficial"
      }
    },
    {
      "type": "Feature",
      "geometry": {
        "type": "Point",
        "coordinates": [
          -79.09908,
          -7.25592
        ]
      },
      "properties": {
        "codigo": "201204",
        "codigo_ant": "201204",
        "nombre": "YONAN GORE",
        "departamento": "",
        "provincia": "",
        "altitud": "",
        "pais": "Perú",
        "estado": "DIFERIDO",
        "tipo_est": "H",
        "categoria": "HLM",
        "fuente": "SENAMHI Perú oficial"
      }
    },
    {
      "type": "Feature",
      "geometry": {
        "type": "Point",
        "coordinates": [
          -79.03696,
          -6.27366
        ]
      },
      "properties": {
        "codigo": "106067",
        "codigo_ant": "153109",
        "nombre": "QUEROCOTILLO",
        "departamento": "",
        "provincia": "",
        "altitud": "",
        "pais": "Perú",
        "estado": "DIFERIDO",
        "tipo_est": "M",
        "categoria": "PLU",
        "fuente": "SENAMHI Perú oficial"
      }
    },
    {
      "type": "Feature",
      "geometry": {
        "type": "Point",
        "coordinates": [
          -78.52437,
          -6.67411
        ]
      },
      "properties": {
        "codigo": "221110",
        "codigo_ant": "220307",
        "nombre": "PUENTE  MAYGASBAMBA",
        "departamento": "",
        "provincia": "",
        "altitud": "",
        "pais": "Perú",
        "estado": "DIFERIDO",
        "tipo_est": "H",
        "categoria": "HLG",
        "fuente": "SENAMHI Perú oficial"
      }
    },
    {
      "type": "Feature",
      "geometry": {
        "type": "Point",
        "coordinates": [
          -78.45694,
          -6.68778
        ]
      },
      "properties": {
        "codigo": "100113",
        "codigo_ant": "153108",
        "nombre": "QUEBRADA SHUGAR",
        "departamento": "",
        "provincia": "",
        "altitud": "",
        "pais": "Perú",
        "estado": "DIFERIDO",
        "tipo_est": "M",
        "categoria": "PLU",
        "fuente": "SENAMHI Perú oficial"
      }
    },
    {
      "type": "Feature",
      "geometry": {
        "type": "Point",
        "coordinates": [
          -78.738,
          -6.66878
        ]
      },
      "properties": {
        "codigo": "106077",
        "codigo_ant": "153208",
        "nombre": "CHUGUR",
        "departamento": "",
        "provincia": "",
        "altitud": "",
        "pais": "Perú",
        "estado": "DIFERIDO",
        "tipo_est": "M",
        "categoria": "PLU",
        "fuente": "SENAMHI Perú oficial"
      }
    },
    {
      "type": "Feature",
      "geometry": {
        "type": "Point",
        "coordinates": [
          -78.9625,
          -5.8837
        ]
      },
      "properties": {
        "codigo": "220405",
        "codigo_ant": "220405",
        "nombre": "CACAO",
        "departamento": "",
        "provincia": "",
        "altitud": "",
        "pais": "Perú",
        "estado": "DIFERIDO",
        "tipo_est": "H",
        "categoria": "HLM",
        "fuente": "SENAMHI Perú oficial"
      }
    },
    {
      "type": "Feature",
      "geometry": {
        "type": "Point",
        "coordinates": [
          -79.31722,
          -5.91778
        ]
      },
      "properties": {
        "codigo": "105057",
        "codigo_ant": "000241",
        "nombre": "EL LIMON",
        "departamento": "",
        "provincia": "",
        "altitud": "",
        "pais": "Perú",
        "estado": "DIFERIDO",
        "tipo_est": "M",
        "categoria": "CO",
        "fuente": "SENAMHI Perú oficial"
      }
    },
    {
      "type": "Feature",
      "geometry": {
        "type": "Point",
        "coordinates": [
          -79.13389,
          -6.04167
        ]
      },
      "properties": {
        "codigo": "106065",
        "codigo_ant": "153107",
        "nombre": "HACIENDA PUCARA",
        "departamento": "",
        "provincia": "",
        "altitud": "",
        "pais": "Perú",
        "estado": "DIFERIDO",
        "tipo_est": "M",
        "categoria": "PLU",
        "fuente": "SENAMHI Perú oficial"
      }
    },
    {
      "type": "Feature",
      "geometry": {
        "type": "Point",
        "coordinates": [
          -78.91138,
          -5.24006
        ]
      },
      "properties": {
        "codigo": "105142",
        "codigo_ant": "105142",
        "nombre": "SAN MIGUEL",
        "departamento": "",
        "provincia": "",
        "altitud": "",
        "pais": "Perú",
        "estado": "DIFERIDO",
        "tipo_est": "M",
        "categoria": "EAMA",
        "fuente": "SENAMHI Perú oficial"
      }
    },
    {
      "type": "Feature",
      "geometry": {
        "type": "Point",
        "coordinates": [
          -78.9888,
          -5.4654
        ]
      },
      "properties": {
        "codigo": "105111",
        "codigo_ant": "152212",
        "nombre": "COCHALAN",
        "departamento": "",
        "provincia": "",
        "altitud": "",
        "pais": "Perú",
        "estado": "DIFERIDO",
        "tipo_est": "M",
        "categoria": "PLU",
        "fuente": "SENAMHI Perú oficial"
      }
    },
    {
      "type": "Feature",
      "geometry": {
        "type": "Point",
        "coordinates": [
          -78.9885,
          -5.4651
        ]
      },
      "properties": {
        "codigo": "220814",
        "codigo_ant": "220815",
        "nombre": "COCHALAN",
        "departamento": "",
        "provincia": "",
        "altitud": "",
        "pais": "Perú",
        "estado": "DIFERIDO",
        "tipo_est": "H",
        "categoria": "HLG",
        "fuente": "SENAMHI Perú oficial"
      }
    },
    {
      "type": "Feature",
      "geometry": {
        "type": "Point",
        "coordinates": [
          -79.28779,
          -5.32221
        ]
      },
      "properties": {
        "codigo": "220812",
        "codigo_ant": "220813",
        "nombre": "TABACONAS",
        "departamento": "",
        "provincia": "",
        "altitud": "",
        "pais": "Perú",
        "estado": "DIFERIDO",
        "tipo_est": "H",
        "categoria": "HLG",
        "fuente": "SENAMHI Perú oficial"
      }
    },
    {
      "type": "Feature",
      "geometry": {
        "type": "Point",
        "coordinates": [
          -79.04045,
          -7.0802
        ]
      },
      "properties": {
        "codigo": "107055",
        "codigo_ant": "153111",
        "nombre": "LIVES",
        "departamento": "",
        "provincia": "",
        "altitud": "",
        "pais": "Perú",
        "estado": "DIFERIDO",
        "tipo_est": "M",
        "categoria": "PLU",
        "fuente": "SENAMHI Perú oficial"
      }
    },
    {
      "type": "Feature",
      "geometry": {
        "type": "Point",
        "coordinates": [
          -79.07395,
          -6.65579
        ]
      },
      "properties": {
        "codigo": "106122",
        "codigo_ant": "200909",
        "nombre": "CIRATO",
        "departamento": "",
        "provincia": "",
        "altitud": "",
        "pais": "Perú",
        "estado": "DIFERIDO",
        "tipo_est": "H",
        "categoria": "HLG",
        "fuente": "SENAMHI Perú oficial"
      }
    },
    {
      "type": "Feature",
      "geometry": {
        "type": "Point",
        "coordinates": [
          -78.86722,
          -6.575
        ]
      },
      "properties": {
        "codigo": "106022",
        "codigo_ant": "000395",
        "nombre": "CHANCAY BAÑOS",
        "departamento": "",
        "provincia": "",
        "altitud": "",
        "pais": "Perú",
        "estado": "DIFERIDO",
        "tipo_est": "M",
        "categoria": "CO",
        "fuente": "SENAMHI Perú oficial"
      }
    },
    {
      "type": "Feature",
      "geometry": {
        "type": "Point",
        "coordinates": [
          -71.23187,
          -14.16997
        ]
      },
      "properties": {
        "codigo": "114131",
        "codigo_ant": "114131",
        "nombre": "SALCCA",
        "departamento": "",
        "provincia": "",
        "altitud": "",
        "pais": "Perú",
        "estado": "DIFERIDO",
        "tipo_est": "M",
        "categoria": "PE",
        "fuente": "SENAMHI Perú oficial"
      }
    },
    {
      "type": "Feature",
      "geometry": {
        "type": "Point",
        "coordinates": [
          -71.72,
          -13.10855
        ]
      },
      "properties": {
        "codigo": "113139",
        "codigo_ant": "155518",
        "nombre": "CHACLLABAMBA",
        "departamento": "",
        "provincia": "",
        "altitud": "",
        "pais": "Perú",
        "estado": "DIFERIDO",
        "tipo_est": "M",
        "categoria": "CO",
        "fuente": "SENAMHI Perú oficial"
      }
    },
    {
      "type": "Feature",
      "geometry": {
        "type": "Point",
        "coordinates": [
          -71.46778,
          -13.02389
        ]
      },
      "properties": {
        "codigo": "100030",
        "codigo_ant": "006671",
        "nombre": "CHONTACHACA",
        "departamento": "",
        "provincia": "",
        "altitud": "",
        "pais": "Perú",
        "estado": "DIFERIDO",
        "tipo_est": "M",
        "categoria": "CO",
        "fuente": "SENAMHI Perú oficial"
      }
    },
    {
      "type": "Feature",
      "geometry": {
        "type": "Point",
        "coordinates": [
          -75.24179,
          -12.58029
        ]
      },
      "properties": {
        "codigo": "112142",
        "codigo_ant": "156126",
        "nombre": "HUANCALPI",
        "departamento": "",
        "provincia": "",
        "altitud": "",
        "pais": "Perú",
        "estado": "DIFERIDO",
        "tipo_est": "M",
        "categoria": "CO",
        "fuente": "SENAMHI Perú oficial"
      }
    },
    {
      "type": "Feature",
      "geometry": {
        "type": "Point",
        "coordinates": [
          -75.53348,
          -13.2206
        ]
      },
      "properties": {
        "codigo": "113067",
        "codigo_ant": "151503",
        "nombre": "HUACHOS",
        "departamento": "",
        "provincia": "",
        "altitud": "",
        "pais": "Perú",
        "estado": "DIFERIDO",
        "tipo_est": "M",
        "categoria": "CO",
        "fuente": "SENAMHI Perú oficial"
      }
    },
    {
      "type": "Feature",
      "geometry": {
        "type": "Point",
        "coordinates": [
          -75.62758,
          -13.21198
        ]
      },
      "properties": {
        "codigo": "113082",
        "codigo_ant": "156114",
        "nombre": "SAN JUAN DE CASTROVIRREYNA",
        "departamento": "",
        "provincia": "",
        "altitud": "",
        "pais": "Perú",
        "estado": "DIFERIDO",
        "tipo_est": "M",
        "categoria": "CO",
        "fuente": "SENAMHI Perú oficial"
      }
    },
    {
      "type": "Feature",
      "geometry": {
        "type": "Point",
        "coordinates": [
          -75.07145,
          -13.1588
        ]
      },
      "properties": {
        "codigo": "113091",
        "codigo_ant": "156130",
        "nombre": "CHOCLOCOCHA",
        "departamento": "",
        "provincia": "",
        "altitud": "",
        "pais": "Perú",
        "estado": "DIFERIDO",
        "tipo_est": "M",
        "categoria": "CO",
        "fuente": "SENAMHI Perú oficial"
      }
    },
    {
      "type": "Feature",
      "geometry": {
        "type": "Point",
        "coordinates": [
          -74.53592,
          -12.55573
        ]
      },
      "properties": {
        "codigo": "112066",
        "codigo_ant": "000658",
        "nombre": "PAUCARBAMBA",
        "departamento": "",
        "provincia": "",
        "altitud": "",
        "pais": "Perú",
        "estado": "DIFERIDO",
        "tipo_est": "M",
        "categoria": "CO",
        "fuente": "SENAMHI Perú oficial"
      }
    },
    {
      "type": "Feature",
      "geometry": {
        "type": "Point",
        "coordinates": [
          -75.18698,
          -14.04061
        ]
      },
      "properties": {
        "codigo": "114065",
        "codigo_ant": "157101",
        "nombre": "CORDOVA",
        "departamento": "",
        "provincia": "",
        "altitud": "",
        "pais": "Perú",
        "estado": "DIFERIDO",
        "tipo_est": "M",
        "categoria": "PLU",
        "fuente": "SENAMHI Perú oficial"
      }
    },
    {
      "type": "Feature",
      "geometry": {
        "type": "Point",
        "coordinates": [
          -75.08596,
          -13.25932
        ]
      },
      "properties": {
        "codigo": "113016",
        "codigo_ant": "000647",
        "nombre": "TUNEL CERO",
        "departamento": "",
        "provincia": "",
        "altitud": "",
        "pais": "Perú",
        "estado": "DIFERIDO",
        "tipo_est": "M",
        "categoria": "CO",
        "fuente": "SENAMHI Perú oficial"
      }
    },
    {
      "type": "Feature",
      "geometry": {
        "type": "Point",
        "coordinates": [
          -75.29625,
          -13.50399
        ]
      },
      "properties": {
        "codigo": "113086",
        "codigo_ant": "156121",
        "nombre": "CUSICANCHA",
        "departamento": "",
        "provincia": "",
        "altitud": "",
        "pais": "Perú",
        "estado": "DIFERIDO",
        "tipo_est": "M",
        "categoria": "CO",
        "fuente": "SENAMHI Perú oficial"
      }
    },
    {
      "type": "Feature",
      "geometry": {
        "type": "Point",
        "coordinates": [
          -75.40029,
          -13.7896
        ]
      },
      "properties": {
        "codigo": "100025",
        "codigo_ant": "000009",
        "nombre": "CHALLACA PLU",
        "departamento": "",
        "provincia": "",
        "altitud": "",
        "pais": "Perú",
        "estado": "DIFERIDO",
        "tipo_est": "M",
        "categoria": "PLU",
        "fuente": "SENAMHI Perú oficial"
      }
    },
    {
      "type": "Feature",
      "geometry": {
        "type": "Point",
        "coordinates": [
          -75.38212,
          -13.79047
        ]
      },
      "properties": {
        "codigo": "113128",
        "codigo_ant": "006640",
        "nombre": "CHALLACA",
        "departamento": "",
        "provincia": "",
        "altitud": "",
        "pais": "Perú",
        "estado": "DIFERIDO",
        "tipo_est": "M",
        "categoria": "CO",
        "fuente": "SENAMHI Perú oficial"
      }
    },
    {
      "type": "Feature",
      "geometry": {
        "type": "Point",
        "coordinates": [
          -75.25083,
          -13.83308
        ]
      },
      "properties": {
        "codigo": "113088",
        "codigo_ant": "156123",
        "nombre": "SANTIAGO DE CHOCORVOS",
        "departamento": "",
        "provincia": "",
        "altitud": "",
        "pais": "Perú",
        "estado": "DIFERIDO",
        "tipo_est": "M",
        "categoria": "CO",
        "fuente": "SENAMHI Perú oficial"
      }
    },
    {
      "type": "Feature",
      "geometry": {
        "type": "Point",
        "coordinates": [
          -75.27418,
          -13.69163
        ]
      },
      "properties": {
        "codigo": "113087",
        "codigo_ant": "156122",
        "nombre": "TAMBO",
        "departamento": "",
        "provincia": "",
        "altitud": "",
        "pais": "Perú",
        "estado": "DIFERIDO",
        "tipo_est": "M",
        "categoria": "CO",
        "fuente": "SENAMHI Perú oficial"
      }
    },
    {
      "type": "Feature",
      "geometry": {
        "type": "Point",
        "coordinates": [
          -75.9425,
          -9.515
        ]
      },
      "properties": {
        "codigo": "230003",
        "codigo_ant": "230003",
        "nombre": "CHINCHAVITO",
        "departamento": "",
        "provincia": "",
        "altitud": "",
        "pais": "Perú",
        "estado": "DIFERIDO",
        "tipo_est": "H",
        "categoria": "HLM",
        "fuente": "SENAMHI Perú oficial"
      }
    },
    {
      "type": "Feature",
      "geometry": {
        "type": "Point",
        "coordinates": [
          -76.15236,
          -9.85038
        ]
      },
      "properties": {
        "codigo": "230002",
        "codigo_ant": "230002",
        "nombre": "TARUCA",
        "departamento": "",
        "provincia": "",
        "altitud": "",
        "pais": "Perú",
        "estado": "DIFERIDO",
        "tipo_est": "H",
        "categoria": "HLM",
        "fuente": "SENAMHI Perú oficial"
      }
    },
    {
      "type": "Feature",
      "geometry": {
        "type": "Point",
        "coordinates": [
          -76.20511,
          -10.1265
        ]
      },
      "properties": {
        "codigo": "230717",
        "codigo_ant": "230717",
        "nombre": "HUERTAS",
        "departamento": "",
        "provincia": "",
        "altitud": "",
        "pais": "Perú",
        "estado": "DIFERIDO",
        "tipo_est": "H",
        "categoria": "HLM",
        "fuente": "SENAMHI Perú oficial"
      }
    },
    {
      "type": "Feature",
      "geometry": {
        "type": "Point",
        "coordinates": [
          -76.76042,
          -9.5433
        ]
      },
      "properties": {
        "codigo": "109085",
        "codigo_ant": "109085",
        "nombre": "JACAS GRANDE",
        "departamento": "",
        "provincia": "",
        "altitud": "",
        "pais": "Perú",
        "estado": "DIFERIDO",
        "tipo_est": "M",
        "categoria": "CO",
        "fuente": "SENAMHI Perú oficial"
      }
    },
    {
      "type": "Feature",
      "geometry": {
        "type": "Point",
        "coordinates": [
          -76.02935,
          -9.32411
        ]
      },
      "properties": {
        "codigo": "230004",
        "codigo_ant": "230004",
        "nombre": "PUENTE BELLA",
        "departamento": "",
        "provincia": "",
        "altitud": "",
        "pais": "Perú",
        "estado": "DIFERIDO",
        "tipo_est": "H",
        "categoria": "HLM",
        "fuente": "SENAMHI Perú oficial"
      }
    },
    {
      "type": "Feature",
      "geometry": {
        "type": "Point",
        "coordinates": [
          -75.9825,
          -9.34694
        ]
      },
      "properties": {
        "codigo": "230001",
        "codigo_ant": "230001",
        "nombre": "PUENTE PEREZ",
        "departamento": "",
        "provincia": "",
        "altitud": "",
        "pais": "Perú",
        "estado": "DIFERIDO",
        "tipo_est": "H",
        "categoria": "HLM",
        "fuente": "SENAMHI Perú oficial"
      }
    },
    {
      "type": "Feature",
      "geometry": {
        "type": "Point",
        "coordinates": [
          -75.58928,
          -13.84358
        ]
      },
      "properties": {
        "codigo": "213504",
        "codigo_ant": "213504",
        "nombre": "HUAMANI EL TAMBO",
        "departamento": "",
        "provincia": "",
        "altitud": "",
        "pais": "Perú",
        "estado": "DIFERIDO",
        "tipo_est": "H",
        "categoria": "HLM",
        "fuente": "SENAMHI Perú oficial"
      }
    },
    {
      "type": "Feature",
      "geometry": {
        "type": "Point",
        "coordinates": [
          -75.6786,
          -13.9248
        ]
      },
      "properties": {
        "codigo": "113244",
        "codigo_ant": "113244",
        "nombre": "LOS MOLINOS",
        "departamento": "",
        "provincia": "",
        "altitud": "",
        "pais": "Perú",
        "estado": "DIFERIDO",
        "tipo_est": "M",
        "categoria": "PLU",
        "fuente": "SENAMHI Perú oficial"
      }
    },
    {
      "type": "Feature",
      "geometry": {
        "type": "Point",
        "coordinates": [
          -75.97514,
          -13.43942
        ]
      },
      "properties": {
        "codigo": "203501",
        "codigo_ant": "203501",
        "nombre": "CONTA",
        "departamento": "",
        "provincia": "",
        "altitud": "",
        "pais": "Perú",
        "estado": "DIFERIDO",
        "tipo_est": "H",
        "categoria": "HLG",
        "fuente": "SENAMHI Perú oficial"
      }
    },
    {
      "type": "Feature",
      "geometry": {
        "type": "Point",
        "coordinates": [
          -74.9559,
          -14.632
        ]
      },
      "properties": {
        "codigo": "114106",
        "codigo_ant": "156225",
        "nombre": "HUALLPOCA",
        "departamento": "",
        "provincia": "",
        "altitud": "",
        "pais": "Perú",
        "estado": "DIFERIDO",
        "tipo_est": "M",
        "categoria": "PLU",
        "fuente": "SENAMHI Perú oficial"
      }
    },
    {
      "type": "Feature",
      "geometry": {
        "type": "Point",
        "coordinates": [
          -71.80654,
          -15.60999
        ]
      },
      "properties": {
        "codigo": "115092",
        "codigo_ant": "157317",
        "nombre": "MADRIGAL",
        "departamento": "",
        "provincia": "",
        "altitud": "",
        "pais": "Perú",
        "estado": "DIFERIDO",
        "tipo_est": "M",
        "categoria": "CO",
        "fuente": "SENAMHI Perú oficial"
      }
    },
    {
      "type": "Feature",
      "geometry": {
        "type": "Point",
        "coordinates": [
          -71.1146,
          -15.8412
        ]
      },
      "properties": {
        "codigo": "204702",
        "codigo_ant": "204702",
        "nombre": "SUMBAY",
        "departamento": "",
        "provincia": "",
        "altitud": "",
        "pais": "Perú",
        "estado": "DIFERIDO",
        "tipo_est": "H",
        "categoria": "HLG",
        "fuente": "SENAMHI Perú oficial"
      }
    },
    {
      "type": "Feature",
      "geometry": {
        "type": "Point",
        "coordinates": [
          -71.2167,
          -15.98124
        ]
      },
      "properties": {
        "codigo": "115126",
        "codigo_ant": "158208",
        "nombre": "PILLONES",
        "departamento": "",
        "provincia": "",
        "altitud": "",
        "pais": "Perú",
        "estado": "DIFERIDO",
        "tipo_est": "M",
        "categoria": "CO",
        "fuente": "SENAMHI Perú oficial"
      }
    },
    {
      "type": "Feature",
      "geometry": {
        "type": "Point",
        "coordinates": [
          -71.4637,
          -15.4942
        ]
      },
      "properties": {
        "codigo": "204604",
        "codigo_ant": "204604",
        "nombre": "PUENTE COLGANTE-SIBAYO",
        "departamento": "",
        "provincia": "",
        "altitud": "",
        "pais": "Perú",
        "estado": "DIFERIDO",
        "tipo_est": "H",
        "categoria": "HLG",
        "fuente": "SENAMHI Perú oficial"
      }
    },
    {
      "type": "Feature",
      "geometry": {
        "type": "Point",
        "coordinates": [
          -71.3064,
          -15.3142
        ]
      },
      "properties": {
        "codigo": "115101",
        "codigo_ant": "157329",
        "nombre": "PORPERA",
        "departamento": "",
        "provincia": "",
        "altitud": "",
        "pais": "Perú",
        "estado": "DIFERIDO",
        "tipo_est": "M",
        "categoria": "CO",
        "fuente": "SENAMHI Perú oficial"
      }
    },
    {
      "type": "Feature",
      "geometry": {
        "type": "Point",
        "coordinates": [
          -71.44702,
          -15.34577
        ]
      },
      "properties": {
        "codigo": "115098",
        "codigo_ant": "157325",
        "nombre": "TISCO",
        "departamento": "",
        "provincia": "",
        "altitud": "",
        "pais": "Perú",
        "estado": "DIFERIDO",
        "tipo_est": "M",
        "categoria": "CO",
        "fuente": "SENAMHI Perú oficial"
      }
    },
    {
      "type": "Feature",
      "geometry": {
        "type": "Point",
        "coordinates": [
          -72.91831,
          -15.54811
        ]
      },
      "properties": {
        "codigo": "115078",
        "codigo_ant": "157300",
        "nombre": "CHICHAS",
        "departamento": "",
        "provincia": "",
        "altitud": "",
        "pais": "Perú",
        "estado": "DIFERIDO",
        "tipo_est": "M",
        "categoria": "CO",
        "fuente": "SENAMHI Perú oficial"
      }
    },
    {
      "type": "Feature",
      "geometry": {
        "type": "Point",
        "coordinates": [
          -72.8318,
          -15.5033
        ]
      },
      "properties": {
        "codigo": "204501",
        "codigo_ant": "204501",
        "nombre": "SALAMANCA",
        "departamento": "",
        "provincia": "",
        "altitud": "",
        "pais": "Perú",
        "estado": "DIFERIDO",
        "tipo_est": "H",
        "categoria": "HLM",
        "fuente": "SENAMHI Perú oficial"
      }
    },
    {
      "type": "Feature",
      "geometry": {
        "type": "Point",
        "coordinates": [
          -72.87584,
          -15.77649
        ]
      },
      "properties": {
        "codigo": "115128",
        "codigo_ant": "000864",
        "nombre": "YANAQUIHUA",
        "departamento": "",
        "provincia": "",
        "altitud": "",
        "pais": "Perú",
        "estado": "DIFERIDO",
        "tipo_est": "M",
        "categoria": "CO",
        "fuente": "SENAMHI Perú oficial"
      }
    },
    {
      "type": "Feature",
      "geometry": {
        "type": "Point",
        "coordinates": [
          -71.6008,
          -16.9986
        ]
      },
      "properties": {
        "codigo": "117006",
        "codigo_ant": "000838",
        "nombre": "LA HACIENDITA",
        "departamento": "",
        "provincia": "",
        "altitud": "",
        "pais": "Perú",
        "estado": "DIFERIDO",
        "tipo_est": "M",
        "categoria": "CO",
        "fuente": "SENAMHI Perú oficial"
      }
    },
    {
      "type": "Feature",
      "geometry": {
        "type": "Point",
        "coordinates": [
          -72.9359,
          -15.2182
        ]
      },
      "properties": {
        "codigo": "204506",
        "codigo_ant": "204508",
        "nombre": "CUYAU",
        "departamento": "",
        "provincia": "",
        "altitud": "",
        "pais": "Perú",
        "estado": "DIFERIDO",
        "tipo_est": "H",
        "categoria": "HLM",
        "fuente": "SENAMHI Perú oficial"
      }
    },
    {
      "type": "Feature",
      "geometry": {
        "type": "Point",
        "coordinates": [
          -72.7439,
          -15.1459
        ]
      },
      "properties": {
        "codigo": "115084",
        "codigo_ant": "157309",
        "nombre": "PULLHUAY (AYAHUASI)",
        "departamento": "",
        "provincia": "",
        "altitud": "",
        "pais": "Perú",
        "estado": "DIFERIDO",
        "tipo_est": "M",
        "categoria": "CO",
        "fuente": "SENAMHI Perú oficial"
      }
    },
    {
      "type": "Feature",
      "geometry": {
        "type": "Point",
        "coordinates": [
          -72.69262,
          -15.06055
        ]
      },
      "properties": {
        "codigo": "115082",
        "codigo_ant": "157307",
        "nombre": "PUYCA",
        "departamento": "",
        "provincia": "",
        "altitud": "",
        "pais": "Perú",
        "estado": "DIFERIDO",
        "tipo_est": "M",
        "categoria": "CO",
        "fuente": "SENAMHI Perú oficial"
      }
    },
    {
      "type": "Feature",
      "geometry": {
        "type": "Point",
        "coordinates": [
          -74.33361,
          -13.91694
        ]
      },
      "properties": {
        "codigo": "100055",
        "codigo_ant": "156218",
        "nombre": "HUANCASANCOS",
        "departamento": "",
        "provincia": "",
        "altitud": "",
        "pais": "Perú",
        "estado": "DIFERIDO",
        "tipo_est": "M",
        "categoria": "CO",
        "fuente": "SENAMHI Perú oficial"
      }
    },
    {
      "type": "Feature",
      "geometry": {
        "type": "Point",
        "coordinates": [
          -74.2832,
          -12.9113
        ]
      },
      "properties": {
        "codigo": "112068",
        "codigo_ant": "000660",
        "nombre": "HUANTA",
        "departamento": "",
        "provincia": "",
        "altitud": "",
        "pais": "Perú",
        "estado": "DIFERIDO",
        "tipo_est": "M",
        "categoria": "CO",
        "fuente": "SENAMHI Perú oficial"
      }
    },
    {
      "type": "Feature",
      "geometry": {
        "type": "Point",
        "coordinates": [
          -73.95,
          -14.26667
        ]
      },
      "properties": {
        "codigo": "230705",
        "codigo_ant": "230705",
        "nombre": "HUASAPAMPA",
        "departamento": "",
        "provincia": "",
        "altitud": "",
        "pais": "Perú",
        "estado": "DIFERIDO",
        "tipo_est": "H",
        "categoria": "HLG",
        "fuente": "SENAMHI Perú oficial"
      }
    },
    {
      "type": "Feature",
      "geometry": {
        "type": "Point",
        "coordinates": [
          -74.9255,
          -14.2466
        ]
      },
      "properties": {
        "codigo": "114067",
        "codigo_ant": "157200",
        "nombre": "LLAUTA",
        "departamento": "",
        "provincia": "",
        "altitud": "",
        "pais": "Perú",
        "estado": "DIFERIDO",
        "tipo_est": "M",
        "categoria": "PLU",
        "fuente": "SENAMHI Perú oficial"
      }
    },
    {
      "type": "Feature",
      "geometry": {
        "type": "Point",
        "coordinates": [
          -74.2328,
          -14.6204
        ]
      },
      "properties": {
        "codigo": "114072",
        "codigo_ant": "157206",
        "nombre": "LUCANAS",
        "departamento": "",
        "provincia": "",
        "altitud": "",
        "pais": "Perú",
        "estado": "DIFERIDO",
        "tipo_est": "M",
        "categoria": "PLU",
        "fuente": "SENAMHI Perú oficial"
      }
    },
    {
      "type": "Feature",
      "geometry": {
        "type": "Point",
        "coordinates": [
          -73.34786,
          -15.18468
        ]
      },
      "properties": {
        "codigo": "115076",
        "codigo_ant": "157223",
        "nombre": "LAMPA",
        "departamento": "",
        "provincia": "",
        "altitud": "",
        "pais": "Perú",
        "estado": "DIFERIDO",
        "tipo_est": "M",
        "categoria": "PLU",
        "fuente": "SENAMHI Perú oficial"
      }
    },
    {
      "type": "Feature",
      "geometry": {
        "type": "Point",
        "coordinates": [
          -73.7268,
          -13.883
        ]
      },
      "properties": {
        "codigo": "113101",
        "codigo_ant": "156212",
        "nombre": "CHILCAYOC",
        "departamento": "",
        "provincia": "",
        "altitud": "",
        "pais": "Perú",
        "estado": "DIFERIDO",
        "tipo_est": "M",
        "categoria": "CO",
        "fuente": "SENAMHI Perú oficial"
      }
    },
    {
      "type": "Feature",
      "geometry": {
        "type": "Point",
        "coordinates": [
          -78.51012,
          -7.19345
        ]
      },
      "properties": {
        "codigo": "107033",
        "codigo_ant": "000316",
        "nombre": "AYLAMBO",
        "departamento": "",
        "provincia": "",
        "altitud": "",
        "pais": "Perú",
        "estado": "DIFERIDO",
        "tipo_est": "M",
        "categoria": "PE",
        "fuente": "SENAMHI Perú oficial"
      }
    },
    {
      "type": "Feature",
      "geometry": {
        "type": "Point",
        "coordinates": [
          -78.45947,
          -7.19119
        ]
      },
      "properties": {
        "codigo": "107035",
        "codigo_ant": "000318",
        "nombre": "LA VICTORIA",
        "departamento": "",
        "provincia": "",
        "altitud": "",
        "pais": "Perú",
        "estado": "DIFERIDO",
        "tipo_est": "M",
        "categoria": "PE",
        "fuente": "SENAMHI Perú oficial"
      }
    },
    {
      "type": "Feature",
      "geometry": {
        "type": "Point",
        "coordinates": [
          -78.7389,
          -6.5622
        ]
      },
      "properties": {
        "codigo": "106084",
        "codigo_ant": "153235",
        "nombre": "CHOTANO LAJAS",
        "departamento": "",
        "provincia": "",
        "altitud": "",
        "pais": "Perú",
        "estado": "DIFERIDO",
        "tipo_est": "M",
        "categoria": "PLU",
        "fuente": "SENAMHI Perú oficial"
      }
    },
    {
      "type": "Feature",
      "geometry": {
        "type": "Point",
        "coordinates": [
          -78.73377,
          -7.38332
        ]
      },
      "properties": {
        "codigo": "201301",
        "codigo_ant": "201301",
        "nombre": "CASCABAMBA",
        "departamento": "",
        "provincia": "",
        "altitud": "",
        "pais": "Perú",
        "estado": "DIFERIDO",
        "tipo_est": "H",
        "categoria": "HLM",
        "fuente": "SENAMHI Perú oficial"
      }
    },
    {
      "type": "Feature",
      "geometry": {
        "type": "Point",
        "coordinates": [
          -77.40025,
          -10.40457
        ]
      },
      "properties": {
        "codigo": "110051",
        "codigo_ant": "155105",
        "nombre": "OCROS",
        "departamento": "",
        "provincia": "",
        "altitud": "",
        "pais": "Perú",
        "estado": "DIFERIDO",
        "tipo_est": "M",
        "categoria": "PLU",
        "fuente": "SENAMHI Perú oficial"
      }
    },
    {
      "type": "Feature",
      "geometry": {
        "type": "Point",
        "coordinates": [
          -77.34389,
          -10.606
        ]
      },
      "properties": {
        "codigo": "202404",
        "codigo_ant": "202404",
        "nombre": "CAHUA",
        "departamento": "",
        "provincia": "",
        "altitud": "",
        "pais": "Perú",
        "estado": "DIFERIDO",
        "tipo_est": "H",
        "categoria": "HLG",
        "fuente": "SENAMHI Perú oficial"
      }
    },
    {
      "type": "Feature",
      "geometry": {
        "type": "Point",
        "coordinates": [
          -77.40607,
          -9.85242
        ]
      },
      "properties": {
        "codigo": "109095",
        "codigo_ant": "109095",
        "nombre": "NUEVO PACHACOTO",
        "departamento": "",
        "provincia": "",
        "altitud": "",
        "pais": "Perú",
        "estado": "DIFERIDO",
        "tipo_est": "M",
        "categoria": "PLU",
        "fuente": "SENAMHI Perú oficial"
      }
    },
    {
      "type": "Feature",
      "geometry": {
        "type": "Point",
        "coordinates": [
          -78.28806,
          -5.16144
        ]
      },
      "properties": {
        "codigo": "105104",
        "codigo_ant": "000229",
        "nombre": "CHIRIACO",
        "departamento": "",
        "provincia": "",
        "altitud": "",
        "pais": "Perú",
        "estado": "DIFERIDO",
        "tipo_est": "M",
        "categoria": "CO",
        "fuente": "SENAMHI Perú oficial"
      }
    },
    {
      "type": "Feature",
      "geometry": {
        "type": "Point",
        "coordinates": [
          -78.52286,
          -5.7562
        ]
      },
      "properties": {
        "codigo": "105040",
        "codigo_ant": "152204",
        "nombre": "EL PINTOR",
        "departamento": "",
        "provincia": "",
        "altitud": "",
        "pais": "Perú",
        "estado": "DIFERIDO",
        "tipo_est": "M",
        "categoria": "PLU",
        "fuente": "SENAMHI Perú oficial"
      }
    },
    {
      "type": "Feature",
      "geometry": {
        "type": "Point",
        "coordinates": [
          -78.1891,
          -5.8904
        ]
      },
      "properties": {
        "codigo": "105046",
        "codigo_ant": "152210",
        "nombre": "MAGUNCHAL",
        "departamento": "",
        "provincia": "",
        "altitud": "",
        "pais": "Perú",
        "estado": "DIFERIDO",
        "tipo_est": "M",
        "categoria": "PLU",
        "fuente": "SENAMHI Perú oficial"
      }
    },
    {
      "type": "Feature",
      "geometry": {
        "type": "Point",
        "coordinates": [
          -78.1886,
          -5.8898
        ]
      },
      "properties": {
        "codigo": "221506",
        "codigo_ant": "221506",
        "nombre": "MAGUNCHAL",
        "departamento": "",
        "provincia": "",
        "altitud": "",
        "pais": "Perú",
        "estado": "DIFERIDO",
        "tipo_est": "H",
        "categoria": "HLG",
        "fuente": "SENAMHI Perú oficial"
      }
    },
    {
      "type": "Feature",
      "geometry": {
        "type": "Point",
        "coordinates": [
          -78.47097,
          -6.00039
        ]
      },
      "properties": {
        "codigo": "106121",
        "codigo_ant": "003332",
        "nombre": "EL PALTO",
        "departamento": "",
        "provincia": "",
        "altitud": "",
        "pais": "Perú",
        "estado": "DIFERIDO",
        "tipo_est": "M",
        "categoria": "CO",
        "fuente": "SENAMHI Perú oficial"
      }
    },
    {
      "type": "Feature",
      "geometry": {
        "type": "Point",
        "coordinates": [
          -77.50963,
          -9.60776
        ]
      },
      "properties": {
        "codigo": "211404",
        "codigo_ant": "201720",
        "nombre": "SAN PEDRO",
        "departamento": "",
        "provincia": "",
        "altitud": "",
        "pais": "Perú",
        "estado": "DIFERIDO",
        "tipo_est": "H",
        "categoria": "HLM",
        "fuente": "SENAMHI Perú oficial"
      }
    },
    {
      "type": "Feature",
      "geometry": {
        "type": "Point",
        "coordinates": [
          -77.77536,
          -9.53519
        ]
      },
      "properties": {
        "codigo": "109045",
        "codigo_ant": "154107",
        "nombre": "CHACCHAN",
        "departamento": "",
        "provincia": "",
        "altitud": "",
        "pais": "Perú",
        "estado": "DIFERIDO",
        "tipo_est": "M",
        "categoria": "PLU",
        "fuente": "SENAMHI Perú oficial"
      }
    },
    {
      "type": "Feature",
      "geometry": {
        "type": "Point",
        "coordinates": [
          -77.70719,
          -9.58528
        ]
      },
      "properties": {
        "codigo": "109048",
        "codigo_ant": "154110",
        "nombre": "PIRA",
        "departamento": "",
        "provincia": "",
        "altitud": "",
        "pais": "Perú",
        "estado": "DIFERIDO",
        "tipo_est": "M",
        "categoria": "PLU",
        "fuente": "SENAMHI Perú oficial"
      }
    },
    {
      "type": "Feature",
      "geometry": {
        "type": "Point",
        "coordinates": [
          -77.34889,
          -10.15775
        ]
      },
      "properties": {
        "codigo": "110040",
        "codigo_ant": "150903",
        "nombre": "MAYORARCA",
        "departamento": "",
        "provincia": "",
        "altitud": "",
        "pais": "Perú",
        "estado": "DIFERIDO",
        "tipo_est": "M",
        "categoria": "PLU",
        "fuente": "SENAMHI Perú oficial"
      }
    },
    {
      "type": "Feature",
      "geometry": {
        "type": "Point",
        "coordinates": [
          -78.20825,
          -9.43371
        ]
      },
      "properties": {
        "codigo": "109014",
        "codigo_ant": "000435",
        "nombre": "BUENA VISTA",
        "departamento": "",
        "provincia": "",
        "altitud": "",
        "pais": "Perú",
        "estado": "DIFERIDO",
        "tipo_est": "M",
        "categoria": "CO",
        "fuente": "SENAMHI Perú oficial"
      }
    },
    {
      "type": "Feature",
      "geometry": {
        "type": "Point",
        "coordinates": [
          -72.57594,
          -13.56334
        ]
      },
      "properties": {
        "codigo": "113136",
        "codigo_ant": "156224",
        "nombre": "CUNYAC",
        "departamento": "",
        "provincia": "",
        "altitud": "",
        "pais": "Perú",
        "estado": "DIFERIDO",
        "tipo_est": "M",
        "categoria": "PLU",
        "fuente": "SENAMHI Perú oficial"
      }
    },
    {
      "type": "Feature",
      "geometry": {
        "type": "Point",
        "coordinates": [
          -71.4949,
          -16.3109
        ]
      },
      "properties": {
        "codigo": "204710",
        "codigo_ant": "204711",
        "nombre": "CHARCANI",
        "departamento": "",
        "provincia": "",
        "altitud": "",
        "pais": "Perú",
        "estado": "DIFERIDO",
        "tipo_est": "H",
        "categoria": "HLM",
        "fuente": "SENAMHI Perú oficial"
      }
    },
    {
      "type": "Feature",
      "geometry": {
        "type": "Point",
        "coordinates": [
          -71.1521,
          -16.3206
        ]
      },
      "properties": {
        "codigo": "116046",
        "codigo_ant": "158209",
        "nombre": "LAS SALINAS",
        "departamento": "",
        "provincia": "",
        "altitud": "",
        "pais": "Perú",
        "estado": "DIFERIDO",
        "tipo_est": "M",
        "categoria": "CO",
        "fuente": "SENAMHI Perú oficial"
      }
    },
    {
      "type": "Feature",
      "geometry": {
        "type": "Point",
        "coordinates": [
          -71.1891,
          -16.15482
        ]
      },
      "properties": {
        "codigo": "116022",
        "codigo_ant": "000849",
        "nombre": "EL FRAYLE",
        "departamento": "",
        "provincia": "",
        "altitud": "",
        "pais": "Perú",
        "estado": "DIFERIDO",
        "tipo_est": "M",
        "categoria": "CO",
        "fuente": "SENAMHI Perú oficial"
      }
    },
    {
      "type": "Feature",
      "geometry": {
        "type": "Point",
        "coordinates": [
          -71.41481,
          -16.05542
        ]
      },
      "properties": {
        "codigo": "116073",
        "codigo_ant": "116073",
        "nombre": "PATAHUASI-AREQUIPA",
        "departamento": "",
        "provincia": "",
        "altitud": "",
        "pais": "Perú",
        "estado": "DIFERIDO",
        "tipo_est": "M",
        "categoria": "CO",
        "fuente": "SENAMHI Perú oficial"
      }
    },
    {
      "type": "Feature",
      "geometry": {
        "type": "Point",
        "coordinates": [
          -71.5914,
          -16.0665
        ]
      },
      "properties": {
        "codigo": "116043",
        "codigo_ant": "158204",
        "nombre": "PAMPA DE ARRIEROS",
        "departamento": "",
        "provincia": "",
        "altitud": "",
        "pais": "Perú",
        "estado": "DIFERIDO",
        "tipo_est": "M",
        "categoria": "CO",
        "fuente": "SENAMHI Perú oficial"
      }
    },
    {
      "type": "Feature",
      "geometry": {
        "type": "Point",
        "coordinates": [
          -72.2704,
          -15.6833
        ]
      },
      "properties": {
        "codigo": "115088",
        "codigo_ant": "157313",
        "nombre": "AYO",
        "departamento": "",
        "provincia": "",
        "altitud": "",
        "pais": "Perú",
        "estado": "DIFERIDO",
        "tipo_est": "M",
        "categoria": "CO",
        "fuente": "SENAMHI Perú oficial"
      }
    },
    {
      "type": "Feature",
      "geometry": {
        "type": "Point",
        "coordinates": [
          -72.2686,
          -15.5025
        ]
      },
      "properties": {
        "codigo": "115087",
        "codigo_ant": "157312",
        "nombre": "CHACHAS",
        "departamento": "",
        "provincia": "",
        "altitud": "",
        "pais": "Perú",
        "estado": "DIFERIDO",
        "tipo_est": "M",
        "categoria": "CO",
        "fuente": "SENAMHI Perú oficial"
      }
    },
    {
      "type": "Feature",
      "geometry": {
        "type": "Point",
        "coordinates": [
          -77.04027,
          -10.62136
        ]
      },
      "properties": {
        "codigo": "110041",
        "codigo_ant": "151208",
        "nombre": "GORGOR",
        "departamento": "",
        "provincia": "",
        "altitud": "",
        "pais": "Perú",
        "estado": "DIFERIDO",
        "tipo_est": "M",
        "categoria": "PLU",
        "fuente": "SENAMHI Perú oficial"
      }
    },
    {
      "type": "Feature",
      "geometry": {
        "type": "Point",
        "coordinates": [
          -76.67034,
          -11.62091
        ]
      },
      "properties": {
        "codigo": "111057",
        "codigo_ant": "151204",
        "nombre": "ARAHUAY",
        "departamento": "",
        "provincia": "",
        "altitud": "",
        "pais": "Perú",
        "estado": "DIFERIDO",
        "tipo_est": "M",
        "categoria": "PLU",
        "fuente": "SENAMHI Perú oficial"
      }
    },
    {
      "type": "Feature",
      "geometry": {
        "type": "Point",
        "coordinates": [
          -76.74675,
          -11.50247
        ]
      },
      "properties": {
        "codigo": "111085",
        "codigo_ant": "155209",
        "nombre": "HUAMANTANGA",
        "departamento": "",
        "provincia": "",
        "altitud": "",
        "pais": "Perú",
        "estado": "DIFERIDO",
        "tipo_est": "M",
        "categoria": "PLU",
        "fuente": "SENAMHI Perú oficial"
      }
    },
    {
      "type": "Feature",
      "geometry": {
        "type": "Point",
        "coordinates": [
          -76.5758,
          -11.40743
        ]
      },
      "properties": {
        "codigo": "111089",
        "codigo_ant": "155218",
        "nombre": "HUAROS",
        "departamento": "",
        "provincia": "",
        "altitud": "",
        "pais": "Perú",
        "estado": "DIFERIDO",
        "tipo_est": "M",
        "categoria": "PLU",
        "fuente": "SENAMHI Perú oficial"
      }
    },
    {
      "type": "Feature",
      "geometry": {
        "type": "Point",
        "coordinates": [
          -76.50244,
          -11.39315
        ]
      },
      "properties": {
        "codigo": "202801",
        "codigo_ant": "202801",
        "nombre": "PARIACANCHA",
        "departamento": "",
        "provincia": "",
        "altitud": "",
        "pais": "Perú",
        "estado": "DIFERIDO",
        "tipo_est": "H",
        "categoria": "HLM",
        "fuente": "SENAMHI Perú oficial"
      }
    },
    {
      "type": "Feature",
      "geometry": {
        "type": "Point",
        "coordinates": [
          -76.50294,
          -11.39315
        ]
      },
      "properties": {
        "codigo": "111067",
        "codigo_ant": "155112",
        "nombre": "PARIACANCHA",
        "departamento": "",
        "provincia": "",
        "altitud": "",
        "pais": "Perú",
        "estado": "DIFERIDO",
        "tipo_est": "M",
        "categoria": "PLU",
        "fuente": "SENAMHI Perú oficial"
      }
    },
    {
      "type": "Feature",
      "geometry": {
        "type": "Point",
        "coordinates": [
          -76.62706,
          -11.554
        ]
      },
      "properties": {
        "codigo": "111088",
        "codigo_ant": "155217",
        "nombre": "LACHAQUI",
        "departamento": "",
        "provincia": "",
        "altitud": "",
        "pais": "Perú",
        "estado": "DIFERIDO",
        "tipo_est": "M",
        "categoria": "PLU",
        "fuente": "SENAMHI Perú oficial"
      }
    },
    {
      "type": "Feature",
      "geometry": {
        "type": "Point",
        "coordinates": [
          -76.62206,
          -11.45264
        ]
      },
      "properties": {
        "codigo": "111159",
        "codigo_ant": "156133",
        "nombre": "OBRAJILLO",
        "departamento": "",
        "provincia": "",
        "altitud": "",
        "pais": "Perú",
        "estado": "DIFERIDO",
        "tipo_est": "M",
        "categoria": "PLU",
        "fuente": "SENAMHI Perú oficial"
      }
    },
    {
      "type": "Feature",
      "geometry": {
        "type": "Point",
        "coordinates": [
          -76.65513,
          -11.2328
        ]
      },
      "properties": {
        "codigo": "111087",
        "codigo_ant": "155214",
        "nombre": "PIRCA",
        "departamento": "",
        "provincia": "",
        "altitud": "",
        "pais": "Perú",
        "estado": "DIFERIDO",
        "tipo_est": "M",
        "categoria": "PLU",
        "fuente": "SENAMHI Perú oficial"
      }
    },
    {
      "type": "Feature",
      "geometry": {
        "type": "Point",
        "coordinates": [
          -73.25308,
          -3.76668
        ]
      },
      "properties": {
        "codigo": "240503",
        "codigo_ant": "240503",
        "nombre": "AMAZONAS",
        "departamento": "",
        "provincia": "",
        "altitud": "",
        "pais": "Perú",
        "estado": "DIFERIDO",
        "tipo_est": "H",
        "categoria": "HLM",
        "fuente": "SENAMHI Perú oficial"
      }
    },
    {
      "type": "Feature",
      "geometry": {
        "type": "Point",
        "coordinates": [
          -73.48251,
          -4.22513
        ]
      },
      "properties": {
        "codigo": "240502",
        "codigo_ant": "240502",
        "nombre": "PUENTE ITAYA",
        "departamento": "",
        "provincia": "",
        "altitud": "",
        "pais": "Perú",
        "estado": "DIFERIDO",
        "tipo_est": "H",
        "categoria": "HLM",
        "fuente": "SENAMHI Perú oficial"
      }
    },
    {
      "type": "Feature",
      "geometry": {
        "type": "Point",
        "coordinates": [
          -73.37741,
          -3.82743
        ]
      },
      "properties": {
        "codigo": "240302",
        "codigo_ant": "240302",
        "nombre": "PUERTO ALMENDRA",
        "departamento": "",
        "provincia": "",
        "altitud": "",
        "pais": "Perú",
        "estado": "DIFERIDO",
        "tipo_est": "H",
        "categoria": "HLM",
        "fuente": "SENAMHI Perú oficial"
      }
    },
    {
      "type": "Feature",
      "geometry": {
        "type": "Point",
        "coordinates": [
          -73.29333,
          -3.78667
        ]
      },
      "properties": {
        "codigo": "103052",
        "codigo_ant": "000176",
        "nombre": "SAN ROQUE",
        "departamento": "",
        "provincia": "",
        "altitud": "",
        "pais": "Perú",
        "estado": "DIFERIDO",
        "tipo_est": "M",
        "categoria": "CP",
        "fuente": "SENAMHI Perú oficial"
      }
    },
    {
      "type": "Feature",
      "geometry": {
        "type": "Point",
        "coordinates": [
          -73.281,
          -3.7528
        ]
      },
      "properties": {
        "codigo": "240106",
        "codigo_ant": "240105",
        "nombre": "SEDA LORETO",
        "departamento": "",
        "provincia": "",
        "altitud": "",
        "pais": "Perú",
        "estado": "DIFERIDO",
        "tipo_est": "H",
        "categoria": "HLM",
        "fuente": "SENAMHI Perú oficial"
      }
    },
    {
      "type": "Feature",
      "geometry": {
        "type": "Point",
        "coordinates": [
          -73.33833,
          -3.89967
        ]
      },
      "properties": {
        "codigo": "103023",
        "codigo_ant": "000153",
        "nombre": "MORALILLO",
        "departamento": "",
        "provincia": "",
        "altitud": "",
        "pais": "Perú",
        "estado": "DIFERIDO",
        "tipo_est": "M",
        "categoria": "CP",
        "fuente": "SENAMHI Perú oficial"
      }
    },
    {
      "type": "Feature",
      "geometry": {
        "type": "Point",
        "coordinates": [
          -72.8752,
          -5.1512
        ]
      },
      "properties": {
        "codigo": "240401",
        "codigo_ant": "240111",
        "nombre": "ANGAMOS",
        "departamento": "",
        "provincia": "",
        "altitud": "",
        "pais": "Perú",
        "estado": "DIFERIDO",
        "tipo_est": "H",
        "categoria": "HLM",
        "fuente": "SENAMHI Perú oficial"
      }
    },
    {
      "type": "Feature",
      "geometry": {
        "type": "Point",
        "coordinates": [
          -72.8771,
          -5.1498
        ]
      },
      "properties": {
        "codigo": "105078",
        "codigo_ant": "000269",
        "nombre": "ANGAMOS",
        "departamento": "",
        "provincia": "",
        "altitud": "",
        "pais": "Perú",
        "estado": "DIFERIDO",
        "tipo_est": "M",
        "categoria": "CO",
        "fuente": "SENAMHI Perú oficial"
      }
    },
    {
      "type": "Feature",
      "geometry": {
        "type": "Point",
        "coordinates": [
          -77.5483,
          -4.4696
        ]
      },
      "properties": {
        "codigo": "104061",
        "codigo_ant": "000270",
        "nombre": "BORJA",
        "departamento": "",
        "provincia": "",
        "altitud": "",
        "pais": "Perú",
        "estado": "DIFERIDO",
        "tipo_est": "M",
        "categoria": "PLU",
        "fuente": "SENAMHI Perú oficial"
      }
    },
    {
      "type": "Feature",
      "geometry": {
        "type": "Point",
        "coordinates": [
          -70.38401,
          -13.18638
        ]
      },
      "properties": {
        "codigo": "113251",
        "codigo_ant": "113251",
        "nombre": "PUENTE INAMBARI",
        "departamento": "",
        "provincia": "",
        "altitud": "",
        "pais": "Perú",
        "estado": "DIFERIDO",
        "tipo_est": "H",
        "categoria": "HLM",
        "fuente": "SENAMHI Perú oficial"
      }
    },
    {
      "type": "Feature",
      "geometry": {
        "type": "Point",
        "coordinates": [
          -72.6812,
          -2.453
        ]
      },
      "properties": {
        "codigo": "240402",
        "codigo_ant": "240402",
        "nombre": "EL ESTRECHO",
        "departamento": "",
        "provincia": "",
        "altitud": "",
        "pais": "Perú",
        "estado": "DIFERIDO",
        "tipo_est": "H",
        "categoria": "HLM",
        "fuente": "SENAMHI Perú oficial"
      }
    },
    {
      "type": "Feature",
      "geometry": {
        "type": "Point",
        "coordinates": [
          -72.6643,
          -2.4467
        ]
      },
      "properties": {
        "codigo": "102006",
        "codigo_ant": "000110",
        "nombre": "EL ESTRECHO",
        "departamento": "",
        "provincia": "",
        "altitud": "",
        "pais": "Perú",
        "estado": "DIFERIDO",
        "tipo_est": "M",
        "categoria": "CO",
        "fuente": "SENAMHI Perú oficial"
      }
    },
    {
      "type": "Feature",
      "geometry": {
        "type": "Point",
        "coordinates": [
          -76.63487,
          -11.19827
        ]
      },
      "properties": {
        "codigo": "111081",
        "codigo_ant": "155202",
        "nombre": "SANTA CRUZ",
        "departamento": "",
        "provincia": "",
        "altitud": "",
        "pais": "Perú",
        "estado": "DIFERIDO",
        "tipo_est": "M",
        "categoria": "PLU",
        "fuente": "SENAMHI Perú oficial"
      }
    },
    {
      "type": "Feature",
      "geometry": {
        "type": "Point",
        "coordinates": [
          -76.51359,
          -12.07773
        ]
      },
      "properties": {
        "codigo": "112124",
        "codigo_ant": "156100",
        "nombre": "ANTIOQUIA",
        "departamento": "",
        "provincia": "",
        "altitud": "",
        "pais": "Perú",
        "estado": "DIFERIDO",
        "tipo_est": "M",
        "categoria": "PE",
        "fuente": "SENAMHI Perú oficial"
      }
    },
    {
      "type": "Feature",
      "geometry": {
        "type": "Point",
        "coordinates": [
          -76.51514,
          -11.65503
        ]
      },
      "properties": {
        "codigo": "111091",
        "codigo_ant": "155223",
        "nombre": "CARAMPOMA",
        "departamento": "",
        "provincia": "",
        "altitud": "",
        "pais": "Perú",
        "estado": "DIFERIDO",
        "tipo_est": "M",
        "categoria": "PLU",
        "fuente": "SENAMHI Perú oficial"
      }
    },
    {
      "type": "Feature",
      "geometry": {
        "type": "Point",
        "coordinates": [
          -76.5023,
          -11.66095
        ]
      },
      "properties": {
        "codigo": "111062",
        "codigo_ant": "151213",
        "nombre": "SHEQUE",
        "departamento": "",
        "provincia": "",
        "altitud": "",
        "pais": "Perú",
        "estado": "DIFERIDO",
        "tipo_est": "M",
        "categoria": "PLU",
        "fuente": "SENAMHI Perú oficial"
      }
    },
    {
      "type": "Feature",
      "geometry": {
        "type": "Point",
        "coordinates": [
          -76.35017,
          -11.57046
        ]
      },
      "properties": {
        "codigo": "202902",
        "codigo_ant": "202902",
        "nombre": "MILLOC",
        "departamento": "",
        "provincia": "",
        "altitud": "",
        "pais": "Perú",
        "estado": "DIFERIDO",
        "tipo_est": "H",
        "categoria": "HLM",
        "fuente": "SENAMHI Perú oficial"
      }
    },
    {
      "type": "Feature",
      "geometry": {
        "type": "Point",
        "coordinates": [
          -76.34995,
          -11.57131
        ]
      },
      "properties": {
        "codigo": "111144",
        "codigo_ant": "155514",
        "nombre": "MILLOC",
        "departamento": "",
        "provincia": "",
        "altitud": "",
        "pais": "Perú",
        "estado": "DIFERIDO",
        "tipo_est": "M",
        "categoria": "PLU",
        "fuente": "SENAMHI Perú oficial"
      }
    },
    {
      "type": "Feature",
      "geometry": {
        "type": "Point",
        "coordinates": [
          -76.23332,
          -11.63804
        ]
      },
      "properties": {
        "codigo": "111114",
        "codigo_ant": "155446",
        "nombre": "CASAPALCA",
        "departamento": "",
        "provincia": "",
        "altitud": "",
        "pais": "Perú",
        "estado": "DIFERIDO",
        "tipo_est": "M",
        "categoria": "PLU",
        "fuente": "SENAMHI Perú oficial"
      }
    },
    {
      "type": "Feature",
      "geometry": {
        "type": "Point",
        "coordinates": [
          -76.25967,
          -11.73447
        ]
      },
      "properties": {
        "codigo": "111061",
        "codigo_ant": "151210",
        "nombre": "RIO BLANCO",
        "departamento": "",
        "provincia": "",
        "altitud": "",
        "pais": "Perú",
        "estado": "DIFERIDO",
        "tipo_est": "M",
        "categoria": "PLU",
        "fuente": "SENAMHI Perú oficial"
      }
    },
    {
      "type": "Feature",
      "geometry": {
        "type": "Point",
        "coordinates": [
          -76.42108,
          -12.12645
        ]
      },
      "properties": {
        "codigo": "112082",
        "codigo_ant": "151214",
        "nombre": "LANGA",
        "departamento": "",
        "provincia": "",
        "altitud": "",
        "pais": "Perú",
        "estado": "DIFERIDO",
        "tipo_est": "M",
        "categoria": "PLU",
        "fuente": "SENAMHI Perú oficial"
      }
    },
    {
      "type": "Feature",
      "geometry": {
        "type": "Point",
        "coordinates": [
          -76.61103,
          -11.73815
        ]
      },
      "properties": {
        "codigo": "111077",
        "codigo_ant": "155122",
        "nombre": "AUTISHA",
        "departamento": "",
        "provincia": "",
        "altitud": "",
        "pais": "Perú",
        "estado": "DIFERIDO",
        "tipo_est": "M",
        "categoria": "PLU",
        "fuente": "SENAMHI Perú oficial"
      }
    },
    {
      "type": "Feature",
      "geometry": {
        "type": "Point",
        "coordinates": [
          -76.60659,
          -11.73523
        ]
      },
      "properties": {
        "codigo": "202903",
        "codigo_ant": "202903",
        "nombre": "AUTISHA",
        "departamento": "",
        "provincia": "",
        "altitud": "",
        "pais": "Perú",
        "estado": "DIFERIDO",
        "tipo_est": "H",
        "categoria": "HLM",
        "fuente": "SENAMHI Perú oficial"
      }
    },
    {
      "type": "Feature",
      "geometry": {
        "type": "Point",
        "coordinates": [
          -76.25811,
          -11.80053
        ]
      },
      "properties": {
        "codigo": "111093",
        "codigo_ant": "155225",
        "nombre": "SAN JOSE DE PARAC",
        "departamento": "",
        "provincia": "",
        "altitud": "",
        "pais": "Perú",
        "estado": "DIFERIDO",
        "tipo_est": "M",
        "categoria": "PLU",
        "fuente": "SENAMHI Perú oficial"
      }
    },
    {
      "type": "Feature",
      "geometry": {
        "type": "Point",
        "coordinates": [
          -76.5636,
          -11.847
        ]
      },
      "properties": {
        "codigo": "111291",
        "codigo_ant": "111291",
        "nombre": "SAN MATEO DE OTAO",
        "departamento": "",
        "provincia": "",
        "altitud": "",
        "pais": "Perú",
        "estado": "DIFERIDO",
        "tipo_est": "M",
        "categoria": "PLU",
        "fuente": "SENAMHI Perú oficial"
      }
    },
    {
      "type": "Feature",
      "geometry": {
        "type": "Point",
        "coordinates": [
          -76.24066,
          -12.18618
        ]
      },
      "properties": {
        "codigo": "112080",
        "codigo_ant": "151207",
        "nombre": "HUANCATA",
        "departamento": "",
        "provincia": "",
        "altitud": "",
        "pais": "Perú",
        "estado": "DIFERIDO",
        "tipo_est": "M",
        "categoria": "PLU",
        "fuente": "SENAMHI Perú oficial"
      }
    },
    {
      "type": "Feature",
      "geometry": {
        "type": "Point",
        "coordinates": [
          -76.5242,
          -11.9832
        ]
      },
      "properties": {
        "codigo": "111092",
        "codigo_ant": "155224",
        "nombre": "SANTIAGO DE TUNA",
        "departamento": "",
        "provincia": "",
        "altitud": "",
        "pais": "Perú",
        "estado": "DIFERIDO",
        "tipo_est": "M",
        "categoria": "PLU",
        "fuente": "SENAMHI Perú oficial"
      }
    },
    {
      "type": "Feature",
      "geometry": {
        "type": "Point",
        "coordinates": [
          -77.2668,
          -10.75484
        ]
      },
      "properties": {
        "codigo": "110042",
        "codigo_ant": "151211",
        "nombre": "AMBAR",
        "departamento": "",
        "provincia": "",
        "altitud": "",
        "pais": "Perú",
        "estado": "DIFERIDO",
        "tipo_est": "M",
        "categoria": "PLU",
        "fuente": "SENAMHI Perú oficial"
      }
    },
    {
      "type": "Feature",
      "geometry": {
        "type": "Point",
        "coordinates": [
          -76.97,
          -10.86578
        ]
      },
      "properties": {
        "codigo": "110053",
        "codigo_ant": "155107",
        "nombre": "PAMPA LIBRE",
        "departamento": "",
        "provincia": "",
        "altitud": "",
        "pais": "Perú",
        "estado": "DIFERIDO",
        "tipo_est": "M",
        "categoria": "CO",
        "fuente": "SENAMHI Perú oficial"
      }
    },
    {
      "type": "Feature",
      "geometry": {
        "type": "Point",
        "coordinates": [
          -76.9141,
          -11.06525
        ]
      },
      "properties": {
        "codigo": "111084",
        "codigo_ant": "155207",
        "nombre": "PACHAMACHAY",
        "departamento": "",
        "provincia": "",
        "altitud": "",
        "pais": "Perú",
        "estado": "DIFERIDO",
        "tipo_est": "M",
        "categoria": "PLU",
        "fuente": "SENAMHI Perú oficial"
      }
    },
    {
      "type": "Feature",
      "geometry": {
        "type": "Point",
        "coordinates": [
          -76.93473,
          -10.95602
        ]
      },
      "properties": {
        "codigo": "110056",
        "codigo_ant": "155200",
        "nombre": "PACCHO",
        "departamento": "",
        "provincia": "",
        "altitud": "",
        "pais": "Perú",
        "estado": "DIFERIDO",
        "tipo_est": "M",
        "categoria": "PLU",
        "fuente": "SENAMHI Perú oficial"
      }
    },
    {
      "type": "Feature",
      "geometry": {
        "type": "Point",
        "coordinates": [
          -76.71983,
          -10.96665
        ]
      },
      "properties": {
        "codigo": "110063",
        "codigo_ant": "155212",
        "nombre": "PARQUIN",
        "departamento": "",
        "provincia": "",
        "altitud": "",
        "pais": "Perú",
        "estado": "DIFERIDO",
        "tipo_est": "M",
        "categoria": "PLU",
        "fuente": "SENAMHI Perú oficial"
      }
    },
    {
      "type": "Feature",
      "geometry": {
        "type": "Point",
        "coordinates": [
          -76.7885,
          -10.5213
        ]
      },
      "properties": {
        "codigo": "202601",
        "codigo_ant": "202601",
        "nombre": "LAGUNA SURASACA",
        "departamento": "",
        "provincia": "",
        "altitud": "",
        "pais": "Perú",
        "estado": "DIFERIDO",
        "tipo_est": "H",
        "categoria": "HLG",
        "fuente": "SENAMHI Perú oficial"
      }
    },
    {
      "type": "Feature",
      "geometry": {
        "type": "Point",
        "coordinates": [
          -76.7867,
          -10.5238
        ]
      },
      "properties": {
        "codigo": "110059",
        "codigo_ant": "155206",
        "nombre": "LAGUNA SURASACA",
        "departamento": "",
        "provincia": "",
        "altitud": "",
        "pais": "Perú",
        "estado": "DIFERIDO",
        "tipo_est": "M",
        "categoria": "PLU",
        "fuente": "SENAMHI Perú oficial"
      }
    },
    {
      "type": "Feature",
      "geometry": {
        "type": "Point",
        "coordinates": [
          -76.65537,
          -10.80394
        ]
      },
      "properties": {
        "codigo": "110092",
        "codigo_ant": "155291",
        "nombre": "LAGUNA COCHAQUILLO",
        "departamento": "",
        "provincia": "",
        "altitud": "",
        "pais": "Perú",
        "estado": "DIFERIDO",
        "tipo_est": "M",
        "categoria": "PLU",
        "fuente": "SENAMHI Perú oficial"
      }
    },
    {
      "type": "Feature",
      "geometry": {
        "type": "Point",
        "coordinates": [
          -76.7687,
          -10.66769
        ]
      },
      "properties": {
        "codigo": "110020",
        "codigo_ant": "000541",
        "nombre": "OYON",
        "departamento": "",
        "provincia": "",
        "altitud": "",
        "pais": "Perú",
        "estado": "DIFERIDO",
        "tipo_est": "M",
        "categoria": "CO",
        "fuente": "SENAMHI Perú oficial"
      }
    },
    {
      "type": "Feature",
      "geometry": {
        "type": "Point",
        "coordinates": [
          -76.9,
          -10.78333
        ]
      },
      "properties": {
        "codigo": "110057",
        "codigo_ant": "155201",
        "nombre": "ANDAJES",
        "departamento": "",
        "provincia": "",
        "altitud": "",
        "pais": "Perú",
        "estado": "DIFERIDO",
        "tipo_est": "M",
        "categoria": "PLU",
        "fuente": "SENAMHI Perú oficial"
      }
    },
    {
      "type": "Feature",
      "geometry": {
        "type": "Point",
        "coordinates": [
          -75.71209,
          -12.31478
        ]
      },
      "properties": {
        "codigo": "112096",
        "codigo_ant": "155450",
        "nombre": "YAURICOCHA",
        "departamento": "",
        "provincia": "",
        "altitud": "",
        "pais": "Perú",
        "estado": "DIFERIDO",
        "tipo_est": "M",
        "categoria": "PLU",
        "fuente": "SENAMHI Perú oficial"
      }
    },
    {
      "type": "Feature",
      "geometry": {
        "type": "Point",
        "coordinates": [
          -76.13672,
          -12.38208
        ]
      },
      "properties": {
        "codigo": "112128",
        "codigo_ant": "156104",
        "nombre": "AYAVIRI",
        "departamento": "",
        "provincia": "",
        "altitud": "",
        "pais": "Perú",
        "estado": "DIFERIDO",
        "tipo_est": "M",
        "categoria": "PLU",
        "fuente": "SENAMHI Perú oficial"
      }
    },
    {
      "type": "Feature",
      "geometry": {
        "type": "Point",
        "coordinates": [
          -75.87215,
          -12.3444
        ]
      },
      "properties": {
        "codigo": "112133",
        "codigo_ant": "156109",
        "nombre": "CARANIA",
        "departamento": "",
        "provincia": "",
        "altitud": "",
        "pais": "Perú",
        "estado": "DIFERIDO",
        "tipo_est": "M",
        "categoria": "PE",
        "fuente": "SENAMHI Perú oficial"
      }
    },
    {
      "type": "Feature",
      "geometry": {
        "type": "Point",
        "coordinates": [
          -75.82617,
          -12.11457
        ]
      },
      "properties": {
        "codigo": "112135",
        "codigo_ant": "156111",
        "nombre": "VILCA",
        "departamento": "",
        "provincia": "",
        "altitud": "",
        "pais": "Perú",
        "estado": "DIFERIDO",
        "tipo_est": "M",
        "categoria": "PE",
        "fuente": "SENAMHI Perú oficial"
      }
    },
    {
      "type": "Feature",
      "geometry": {
        "type": "Point",
        "coordinates": [
          -76.13902,
          -12.29359
        ]
      },
      "properties": {
        "codigo": "112127",
        "codigo_ant": "156103",
        "nombre": "HUAÑEC",
        "departamento": "",
        "provincia": "",
        "altitud": "",
        "pais": "Perú",
        "estado": "DIFERIDO",
        "tipo_est": "M",
        "categoria": "PLU",
        "fuente": "SENAMHI Perú oficial"
      }
    },
    {
      "type": "Feature",
      "geometry": {
        "type": "Point",
        "coordinates": [
          -76.22559,
          -12.4548
        ]
      },
      "properties": {
        "codigo": "112081",
        "codigo_ant": "151212",
        "nombre": "SAN PEDRO DE PILAS",
        "departamento": "",
        "provincia": "",
        "altitud": "",
        "pais": "Perú",
        "estado": "DIFERIDO",
        "tipo_est": "M",
        "categoria": "PLU",
        "fuente": "SENAMHI Perú oficial"
      }
    },
    {
      "type": "Feature",
      "geometry": {
        "type": "Point",
        "coordinates": [
          -76.01667,
          -12.11667
        ]
      },
      "properties": {
        "codigo": "112130",
        "codigo_ant": "156106",
        "nombre": "TANTA",
        "departamento": "",
        "provincia": "",
        "altitud": "",
        "pais": "Perú",
        "estado": "DIFERIDO",
        "tipo_est": "M",
        "categoria": "PE",
        "fuente": "SENAMHI Perú oficial"
      }
    },
    {
      "type": "Feature",
      "geometry": {
        "type": "Point",
        "coordinates": [
          -73.25492,
          -3.76397
        ]
      },
      "properties": {
        "codigo": "103057",
        "codigo_ant": "000154",
        "nombre": "AMAZONAS",
        "departamento": "",
        "provincia": "",
        "altitud": "",
        "pais": "Perú",
        "estado": "DIFERIDO",
        "tipo_est": "M",
        "categoria": "CO",
        "fuente": "SENAMHI Perú oficial"
      }
    },
    {
      "type": "Feature",
      "geometry": {
        "type": "Point",
        "coordinates": [
          -73.6961,
          -3.8891
        ]
      },
      "properties": {
        "codigo": "240001",
        "codigo_ant": "240110",
        "nombre": "SANTA MARIA DE NANAY",
        "departamento": "",
        "provincia": "",
        "altitud": "",
        "pais": "Perú",
        "estado": "DIFERIDO",
        "tipo_est": "H",
        "categoria": "HLM",
        "fuente": "SENAMHI Perú oficial"
      }
    },
    {
      "type": "Feature",
      "geometry": {
        "type": "Point",
        "coordinates": [
          -72.8409,
          -3.5203
        ]
      },
      "properties": {
        "codigo": "103009",
        "codigo_ant": "150201",
        "nombre": "MANITI",
        "departamento": "",
        "provincia": "",
        "altitud": "",
        "pais": "Perú",
        "estado": "DIFERIDO",
        "tipo_est": "M",
        "categoria": "PE",
        "fuente": "SENAMHI Perú oficial"
      }
    },
    {
      "type": "Feature",
      "geometry": {
        "type": "Point",
        "coordinates": [
          -73.0834,
          -3.5237
        ]
      },
      "properties": {
        "codigo": "240202",
        "codigo_ant": "240202",
        "nombre": "TIMICURILLO",
        "departamento": "",
        "provincia": "",
        "altitud": "",
        "pais": "Perú",
        "estado": "DIFERIDO",
        "tipo_est": "H",
        "categoria": "HLM",
        "fuente": "SENAMHI Perú oficial"
      }
    },
    {
      "type": "Feature",
      "geometry": {
        "type": "Point",
        "coordinates": [
          -73.068,
          -3.4786
        ]
      },
      "properties": {
        "codigo": "240111",
        "codigo_ant": "260102",
        "nombre": "BELLAVISTA",
        "departamento": "",
        "provincia": "",
        "altitud": "",
        "pais": "Perú",
        "estado": "DIFERIDO",
        "tipo_est": "H",
        "categoria": "HLM",
        "fuente": "SENAMHI Perú oficial"
      }
    },
    {
      "type": "Feature",
      "geometry": {
        "type": "Point",
        "coordinates": [
          -73.068,
          -3.4788
        ]
      },
      "properties": {
        "codigo": "103012",
        "codigo_ant": "150205",
        "nombre": "BELLAVISTA",
        "departamento": "",
        "provincia": "",
        "altitud": "",
        "pais": "Perú",
        "estado": "DIFERIDO",
        "tipo_est": "M",
        "categoria": "PLU",
        "fuente": "SENAMHI Perú oficial"
      }
    },
    {
      "type": "Feature",
      "geometry": {
        "type": "Point",
        "coordinates": [
          -73.2337,
          -3.4863
        ]
      },
      "properties": {
        "codigo": "103014",
        "codigo_ant": "150207",
        "nombre": "LA LIBERTAD",
        "departamento": "",
        "provincia": "",
        "altitud": "",
        "pais": "Perú",
        "estado": "DIFERIDO",
        "tipo_est": "M",
        "categoria": "PLU",
        "fuente": "SENAMHI Perú oficial"
      }
    },
    {
      "type": "Feature",
      "geometry": {
        "type": "Point",
        "coordinates": [
          -73.2339,
          -3.4863
        ]
      },
      "properties": {
        "codigo": "240112",
        "codigo_ant": "260201",
        "nombre": "LA LIBERTAD",
        "departamento": "",
        "provincia": "",
        "altitud": "",
        "pais": "Perú",
        "estado": "DIFERIDO",
        "tipo_est": "H",
        "categoria": "HLM",
        "fuente": "SENAMHI Perú oficial"
      }
    },
    {
      "type": "Feature",
      "geometry": {
        "type": "Point",
        "coordinates": [
          -73.1526,
          -3.5169
        ]
      },
      "properties": {
        "codigo": "103013",
        "codigo_ant": "150206",
        "nombre": "SANTA CRUZ",
        "departamento": "",
        "provincia": "",
        "altitud": "",
        "pais": "Perú",
        "estado": "DIFERIDO",
        "tipo_est": "M",
        "categoria": "PLU",
        "fuente": "SENAMHI Perú oficial"
      }
    },
    {
      "type": "Feature",
      "geometry": {
        "type": "Point",
        "coordinates": [
          -73.15411,
          -3.51725
        ]
      },
      "properties": {
        "codigo": "240109",
        "codigo_ant": "240109",
        "nombre": "SANTA CRUZ",
        "departamento": "",
        "provincia": "",
        "altitud": "",
        "pais": "Perú",
        "estado": "DIFERIDO",
        "tipo_est": "H",
        "categoria": "HLM",
        "fuente": "SENAMHI Perú oficial"
      }
    },
    {
      "type": "Feature",
      "geometry": {
        "type": "Point",
        "coordinates": [
          -73.67919,
          -2.48757
        ]
      },
      "properties": {
        "codigo": "102009",
        "codigo_ant": "000177",
        "nombre": "SANTA CLOTILDE",
        "departamento": "",
        "provincia": "",
        "altitud": "",
        "pais": "Perú",
        "estado": "DIFERIDO",
        "tipo_est": "M",
        "categoria": "CO",
        "fuente": "SENAMHI Perú oficial"
      }
    },
    {
      "type": "Feature",
      "geometry": {
        "type": "Point",
        "coordinates": [
          -73.679,
          -2.487
        ]
      },
      "properties": {
        "codigo": "240110",
        "codigo_ant": "260101",
        "nombre": "SANTA CLOTILDE",
        "departamento": "",
        "provincia": "",
        "altitud": "",
        "pais": "Perú",
        "estado": "DIFERIDO",
        "tipo_est": "H",
        "categoria": "HLM",
        "fuente": "SENAMHI Perú oficial"
      }
    },
    {
      "type": "Feature",
      "geometry": {
        "type": "Point",
        "coordinates": [
          -73.25625,
          -3.69279
        ]
      },
      "properties": {
        "codigo": "240304",
        "codigo_ant": "240304",
        "nombre": "SANTO TOMAS PUNCHANA",
        "departamento": "",
        "provincia": "",
        "altitud": "",
        "pais": "Perú",
        "estado": "DIFERIDO",
        "tipo_est": "H",
        "categoria": "HLM",
        "fuente": "SENAMHI Perú oficial"
      }
    },
    {
      "type": "Feature",
      "geometry": {
        "type": "Point",
        "coordinates": [
          -73.23694,
          -3.72722
        ]
      },
      "properties": {
        "codigo": "240102",
        "codigo_ant": "240101",
        "nombre": "ENAPU PERU",
        "departamento": "",
        "provincia": "",
        "altitud": "",
        "pais": "Perú",
        "estado": "DIFERIDO",
        "tipo_est": "H",
        "categoria": "HLM",
        "fuente": "SENAMHI Perú oficial"
      }
    },
    {
      "type": "Feature",
      "geometry": {
        "type": "Point",
        "coordinates": [
          -76.2505,
          -6.06703
        ]
      },
      "properties": {
        "codigo": "100132",
        "codigo_ant": "153315",
        "nombre": "SHANUSI",
        "departamento": "",
        "provincia": "",
        "altitud": "",
        "pais": "Perú",
        "estado": "DIFERIDO",
        "tipo_est": "M",
        "categoria": "CO",
        "fuente": "SENAMHI Perú oficial"
      }
    },
    {
      "type": "Feature",
      "geometry": {
        "type": "Point",
        "coordinates": [
          -75.6661,
          -5.2194
        ]
      },
      "properties": {
        "codigo": "100080",
        "codigo_ant": "152304",
        "nombre": "LAGUNAS",
        "departamento": "",
        "provincia": "",
        "altitud": "",
        "pais": "Perú",
        "estado": "DIFERIDO",
        "tipo_est": "M",
        "categoria": "PLU",
        "fuente": "SENAMHI Perú oficial"
      }
    },
    {
      "type": "Feature",
      "geometry": {
        "type": "Point",
        "coordinates": [
          -77.548,
          -4.47
        ]
      },
      "properties": {
        "codigo": "220107",
        "codigo_ant": "220107",
        "nombre": "BORJA",
        "departamento": "",
        "provincia": "",
        "altitud": "",
        "pais": "Perú",
        "estado": "DIFERIDO",
        "tipo_est": "H",
        "categoria": "HLM",
        "fuente": "SENAMHI Perú oficial"
      }
    },
    {
      "type": "Feature",
      "geometry": {
        "type": "Point",
        "coordinates": [
          -73.5831,
          -4.5146
        ]
      },
      "properties": {
        "codigo": "221402",
        "codigo_ant": "221401",
        "nombre": "NAUTA",
        "departamento": "",
        "provincia": "",
        "altitud": "",
        "pais": "Perú",
        "estado": "DIFERIDO",
        "tipo_est": "H",
        "categoria": "HLM",
        "fuente": "SENAMHI Perú oficial"
      }
    },
    {
      "type": "Feature",
      "geometry": {
        "type": "Point",
        "coordinates": [
          -73.90751,
          -4.51301
        ]
      },
      "properties": {
        "codigo": "104098",
        "codigo_ant": "150212",
        "nombre": "SAN REGIS",
        "departamento": "",
        "provincia": "",
        "altitud": "",
        "pais": "Perú",
        "estado": "DIFERIDO",
        "tipo_est": "M",
        "categoria": "PE",
        "fuente": "SENAMHI Perú oficial"
      }
    },
    {
      "type": "Feature",
      "geometry": {
        "type": "Point",
        "coordinates": [
          -73.9076,
          -4.5132
        ]
      },
      "properties": {
        "codigo": "220105",
        "codigo_ant": "220105",
        "nombre": "SAN REGIS",
        "departamento": "",
        "provincia": "",
        "altitud": "",
        "pais": "Perú",
        "estado": "DIFERIDO",
        "tipo_est": "H",
        "categoria": "HLM",
        "fuente": "SENAMHI Perú oficial"
      }
    },
    {
      "type": "Feature",
      "geometry": {
        "type": "Point",
        "coordinates": [
          -74.3806,
          -4.5922
        ]
      },
      "properties": {
        "codigo": "104065",
        "codigo_ant": "152401",
        "nombre": "SANTA RITA DE CASTILLA",
        "departamento": "",
        "provincia": "",
        "altitud": "",
        "pais": "Perú",
        "estado": "DIFERIDO",
        "tipo_est": "M",
        "categoria": "PE",
        "fuente": "SENAMHI Perú oficial"
      }
    },
    {
      "type": "Feature",
      "geometry": {
        "type": "Point",
        "coordinates": [
          -70.05391,
          -4.11491
        ]
      },
      "properties": {
        "codigo": "240005",
        "codigo_ant": "240005",
        "nombre": " PUERTO ALEGRIA",
        "departamento": "",
        "provincia": "",
        "altitud": "",
        "pais": "Perú",
        "estado": "DIFERIDO",
        "tipo_est": "H",
        "categoria": "HLM",
        "fuente": "SENAMHI Perú oficial"
      }
    },
    {
      "type": "Feature",
      "geometry": {
        "type": "Point",
        "coordinates": [
          -69.95629,
          -4.22636
        ]
      },
      "properties": {
        "codigo": "104010",
        "codigo_ant": "150209",
        "nombre": "SANTA ROSA",
        "departamento": "",
        "provincia": "",
        "altitud": "",
        "pais": "Perú",
        "estado": "DIFERIDO",
        "tipo_est": "M",
        "categoria": "PLU",
        "fuente": "SENAMHI Perú oficial"
      }
    },
    {
      "type": "Feature",
      "geometry": {
        "type": "Point",
        "coordinates": [
          -69.9535,
          -4.2242
        ]
      },
      "properties": {
        "codigo": "240108",
        "codigo_ant": "240108",
        "nombre": "SANTA ROSA",
        "departamento": "",
        "provincia": "",
        "altitud": "",
        "pais": "Perú",
        "estado": "DIFERIDO",
        "tipo_est": "H",
        "categoria": "HLM",
        "fuente": "SENAMHI Perú oficial"
      }
    },
    {
      "type": "Feature",
      "geometry": {
        "type": "Point",
        "coordinates": [
          -73.83612,
          -5.04308
        ]
      },
      "properties": {
        "codigo": "105095",
        "codigo_ant": "000280",
        "nombre": "REQUENA",
        "departamento": "",
        "provincia": "",
        "altitud": "",
        "pais": "Perú",
        "estado": "DIFERIDO",
        "tipo_est": "M",
        "categoria": "CO",
        "fuente": "SENAMHI Perú oficial"
      }
    },
    {
      "type": "Feature",
      "geometry": {
        "type": "Point",
        "coordinates": [
          -73.84,
          -5.0411
        ]
      },
      "properties": {
        "codigo": "250101",
        "codigo_ant": "250101",
        "nombre": "REQUENA",
        "departamento": "",
        "provincia": "",
        "altitud": "",
        "pais": "Perú",
        "estado": "DIFERIDO",
        "tipo_est": "H",
        "categoria": "HLM",
        "fuente": "SENAMHI Perú oficial"
      }
    },
    {
      "type": "Feature",
      "geometry": {
        "type": "Point",
        "coordinates": [
          -74.1569,
          -5.4077
        ]
      },
      "properties": {
        "codigo": "251100",
        "codigo_ant": "231302",
        "nombre": "FLOR DE PUNGA",
        "departamento": "",
        "provincia": "",
        "altitud": "",
        "pais": "Perú",
        "estado": "DIFERIDO",
        "tipo_est": "H",
        "categoria": "HLM",
        "fuente": "SENAMHI Perú oficial"
      }
    },
    {
      "type": "Feature",
      "geometry": {
        "type": "Point",
        "coordinates": [
          -74.1591,
          -5.4055
        ]
      },
      "properties": {
        "codigo": "105092",
        "codigo_ant": "152405",
        "nombre": "FLOR DE PUNGA",
        "departamento": "",
        "provincia": "",
        "altitud": "",
        "pais": "Perú",
        "estado": "DIFERIDO",
        "tipo_est": "M",
        "categoria": "PE",
        "fuente": "SENAMHI Perú oficial"
      }
    },
    {
      "type": "Feature",
      "geometry": {
        "type": "Point",
        "coordinates": [
          -74.289,
          -5.7921
        ]
      },
      "properties": {
        "codigo": "105091",
        "codigo_ant": "152403",
        "nombre": "TAMANCO",
        "departamento": "",
        "provincia": "",
        "altitud": "",
        "pais": "Perú",
        "estado": "DIFERIDO",
        "tipo_est": "M",
        "categoria": "PLU",
        "fuente": "SENAMHI Perú oficial"
      }
    },
    {
      "type": "Feature",
      "geometry": {
        "type": "Point",
        "coordinates": [
          -74.3444,
          -5.2539
        ]
      },
      "properties": {
        "codigo": "105090",
        "codigo_ant": "152402",
        "nombre": "BRETAÑA",
        "departamento": "",
        "provincia": "",
        "altitud": "",
        "pais": "Perú",
        "estado": "DIFERIDO",
        "tipo_est": "M",
        "categoria": "PE",
        "fuente": "SENAMHI Perú oficial"
      }
    },
    {
      "type": "Feature",
      "geometry": {
        "type": "Point",
        "coordinates": [
          -73.5321,
          -4.724
        ]
      },
      "properties": {
        "codigo": "104067",
        "codigo_ant": "152406",
        "nombre": "BAGAZAN",
        "departamento": "",
        "provincia": "",
        "altitud": "",
        "pais": "Perú",
        "estado": "DIFERIDO",
        "tipo_est": "M",
        "categoria": "PE",
        "fuente": "SENAMHI Perú oficial"
      }
    },
    {
      "type": "Feature",
      "geometry": {
        "type": "Point",
        "coordinates": [
          -73.6715,
          -4.902
        ]
      },
      "properties": {
        "codigo": "251104",
        "codigo_ant": "231303",
        "nombre": "GENARO HERRERA",
        "departamento": "",
        "provincia": "",
        "altitud": "",
        "pais": "Perú",
        "estado": "DIFERIDO",
        "tipo_est": "H",
        "categoria": "HLM",
        "fuente": "SENAMHI Perú oficial"
      }
    },
    {
      "type": "Feature",
      "geometry": {
        "type": "Point",
        "coordinates": [
          -75.0109,
          -7.3518
        ]
      },
      "properties": {
        "codigo": "251102",
        "codigo_ant": "231301",
        "nombre": "CONTAMANA",
        "departamento": "",
        "provincia": "",
        "altitud": "",
        "pais": "Perú",
        "estado": "DIFERIDO",
        "tipo_est": "H",
        "categoria": "HLM",
        "fuente": "SENAMHI Perú oficial"
      }
    },
    {
      "type": "Feature",
      "geometry": {
        "type": "Point",
        "coordinates": [
          -75.0064,
          -7.3526
        ]
      },
      "properties": {
        "codigo": "100034",
        "codigo_ant": "000387",
        "nombre": "CONTAMANA",
        "departamento": "",
        "provincia": "",
        "altitud": "",
        "pais": "Perú",
        "estado": "DIFERIDO",
        "tipo_est": "M",
        "categoria": "CO",
        "fuente": "SENAMHI Perú oficial"
      }
    },
    {
      "type": "Feature",
      "geometry": {
        "type": "Point",
        "coordinates": [
          -70.5494,
          -16.8439
        ]
      },
      "properties": {
        "codigo": "116052",
        "codigo_ant": "158309",
        "nombre": "PAMPA UMALZO (TITIJONES)",
        "departamento": "",
        "provincia": "",
        "altitud": "",
        "pais": "Perú",
        "estado": "DIFERIDO",
        "tipo_est": "M",
        "categoria": "CO",
        "fuente": "SENAMHI Perú oficial"
      }
    },
    {
      "type": "Feature",
      "geometry": {
        "type": "Point",
        "coordinates": [
          -70.8369,
          -17.1277
        ]
      },
      "properties": {
        "codigo": "117031",
        "codigo_ant": "158314",
        "nombre": "TUMILACA",
        "departamento": "",
        "provincia": "",
        "altitud": "",
        "pais": "Perú",
        "estado": "DIFERIDO",
        "tipo_est": "M",
        "categoria": "PLU",
        "fuente": "SENAMHI Perú oficial"
      }
    },
    {
      "type": "Feature",
      "geometry": {
        "type": "Point",
        "coordinates": [
          -70.8536,
          -17.0073
        ]
      },
      "properties": {
        "codigo": "214700",
        "codigo_ant": "204812",
        "nombre": "OTORA",
        "departamento": "",
        "provincia": "",
        "altitud": "",
        "pais": "Perú",
        "estado": "DIFERIDO",
        "tipo_est": "H",
        "categoria": "HLG",
        "fuente": "SENAMHI Perú oficial"
      }
    },
    {
      "type": "Feature",
      "geometry": {
        "type": "Point",
        "coordinates": [
          -70.8504,
          -17.0041
        ]
      },
      "properties": {
        "codigo": "117024",
        "codigo_ant": "158302",
        "nombre": "OTORA",
        "departamento": "",
        "provincia": "",
        "altitud": "",
        "pais": "Perú",
        "estado": "DIFERIDO",
        "tipo_est": "M",
        "categoria": "PLU",
        "fuente": "SENAMHI Perú oficial"
      }
    },
    {
      "type": "Feature",
      "geometry": {
        "type": "Point",
        "coordinates": [
          -70.5427,
          -16.14109
        ]
      },
      "properties": {
        "codigo": "100059",
        "codigo_ant": "158310",
        "nombre": "ICHUÑA",
        "departamento": "",
        "provincia": "",
        "altitud": "",
        "pais": "Perú",
        "estado": "DIFERIDO",
        "tipo_est": "M",
        "categoria": "CO",
        "fuente": "SENAMHI Perú oficial"
      }
    },
    {
      "type": "Feature",
      "geometry": {
        "type": "Point",
        "coordinates": [
          -75.26238,
          -10.72244
        ]
      },
      "properties": {
        "codigo": "250503",
        "codigo_ant": "250503",
        "nombre": "ENTAZ",
        "departamento": "",
        "provincia": "",
        "altitud": "",
        "pais": "Perú",
        "estado": "DIFERIDO",
        "tipo_est": "H",
        "categoria": "HLM",
        "fuente": "SENAMHI Perú oficial"
      }
    },
    {
      "type": "Feature",
      "geometry": {
        "type": "Point",
        "coordinates": [
          -80.61654,
          -5.17528
        ]
      },
      "properties": {
        "codigo": "105100",
        "codigo_ant": "000207",
        "nombre": "MIRAFLORES",
        "departamento": "",
        "provincia": "",
        "altitud": "",
        "pais": "Perú",
        "estado": "DIFERIDO",
        "tipo_est": "M",
        "categoria": "MAP",
        "fuente": "SENAMHI Perú oficial"
      }
    },
    {
      "type": "Feature",
      "geometry": {
        "type": "Point",
        "coordinates": [
          -79.50572,
          -5.83964
        ]
      },
      "properties": {
        "codigo": "100105",
        "codigo_ant": "152132",
        "nombre": "PORCULLA",
        "departamento": "",
        "provincia": "",
        "altitud": "",
        "pais": "Perú",
        "estado": "DIFERIDO",
        "tipo_est": "M",
        "categoria": "PLU",
        "fuente": "SENAMHI Perú oficial"
      }
    },
    {
      "type": "Feature",
      "geometry": {
        "type": "Point",
        "coordinates": [
          -79.36056,
          -5.36492
        ]
      },
      "properties": {
        "codigo": "105024",
        "codigo_ant": "152128",
        "nombre": "HACIENDA SHUMAYA",
        "departamento": "",
        "provincia": "",
        "altitud": "",
        "pais": "Perú",
        "estado": "DIFERIDO",
        "tipo_est": "M",
        "categoria": "PLU",
        "fuente": "SENAMHI Perú oficial"
      }
    },
    {
      "type": "Feature",
      "geometry": {
        "type": "Point",
        "coordinates": [
          -79.34742,
          -5.47718
        ]
      },
      "properties": {
        "codigo": "105023",
        "codigo_ant": "152127",
        "nombre": "TULUCE",
        "departamento": "",
        "provincia": "",
        "altitud": "",
        "pais": "Perú",
        "estado": "DIFERIDO",
        "tipo_est": "M",
        "categoria": "PLU",
        "fuente": "SENAMHI Perú oficial"
      }
    },
    {
      "type": "Feature",
      "geometry": {
        "type": "Point",
        "coordinates": [
          -79.41575,
          -5.33922
        ]
      },
      "properties": {
        "codigo": "220509",
        "codigo_ant": "220510",
        "nombre": "SONDORILLO",
        "departamento": "",
        "provincia": "",
        "altitud": "",
        "pais": "Perú",
        "estado": "DIFERIDO",
        "tipo_est": "H",
        "categoria": "HLM",
        "fuente": "SENAMHI Perú oficial"
      }
    },
    {
      "type": "Feature",
      "geometry": {
        "type": "Point",
        "coordinates": [
          -79.7857,
          -5.3209
        ]
      },
      "properties": {
        "codigo": "105015",
        "codigo_ant": "152111",
        "nombre": "HACIENDA BIGOTE",
        "departamento": "",
        "provincia": "",
        "altitud": "",
        "pais": "Perú",
        "estado": "DIFERIDO",
        "tipo_est": "M",
        "categoria": "PLU",
        "fuente": "SENAMHI Perú oficial"
      }
    },
    {
      "type": "Feature",
      "geometry": {
        "type": "Point",
        "coordinates": [
          -80.3979,
          -4.47749
        ]
      },
      "properties": {
        "codigo": "104044",
        "codigo_ant": "152153",
        "nombre": "ALAMOR",
        "departamento": "",
        "provincia": "",
        "altitud": "",
        "pais": "Perú",
        "estado": "DIFERIDO",
        "tipo_est": "M",
        "categoria": "PLU",
        "fuente": "SENAMHI Perú oficial"
      }
    },
    {
      "type": "Feature",
      "geometry": {
        "type": "Point",
        "coordinates": [
          -80.39915,
          -4.47401
        ]
      },
      "properties": {
        "codigo": "200322",
        "codigo_ant": "200324",
        "nombre": "ALAMOR",
        "departamento": "",
        "provincia": "",
        "altitud": "",
        "pais": "Perú",
        "estado": "DIFERIDO",
        "tipo_est": "H",
        "categoria": "HLM",
        "fuente": "SENAMHI Perú oficial"
      }
    },
    {
      "type": "Feature",
      "geometry": {
        "type": "Point",
        "coordinates": [
          -80.73945,
          -4.51556
        ]
      },
      "properties": {
        "codigo": "104014",
        "codigo_ant": "152101",
        "nombre": "PANANGA",
        "departamento": "",
        "provincia": "",
        "altitud": "",
        "pais": "Perú",
        "estado": "DIFERIDO",
        "tipo_est": "M",
        "categoria": "PLU",
        "fuente": "SENAMHI Perú oficial"
      }
    },
    {
      "type": "Feature",
      "geometry": {
        "type": "Point",
        "coordinates": [
          -70.01694,
          -15.83361
        ]
      },
      "properties": {
        "codigo": "270500",
        "codigo_ant": "210902",
        "nombre": "MUELLE LAGO",
        "departamento": "",
        "provincia": "",
        "altitud": "",
        "pais": "Perú",
        "estado": "DIFERIDO",
        "tipo_est": "H",
        "categoria": "HLM",
        "fuente": "SENAMHI Perú oficial"
      }
    },
    {
      "type": "Feature",
      "geometry": {
        "type": "Point",
        "coordinates": [
          -70.3678,
          -14.6717
        ]
      },
      "properties": {
        "codigo": "114040",
        "codigo_ant": "000778",
        "nombre": "PROGRESO",
        "departamento": "",
        "provincia": "",
        "altitud": "",
        "pais": "Perú",
        "estado": "DIFERIDO",
        "tipo_est": "M",
        "categoria": "CO",
        "fuente": "SENAMHI Perú oficial"
      }
    },
    {
      "type": "Feature",
      "geometry": {
        "type": "Point",
        "coordinates": [
          -69.03682,
          -16.56327
        ]
      },
      "properties": {
        "codigo": "116060",
        "codigo_ant": "000883",
        "nombre": "DESAGUADERO",
        "departamento": "",
        "provincia": "",
        "altitud": "",
        "pais": "Perú",
        "estado": "DIFERIDO",
        "tipo_est": "M",
        "categoria": "CO",
        "fuente": "SENAMHI Perú oficial"
      }
    },
    {
      "type": "Feature",
      "geometry": {
        "type": "Point",
        "coordinates": [
          -69.31697,
          -16.57225
        ]
      },
      "properties": {
        "codigo": "116075",
        "codigo_ant": "116075",
        "nombre": "CALLACAME",
        "departamento": "",
        "provincia": "",
        "altitud": "",
        "pais": "Perú",
        "estado": "DIFERIDO",
        "tipo_est": "M",
        "categoria": "PLU",
        "fuente": "SENAMHI Perú oficial"
      }
    },
    {
      "type": "Feature",
      "geometry": {
        "type": "Point",
        "coordinates": [
          -69.7391,
          -17.1827
        ]
      },
      "properties": {
        "codigo": "117041",
        "codigo_ant": "158326",
        "nombre": "CAPAZO",
        "departamento": "",
        "provincia": "",
        "altitud": "",
        "pais": "Perú",
        "estado": "DIFERIDO",
        "tipo_est": "M",
        "categoria": "CO",
        "fuente": "SENAMHI Perú oficial"
      }
    },
    {
      "type": "Feature",
      "geometry": {
        "type": "Point",
        "coordinates": [
          -69.3612,
          -15.0118
        ]
      },
      "properties": {
        "codigo": "115053",
        "codigo_ant": "000827",
        "nombre": "COJATA",
        "departamento": "",
        "provincia": "",
        "altitud": "",
        "pais": "Perú",
        "estado": "DIFERIDO",
        "tipo_est": "M",
        "categoria": "CO",
        "fuente": "SENAMHI Perú oficial"
      }
    },
    {
      "type": "Feature",
      "geometry": {
        "type": "Point",
        "coordinates": [
          -69.8739,
          -15.2558
        ]
      },
      "properties": {
        "codigo": "270200",
        "codigo_ant": "157733",
        "nombre": "RAMIS",
        "departamento": "",
        "provincia": "",
        "altitud": "",
        "pais": "Perú",
        "estado": "DIFERIDO",
        "tipo_est": "M",
        "categoria": "PLU",
        "fuente": "SENAMHI Perú oficial"
      }
    },
    {
      "type": "Feature",
      "geometry": {
        "type": "Point",
        "coordinates": [
          -69.97247,
          -15.31167
        ]
      },
      "properties": {
        "codigo": "115047",
        "codigo_ant": "000816",
        "nombre": "TARACO",
        "departamento": "",
        "provincia": "",
        "altitud": "",
        "pais": "Perú",
        "estado": "DIFERIDO",
        "tipo_est": "M",
        "categoria": "CO",
        "fuente": "SENAMHI Perú oficial"
      }
    },
    {
      "type": "Feature",
      "geometry": {
        "type": "Point",
        "coordinates": [
          -70.5993,
          -15.6941
        ]
      },
      "properties": {
        "codigo": "115140",
        "codigo_ant": "000865",
        "nombre": "SANTA LUCIA",
        "departamento": "",
        "provincia": "",
        "altitud": "",
        "pais": "Perú",
        "estado": "DIFERIDO",
        "tipo_est": "M",
        "categoria": "CO",
        "fuente": "SENAMHI Perú oficial"
      }
    },
    {
      "type": "Feature",
      "geometry": {
        "type": "Point",
        "coordinates": [
          -70.58544,
          -14.89249
        ]
      },
      "properties": {
        "codigo": "210103",
        "codigo_ant": "210103",
        "nombre": "PUENTE AYAVIRI",
        "departamento": "",
        "provincia": "",
        "altitud": "",
        "pais": "Perú",
        "estado": "DIFERIDO",
        "tipo_est": "H",
        "categoria": "HLM",
        "fuente": "SENAMHI Perú oficial"
      }
    },
    {
      "type": "Feature",
      "geometry": {
        "type": "Point",
        "coordinates": [
          -70.79278,
          -14.6178
        ]
      },
      "properties": {
        "codigo": "114047",
        "codigo_ant": "000823",
        "nombre": "SANTA ROSA",
        "departamento": "",
        "provincia": "",
        "altitud": "",
        "pais": "Perú",
        "estado": "DIFERIDO",
        "tipo_est": "M",
        "categoria": "CO",
        "fuente": "SENAMHI Perú oficial"
      }
    },
    {
      "type": "Feature",
      "geometry": {
        "type": "Point",
        "coordinates": [
          -70.7285,
          -14.7879
        ]
      },
      "properties": {
        "codigo": "114035",
        "codigo_ant": "000764",
        "nombre": "CHUQUIBAMBILLA",
        "departamento": "",
        "provincia": "",
        "altitud": "",
        "pais": "Perú",
        "estado": "DIFERIDO",
        "tipo_est": "M",
        "categoria": "CP",
        "fuente": "SENAMHI Perú oficial"
      }
    },
    {
      "type": "Feature",
      "geometry": {
        "type": "Point",
        "coordinates": [
          -69.48898,
          -15.56221
        ]
      },
      "properties": {
        "codigo": "100065",
        "codigo_ant": "000817",
        "nombre": "ISLA SOTO",
        "departamento": "",
        "provincia": "",
        "altitud": "",
        "pais": "Perú",
        "estado": "DIFERIDO",
        "tipo_est": "M",
        "categoria": "CO",
        "fuente": "SENAMHI Perú oficial"
      }
    },
    {
      "type": "Feature",
      "geometry": {
        "type": "Point",
        "coordinates": [
          -70.2078,
          -15.4441
        ]
      },
      "properties": {
        "codigo": "115138",
        "codigo_ant": "007454",
        "nombre": "JULIACA",
        "departamento": "",
        "provincia": "",
        "altitud": "",
        "pais": "Perú",
        "estado": "DIFERIDO",
        "tipo_est": "M",
        "categoria": "CO",
        "fuente": "SENAMHI Perú oficial"
      }
    },
    {
      "type": "Feature",
      "geometry": {
        "type": "Point",
        "coordinates": [
          -70.224,
          -15.4718
        ]
      },
      "properties": {
        "codigo": "210406",
        "codigo_ant": "210406",
        "nombre": "PUENTE ISLA CABANILLAS",
        "departamento": "",
        "provincia": "",
        "altitud": "",
        "pais": "Perú",
        "estado": "DIFERIDO",
        "tipo_est": "H",
        "categoria": "HLM",
        "fuente": "SENAMHI Perú oficial"
      }
    },
    {
      "type": "Feature",
      "geometry": {
        "type": "Point",
        "coordinates": [
          -69.55,
          -14.4888
        ]
      },
      "properties": {
        "codigo": "114096",
        "codigo_ant": "157418",
        "nombre": "CUYO CUYO",
        "departamento": "",
        "provincia": "",
        "altitud": "",
        "pais": "Perú",
        "estado": "DIFERIDO",
        "tipo_est": "M",
        "categoria": "CO",
        "fuente": "SENAMHI Perú oficial"
      }
    },
    {
      "type": "Feature",
      "geometry": {
        "type": "Point",
        "coordinates": [
          -69.687,
          -14.1397
        ]
      },
      "properties": {
        "codigo": "114049",
        "codigo_ant": "000825",
        "nombre": "LIMBANI",
        "departamento": "",
        "provincia": "",
        "altitud": "",
        "pais": "Perú",
        "estado": "DIFERIDO",
        "tipo_est": "M",
        "categoria": "CO",
        "fuente": "SENAMHI Perú oficial"
      }
    },
    {
      "type": "Feature",
      "geometry": {
        "type": "Point",
        "coordinates": [
          -69.6902,
          -14.1481
        ]
      },
      "properties": {
        "codigo": "260501",
        "codigo_ant": "260501",
        "nombre": "LIMBANI",
        "departamento": "",
        "provincia": "",
        "altitud": "",
        "pais": "Perú",
        "estado": "DIFERIDO",
        "tipo_est": "H",
        "categoria": "HLG",
        "fuente": "SENAMHI Perú oficial"
      }
    },
    {
      "type": "Feature",
      "geometry": {
        "type": "Point",
        "coordinates": [
          -69.16178,
          -14.22529
        ]
      },
      "properties": {
        "codigo": "114043",
        "codigo_ant": "000790",
        "nombre": "TAMBOPATA",
        "departamento": "",
        "provincia": "",
        "altitud": "",
        "pais": "Perú",
        "estado": "DIFERIDO",
        "tipo_est": "M",
        "categoria": "CO",
        "fuente": "SENAMHI Perú oficial"
      }
    },
    {
      "type": "Feature",
      "geometry": {
        "type": "Point",
        "coordinates": [
          -69.07472,
          -16.30783
        ]
      },
      "properties": {
        "codigo": "116030",
        "codigo_ant": "000882",
        "nombre": "TAHUACO - YUNGUYO",
        "departamento": "",
        "provincia": "",
        "altitud": "",
        "pais": "Perú",
        "estado": "DIFERIDO",
        "tipo_est": "M",
        "categoria": "CO",
        "fuente": "SENAMHI Perú oficial"
      }
    },
    {
      "type": "Feature",
      "geometry": {
        "type": "Point",
        "coordinates": [
          -68.85034,
          -16.3299
        ]
      },
      "properties": {
        "codigo": "116009",
        "codigo_ant": "000822",
        "nombre": "ISLA SUANA",
        "departamento": "",
        "provincia": "",
        "altitud": "",
        "pais": "Perú",
        "estado": "DIFERIDO",
        "tipo_est": "M",
        "categoria": "CO",
        "fuente": "SENAMHI Perú oficial"
      }
    },
    {
      "type": "Feature",
      "geometry": {
        "type": "Point",
        "coordinates": [
          -76.41389,
          -7.40711
        ]
      },
      "properties": {
        "codigo": "107069",
        "codigo_ant": "153225",
        "nombre": "JOSE OLAYA",
        "departamento": "",
        "provincia": "",
        "altitud": "",
        "pais": "Perú",
        "estado": "DIFERIDO",
        "tipo_est": "M",
        "categoria": "CO",
        "fuente": "SENAMHI Perú oficial"
      }
    },
    {
      "type": "Feature",
      "geometry": {
        "type": "Point",
        "coordinates": [
          -76.4771,
          -7.25442
        ]
      },
      "properties": {
        "codigo": "107095",
        "codigo_ant": "153345",
        "nombre": "CUZCO-BIAVO",
        "departamento": "",
        "provincia": "",
        "altitud": "",
        "pais": "Perú",
        "estado": "DIFERIDO",
        "tipo_est": "M",
        "categoria": "PLU",
        "fuente": "SENAMHI Perú oficial"
      }
    },
    {
      "type": "Feature",
      "geometry": {
        "type": "Point",
        "coordinates": [
          -76.47778,
          -7.25497
        ]
      },
      "properties": {
        "codigo": "221804",
        "codigo_ant": "221804",
        "nombre": "BIAVO",
        "departamento": "",
        "provincia": "",
        "altitud": "",
        "pais": "Perú",
        "estado": "DIFERIDO",
        "tipo_est": "H",
        "categoria": "HLG",
        "fuente": "SENAMHI Perú oficial"
      }
    },
    {
      "type": "Feature",
      "geometry": {
        "type": "Point",
        "coordinates": [
          -76.49275,
          -7.16319
        ]
      },
      "properties": {
        "codigo": "107013",
        "codigo_ant": "000384",
        "nombre": "LA UNION",
        "departamento": "",
        "provincia": "",
        "altitud": "",
        "pais": "Perú",
        "estado": "DIFERIDO",
        "tipo_est": "M",
        "categoria": "CO",
        "fuente": "SENAMHI Perú oficial"
      }
    },
    {
      "type": "Feature",
      "geometry": {
        "type": "Point",
        "coordinates": [
          -76.47233,
          -7.09628
        ]
      },
      "properties": {
        "codigo": "107089",
        "codigo_ant": "153312",
        "nombre": "NUEVO LIMA",
        "departamento": "",
        "provincia": "",
        "altitud": "",
        "pais": "Perú",
        "estado": "DIFERIDO",
        "tipo_est": "M",
        "categoria": "CO",
        "fuente": "SENAMHI Perú oficial"
      }
    },
    {
      "type": "Feature",
      "geometry": {
        "type": "Point",
        "coordinates": [
          -76.48075,
          -6.50825
        ]
      },
      "properties": {
        "codigo": "106094",
        "codigo_ant": "153311",
        "nombre": "CUÑUMBUQUE",
        "departamento": "",
        "provincia": "",
        "altitud": "",
        "pais": "Perú",
        "estado": "DIFERIDO",
        "tipo_est": "M",
        "categoria": "PLU",
        "fuente": "SENAMHI Perú oficial"
      }
    },
    {
      "type": "Feature",
      "geometry": {
        "type": "Point",
        "coordinates": [
          -76.60028,
          -6.41312
        ]
      },
      "properties": {
        "codigo": "106115",
        "codigo_ant": "153328",
        "nombre": "SHANAO",
        "departamento": "",
        "provincia": "",
        "altitud": "",
        "pais": "Perú",
        "estado": "DIFERIDO",
        "tipo_est": "M",
        "categoria": "PLU",
        "fuente": "SENAMHI Perú oficial"
      }
    },
    {
      "type": "Feature",
      "geometry": {
        "type": "Point",
        "coordinates": [
          -76.60001,
          -6.41291
        ]
      },
      "properties": {
        "codigo": "221802",
        "codigo_ant": "221802",
        "nombre": "SHANAO",
        "departamento": "",
        "provincia": "",
        "altitud": "",
        "pais": "Perú",
        "estado": "DIFERIDO",
        "tipo_est": "H",
        "categoria": "HLG",
        "fuente": "SENAMHI Perú oficial"
      }
    },
    {
      "type": "Feature",
      "geometry": {
        "type": "Point",
        "coordinates": [
          -76.76171,
          -6.2818
        ]
      },
      "properties": {
        "codigo": "110127",
        "codigo_ant": "110127",
        "nombre": "PACAYZAPA",
        "departamento": "",
        "provincia": "",
        "altitud": "",
        "pais": "Perú",
        "estado": "DIFERIDO",
        "tipo_est": "M",
        "categoria": "CO",
        "fuente": "SENAMHI Perú oficial"
      }
    },
    {
      "type": "Feature",
      "geometry": {
        "type": "Point",
        "coordinates": [
          -76.73494,
          -7.26356
        ]
      },
      "properties": {
        "codigo": "107101",
        "codigo_ant": "153350",
        "nombre": "HUAYABAMBA",
        "departamento": "",
        "provincia": "",
        "altitud": "",
        "pais": "Perú",
        "estado": "DIFERIDO",
        "tipo_est": "M",
        "categoria": "PLU",
        "fuente": "SENAMHI Perú oficial"
      }
    },
    {
      "type": "Feature",
      "geometry": {
        "type": "Point",
        "coordinates": [
          -76.65311,
          -7.48434
        ]
      },
      "properties": {
        "codigo": "100019",
        "codigo_ant": "003304",
        "nombre": "CAMPANILLA",
        "departamento": "",
        "provincia": "",
        "altitud": "",
        "pais": "Perú",
        "estado": "DIFERIDO",
        "tipo_est": "M",
        "categoria": "CO",
        "fuente": "SENAMHI Perú oficial"
      }
    },
    {
      "type": "Feature",
      "geometry": {
        "type": "Point",
        "coordinates": [
          -76.33022,
          -6.91989
        ]
      },
      "properties": {
        "codigo": "106095",
        "codigo_ant": "153313",
        "nombre": "PICOTA",
        "departamento": "",
        "provincia": "",
        "altitud": "",
        "pais": "Perú",
        "estado": "DIFERIDO",
        "tipo_est": "M",
        "categoria": "PLU",
        "fuente": "SENAMHI Perú oficial"
      }
    },
    {
      "type": "Feature",
      "geometry": {
        "type": "Point",
        "coordinates": [
          -77.39264,
          -5.80964
        ]
      },
      "properties": {
        "codigo": "105103",
        "codigo_ant": "000219",
        "nombre": "NARANJILLO",
        "departamento": "",
        "provincia": "",
        "altitud": "",
        "pais": "Perú",
        "estado": "DIFERIDO",
        "tipo_est": "M",
        "categoria": "CO",
        "fuente": "SENAMHI Perú oficial"
      }
    },
    {
      "type": "Feature",
      "geometry": {
        "type": "Point",
        "coordinates": [
          -75.8025,
          -6.21531
        ]
      },
      "properties": {
        "codigo": "106112",
        "codigo_ant": "153322",
        "nombre": "PELEJO",
        "departamento": "",
        "provincia": "",
        "altitud": "",
        "pais": "Perú",
        "estado": "DIFERIDO",
        "tipo_est": "M",
        "categoria": "CO",
        "fuente": "SENAMHI Perú oficial"
      }
    },
    {
      "type": "Feature",
      "geometry": {
        "type": "Point",
        "coordinates": [
          -75.84556,
          -6.45278
        ]
      },
      "properties": {
        "codigo": "106110",
        "codigo_ant": "153320",
        "nombre": "PUCALLPA - HUIMBAYOC",
        "departamento": "",
        "provincia": "",
        "altitud": "",
        "pais": "Perú",
        "estado": "DIFERIDO",
        "tipo_est": "M",
        "categoria": "PLU",
        "fuente": "SENAMHI Perú oficial"
      }
    },
    {
      "type": "Feature",
      "geometry": {
        "type": "Point",
        "coordinates": [
          -76.38199,
          -6.47251
        ]
      },
      "properties": {
        "codigo": "221801",
        "codigo_ant": "221801",
        "nombre": "CUMBAZA",
        "departamento": "",
        "provincia": "",
        "altitud": "",
        "pais": "Perú",
        "estado": "DIFERIDO",
        "tipo_est": "H",
        "categoria": "HLG",
        "fuente": "SENAMHI Perú oficial"
      }
    },
    {
      "type": "Feature",
      "geometry": {
        "type": "Point",
        "coordinates": [
          -76.4072,
          -6.41274
        ]
      },
      "properties": {
        "codigo": "106096",
        "codigo_ant": "153314",
        "nombre": "SAN ANTONIO",
        "departamento": "",
        "provincia": "",
        "altitud": "",
        "pais": "Perú",
        "estado": "DIFERIDO",
        "tipo_est": "M",
        "categoria": "CO",
        "fuente": "SENAMHI Perú oficial"
      }
    },
    {
      "type": "Feature",
      "geometry": {
        "type": "Point",
        "coordinates": [
          -69.6264,
          -17.5807
        ]
      },
      "properties": {
        "codigo": "215000",
        "codigo_ant": "205206",
        "nombre": "CANAL UCHUSUMA",
        "departamento": "",
        "provincia": "",
        "altitud": "",
        "pais": "Perú",
        "estado": "DIFERIDO",
        "tipo_est": "H",
        "categoria": "HLG",
        "fuente": "SENAMHI Perú oficial"
      }
    },
    {
      "type": "Feature",
      "geometry": {
        "type": "Point",
        "coordinates": [
          -69.62672,
          -17.5802
        ]
      },
      "properties": {
        "codigo": "100016",
        "codigo_ant": "008331",
        "nombre": "BOCATOMA",
        "departamento": "",
        "provincia": "",
        "altitud": "",
        "pais": "Perú",
        "estado": "DIFERIDO",
        "tipo_est": "M",
        "categoria": "CO",
        "fuente": "SENAMHI Perú oficial"
      }
    },
    {
      "type": "Feature",
      "geometry": {
        "type": "Point",
        "coordinates": [
          -69.78039,
          -17.53291
        ]
      },
      "properties": {
        "codigo": "117043",
        "codigo_ant": "158328",
        "nombre": "PAUCARANI",
        "departamento": "",
        "provincia": "",
        "altitud": "",
        "pais": "Perú",
        "estado": "DIFERIDO",
        "tipo_est": "M",
        "categoria": "CO",
        "fuente": "SENAMHI Perú oficial"
      }
    },
    {
      "type": "Feature",
      "geometry": {
        "type": "Point",
        "coordinates": [
          -70.36269,
          -17.28121
        ]
      },
      "properties": {
        "codigo": "117030",
        "codigo_ant": "158313",
        "nombre": "CAIRANI",
        "departamento": "",
        "provincia": "",
        "altitud": "",
        "pais": "Perú",
        "estado": "DIFERIDO",
        "tipo_est": "M",
        "categoria": "CO",
        "fuente": "SENAMHI Perú oficial"
      }
    },
    {
      "type": "Feature",
      "geometry": {
        "type": "Point",
        "coordinates": [
          -70.23731,
          -17.32913
        ]
      },
      "properties": {
        "codigo": "117054",
        "codigo_ant": "117054",
        "nombre": "ARICOTA",
        "departamento": "",
        "provincia": "",
        "altitud": "",
        "pais": "Perú",
        "estado": "DIFERIDO",
        "tipo_est": "M",
        "categoria": "CO",
        "fuente": "SENAMHI Perú oficial"
      }
    },
    {
      "type": "Feature",
      "geometry": {
        "type": "Point",
        "coordinates": [
          -69.6435,
          -17.28727
        ]
      },
      "properties": {
        "codigo": "117060",
        "codigo_ant": "117060",
        "nombre": "CHUAPALCA ALTERNATIVA ALTA",
        "departamento": "",
        "provincia": "",
        "altitud": "",
        "pais": "Perú",
        "estado": "DIFERIDO",
        "tipo_est": "H",
        "categoria": "HLM",
        "fuente": "SENAMHI Perú oficial"
      }
    },
    {
      "type": "Feature",
      "geometry": {
        "type": "Point",
        "coordinates": [
          -69.6468,
          -17.2981
        ]
      },
      "properties": {
        "codigo": "270900",
        "codigo_ant": "211706",
        "nombre": "CHUAPALCA",
        "departamento": "",
        "provincia": "",
        "altitud": "",
        "pais": "Perú",
        "estado": "DIFERIDO",
        "tipo_est": "H",
        "categoria": "HLM",
        "fuente": "SENAMHI Perú oficial"
      }
    },
    {
      "type": "Feature",
      "geometry": {
        "type": "Point",
        "coordinates": [
          -69.4864,
          -17.3824
        ]
      },
      "properties": {
        "codigo": "117049",
        "codigo_ant": "158332",
        "nombre": "LA FRONTERA",
        "departamento": "",
        "provincia": "",
        "altitud": "",
        "pais": "Perú",
        "estado": "DIFERIDO",
        "tipo_est": "M",
        "categoria": "CO",
        "fuente": "SENAMHI Perú oficial"
      }
    },
    {
      "type": "Feature",
      "geometry": {
        "type": "Point",
        "coordinates": [
          -69.6618,
          -17.3088
        ]
      },
      "properties": {
        "codigo": "117013",
        "codigo_ant": "000860",
        "nombre": "CHUAPALCA",
        "departamento": "",
        "provincia": "",
        "altitud": "",
        "pais": "Perú",
        "estado": "DIFERIDO",
        "tipo_est": "M",
        "categoria": "CO",
        "fuente": "SENAMHI Perú oficial"
      }
    },
    {
      "type": "Feature",
      "geometry": {
        "type": "Point",
        "coordinates": [
          -69.9868,
          -17.5526
        ]
      },
      "properties": {
        "codigo": "117039",
        "codigo_ant": "158323",
        "nombre": "TALABAYA",
        "departamento": "",
        "provincia": "",
        "altitud": "",
        "pais": "Perú",
        "estado": "DIFERIDO",
        "tipo_est": "M",
        "categoria": "CO",
        "fuente": "SENAMHI Perú oficial"
      }
    },
    {
      "type": "Feature",
      "geometry": {
        "type": "Point",
        "coordinates": [
          -70.04302,
          -17.07906
        ]
      },
      "properties": {
        "codigo": "117014",
        "codigo_ant": "000861",
        "nombre": "VILACOTA",
        "departamento": "",
        "provincia": "",
        "altitud": "",
        "pais": "Perú",
        "estado": "DIFERIDO",
        "tipo_est": "M",
        "categoria": "CO",
        "fuente": "SENAMHI Perú oficial"
      }
    },
    {
      "type": "Feature",
      "geometry": {
        "type": "Point",
        "coordinates": [
          -70.0424,
          -17.0786
        ]
      },
      "properties": {
        "codigo": "211705",
        "codigo_ant": "211707",
        "nombre": "VILACOTA",
        "departamento": "",
        "provincia": "",
        "altitud": "",
        "pais": "Perú",
        "estado": "DIFERIDO",
        "tipo_est": "H",
        "categoria": "HLM",
        "fuente": "SENAMHI Perú oficial"
      }
    },
    {
      "type": "Feature",
      "geometry": {
        "type": "Point",
        "coordinates": [
          -80.40182,
          -3.97594
        ]
      },
      "properties": {
        "codigo": "103043",
        "codigo_ant": "000139",
        "nombre": "CABO INGA",
        "departamento": "",
        "provincia": "",
        "altitud": "",
        "pais": "Perú",
        "estado": "DIFERIDO",
        "tipo_est": "M",
        "categoria": "CO",
        "fuente": "SENAMHI Perú oficial"
      }
    },
    {
      "type": "Feature",
      "geometry": {
        "type": "Point",
        "coordinates": [
          -80.2802,
          -3.45171
        ]
      },
      "properties": {
        "codigo": "103041",
        "codigo_ant": "000135",
        "nombre": "EL SALTO",
        "departamento": "",
        "provincia": "",
        "altitud": "",
        "pais": "Perú",
        "estado": "DIFERIDO",
        "tipo_est": "M",
        "categoria": "CO",
        "fuente": "SENAMHI Perú oficial"
      }
    },
    {
      "type": "Feature",
      "geometry": {
        "type": "Point",
        "coordinates": [
          -80.19857,
          -3.68277
        ]
      },
      "properties": {
        "codigo": "103008",
        "codigo_ant": "150112",
        "nombre": "MATAPALO",
        "departamento": "",
        "provincia": "",
        "altitud": "",
        "pais": "Perú",
        "estado": "DIFERIDO",
        "tipo_est": "M",
        "categoria": "PLU",
        "fuente": "SENAMHI Perú oficial"
      }
    },
    {
      "type": "Feature",
      "geometry": {
        "type": "Point",
        "coordinates": [
          -74.57185,
          -8.41323
        ]
      },
      "properties": {
        "codigo": "108021",
        "codigo_ant": "000449",
        "nombre": "PUCALLPA",
        "departamento": "",
        "provincia": "",
        "altitud": "",
        "pais": "Perú",
        "estado": "DIFERIDO",
        "tipo_est": "M",
        "categoria": "CP",
        "fuente": "SENAMHI Perú oficial"
      }
    },
    {
      "type": "Feature",
      "geometry": {
        "type": "Point",
        "coordinates": [
          -75.09681,
          -8.44999
        ]
      },
      "properties": {
        "codigo": "108027",
        "codigo_ant": "000459",
        "nombre": "EL MARONAL",
        "departamento": "",
        "provincia": "",
        "altitud": "",
        "pais": "Perú",
        "estado": "DIFERIDO",
        "tipo_est": "M",
        "categoria": "CP",
        "fuente": "SENAMHI Perú oficial"
      }
    },
    {
      "type": "Feature",
      "geometry": {
        "type": "Point",
        "coordinates": [
          -75.74496,
          -13.65773
        ]
      },
      "properties": {
        "codigo": "113153",
        "codigo_ant": "156132",
        "nombre": "LETRAYOC",
        "departamento": "",
        "provincia": "",
        "altitud": "",
        "pais": "Perú",
        "estado": "DIFERIDO",
        "tipo_est": "M",
        "categoria": "PLU",
        "fuente": "SENAMHI Perú oficial"
      }
    },
    {
      "type": "Feature",
      "geometry": {
        "type": "Point",
        "coordinates": [
          -75.62102,
          -13.60118
        ]
      },
      "properties": {
        "codigo": "113009",
        "codigo_ant": "000639",
        "nombre": "HUANCANO",
        "departamento": "",
        "provincia": "",
        "altitud": "",
        "pais": "Perú",
        "estado": "DIFERIDO",
        "tipo_est": "M",
        "categoria": "CO",
        "fuente": "SENAMHI Perú oficial"
      }
    },
    {
      "type": "Feature",
      "geometry": {
        "type": "Point",
        "coordinates": [
          -75.1035,
          -11.9873
        ]
      },
      "properties": {
        "codigo": "111174",
        "codigo_ant": "111174",
        "nombre": "ACOPALCA",
        "departamento": "",
        "provincia": "",
        "altitud": "",
        "pais": "Perú",
        "estado": "DIFERIDO",
        "tipo_est": "M",
        "categoria": "CO",
        "fuente": "SENAMHI Perú oficial"
      }
    },
    {
      "type": "Feature",
      "geometry": {
        "type": "Point",
        "coordinates": [
          -75.00632,
          -10.86167
        ]
      },
      "properties": {
        "codigo": "250502",
        "codigo_ant": "250502",
        "nombre": "CHIRANI",
        "departamento": "",
        "provincia": "",
        "altitud": "",
        "pais": "Perú",
        "estado": "DIFERIDO",
        "tipo_est": "H",
        "categoria": "HLM",
        "fuente": "SENAMHI Perú oficial"
      }
    },
    {
      "type": "Feature",
      "geometry": {
        "type": "Point",
        "coordinates": [
          -75.00632,
          -10.86167
        ]
      },
      "properties": {
        "codigo": "110143",
        "codigo_ant": "110143",
        "nombre": "CHIRANI",
        "departamento": "",
        "provincia": "",
        "altitud": "",
        "pais": "Perú",
        "estado": "DIFERIDO",
        "tipo_est": "M",
        "categoria": "PLU",
        "fuente": "SENAMHI Perú oficial"
      }
    },
    {
      "type": "Feature",
      "geometry": {
        "type": "Point",
        "coordinates": [
          -74.3051,
          -11.1467
        ]
      },
      "properties": {
        "codigo": "111039",
        "codigo_ant": "000572",
        "nombre": "PUERTO OCOPA",
        "departamento": "",
        "provincia": "",
        "altitud": "",
        "pais": "Perú",
        "estado": "DIFERIDO",
        "tipo_est": "M",
        "categoria": "CO",
        "fuente": "SENAMHI Perú oficial"
      }
    },
    {
      "type": "Feature",
      "geometry": {
        "type": "Point",
        "coordinates": [
          -76.28505,
          -11.20267
        ]
      },
      "properties": {
        "codigo": "111070",
        "codigo_ant": "155115",
        "nombre": "CARHUACAYAN",
        "departamento": "",
        "provincia": "",
        "altitud": "",
        "pais": "Perú",
        "estado": "DIFERIDO",
        "tipo_est": "M",
        "categoria": "PLU",
        "fuente": "SENAMHI Perú oficial"
      }
    },
    {
      "type": "Feature",
      "geometry": {
        "type": "Point",
        "coordinates": [
          -76.32569,
          -11.1865
        ]
      },
      "properties": {
        "codigo": "230801",
        "codigo_ant": "230902",
        "nombre": "RIO PALLANGA",
        "departamento": "",
        "provincia": "",
        "altitud": "",
        "pais": "Perú",
        "estado": "DIFERIDO",
        "tipo_est": "H",
        "categoria": "HLM",
        "fuente": "SENAMHI Perú oficial"
      }
    },
    {
      "type": "Feature",
      "geometry": {
        "type": "Point",
        "coordinates": [
          -76.10639,
          -11.69886
        ]
      },
      "properties": {
        "codigo": "230803",
        "codigo_ant": "230908",
        "nombre": "RUMICHACA",
        "departamento": "",
        "provincia": "",
        "altitud": "",
        "pais": "Perú",
        "estado": "DIFERIDO",
        "tipo_est": "H",
        "categoria": "HLM",
        "fuente": "SENAMHI Perú oficial"
      }
    },
    {
      "type": "Feature",
      "geometry": {
        "type": "Point",
        "coordinates": [
          -76.08333,
          -11.66667
        ]
      },
      "properties": {
        "codigo": "111099",
        "codigo_ant": "155235",
        "nombre": "YAULI",
        "departamento": "",
        "provincia": "",
        "altitud": "",
        "pais": "Perú",
        "estado": "DIFERIDO",
        "tipo_est": "M",
        "categoria": "PLU",
        "fuente": "SENAMHI Perú oficial"
      }
    },
    {
      "type": "Feature",
      "geometry": {
        "type": "Point",
        "coordinates": [
          -78.48607,
          -8.04229
        ]
      },
      "properties": {
        "codigo": "108043",
        "codigo_ant": "154101",
        "nombre": "JULCAN",
        "departamento": "",
        "provincia": "",
        "altitud": "",
        "pais": "Perú",
        "estado": "DIFERIDO",
        "tipo_est": "M",
        "categoria": "PLU",
        "fuente": "SENAMHI Perú oficial"
      }
    },
    {
      "type": "Feature",
      "geometry": {
        "type": "Point",
        "coordinates": [
          -78.75503,
          -7.85021
        ]
      },
      "properties": {
        "codigo": "107059",
        "codigo_ant": "153206",
        "nombre": "SINSICAP",
        "departamento": "",
        "provincia": "",
        "altitud": "",
        "pais": "Perú",
        "estado": "DIFERIDO",
        "tipo_est": "M",
        "categoria": "PLU",
        "fuente": "SENAMHI Perú oficial"
      }
    },
    {
      "type": "Feature",
      "geometry": {
        "type": "Point",
        "coordinates": [
          -78.38012,
          -7.79636
        ]
      },
      "properties": {
        "codigo": "211004",
        "codigo_ant": "211004",
        "nombre": "PUENTE COINA",
        "departamento": "",
        "provincia": "",
        "altitud": "",
        "pais": "Perú",
        "estado": "DIFERIDO",
        "tipo_est": "H",
        "categoria": "HLM",
        "fuente": "SENAMHI Perú oficial"
      }
    },
    {
      "type": "Feature",
      "geometry": {
        "type": "Point",
        "coordinates": [
          -79.4191,
          -7.28005
        ]
      },
      "properties": {
        "codigo": "100136",
        "codigo_ant": "000325",
        "nombre": "TALLA (GUADALUPE)",
        "departamento": "",
        "provincia": "",
        "altitud": "",
        "pais": "Perú",
        "estado": "DIFERIDO",
        "tipo_est": "M",
        "categoria": "CP",
        "fuente": "SENAMHI Perú oficial"
      }
    },
    {
      "type": "Feature",
      "geometry": {
        "type": "Point",
        "coordinates": [
          -78.0681,
          -7.9375
        ]
      },
      "properties": {
        "codigo": "107092",
        "codigo_ant": "153327",
        "nombre": "HUANGACOCHA",
        "departamento": "",
        "provincia": "",
        "altitud": "",
        "pais": "Perú",
        "estado": "DIFERIDO",
        "tipo_est": "M",
        "categoria": "PLU",
        "fuente": "SENAMHI Perú oficial"
      }
    },
    {
      "type": "Feature",
      "geometry": {
        "type": "Point",
        "coordinates": [
          -78.06705,
          -7.9325
        ]
      },
      "properties": {
        "codigo": "220204",
        "codigo_ant": "220204",
        "nombre": "LAGUNA HUANGACOCHA",
        "departamento": "",
        "provincia": "",
        "altitud": "",
        "pais": "Perú",
        "estado": "DIFERIDO",
        "tipo_est": "H",
        "categoria": "HLM",
        "fuente": "SENAMHI Perú oficial"
      }
    },
    {
      "type": "Feature",
      "geometry": {
        "type": "Point",
        "coordinates": [
          -77.95397,
          -8.19137
        ]
      },
      "properties": {
        "codigo": "108046",
        "codigo_ant": "154106",
        "nombre": "MOLLEPATA",
        "departamento": "",
        "provincia": "",
        "altitud": "",
        "pais": "Perú",
        "estado": "DIFERIDO",
        "tipo_est": "M",
        "categoria": "PE",
        "fuente": "SENAMHI Perú oficial"
      }
    },
    {
      "type": "Feature",
      "geometry": {
        "type": "Point",
        "coordinates": [
          -78.2937,
          -8.1221
        ]
      },
      "properties": {
        "codigo": "108048",
        "codigo_ant": "154112",
        "nombre": "HUACAMARCANGA",
        "departamento": "",
        "provincia": "",
        "altitud": "",
        "pais": "Perú",
        "estado": "DIFERIDO",
        "tipo_est": "M",
        "categoria": "PE",
        "fuente": "SENAMHI Perú oficial"
      }
    },
    {
      "type": "Feature",
      "geometry": {
        "type": "Point",
        "coordinates": [
          -78.2876,
          -8.1081
        ]
      },
      "properties": {
        "codigo": "201717",
        "codigo_ant": "201717",
        "nombre": "HUACAMARCANGA",
        "departamento": "",
        "provincia": "",
        "altitud": "",
        "pais": "Perú",
        "estado": "DIFERIDO",
        "tipo_est": "H",
        "categoria": "HLM",
        "fuente": "SENAMHI Perú oficial"
      }
    },
    {
      "type": "Feature",
      "geometry": {
        "type": "Point",
        "coordinates": [
          -78.30791,
          -8.00422
        ]
      },
      "properties": {
        "codigo": "108044",
        "codigo_ant": "154102",
        "nombre": "QUIRUVILCA",
        "departamento": "",
        "provincia": "",
        "altitud": "",
        "pais": "Perú",
        "estado": "DIFERIDO",
        "tipo_est": "M",
        "categoria": "PLU",
        "fuente": "SENAMHI Perú oficial"
      }
    },
    {
      "type": "Feature",
      "geometry": {
        "type": "Point",
        "coordinates": [
          -78.81051,
          -7.54919
        ]
      },
      "properties": {
        "codigo": "211002",
        "codigo_ant": "211002",
        "nombre": "PUENTE PALMIRA",
        "departamento": "",
        "provincia": "",
        "altitud": "",
        "pais": "Perú",
        "estado": "DIFERIDO",
        "tipo_est": "H",
        "categoria": "HLM",
        "fuente": "SENAMHI Perú oficial"
      }
    },
    {
      "type": "Feature",
      "geometry": {
        "type": "Point",
        "coordinates": [
          -78.70655,
          -7.57398
        ]
      },
      "properties": {
        "codigo": "211003",
        "codigo_ant": "211003",
        "nombre": "EL TAMBO",
        "departamento": "",
        "provincia": "",
        "altitud": "",
        "pais": "Perú",
        "estado": "DIFERIDO",
        "tipo_est": "H",
        "categoria": "HLM",
        "fuente": "SENAMHI Perú oficial"
      }
    },
    {
      "type": "Feature",
      "geometry": {
        "type": "Point",
        "coordinates": [
          -79.4279,
          -6.65493
        ]
      },
      "properties": {
        "codigo": "106049",
        "codigo_ant": "000335",
        "nombre": "TINAJONES",
        "departamento": "",
        "provincia": "",
        "altitud": "",
        "pais": "Perú",
        "estado": "DIFERIDO",
        "tipo_est": "M",
        "categoria": "CP",
        "fuente": "SENAMHI Perú oficial"
      }
    },
    {
      "type": "Feature",
      "geometry": {
        "type": "Point",
        "coordinates": [
          -79.31806,
          -6.23389
        ]
      },
      "properties": {
        "codigo": "106037",
        "codigo_ant": "000307",
        "nombre": "INCAHUASI",
        "departamento": "",
        "provincia": "",
        "altitud": "",
        "pais": "Perú",
        "estado": "DIFERIDO",
        "tipo_est": "M",
        "categoria": "CP",
        "fuente": "SENAMHI Perú oficial"
      }
    },
    {
      "type": "Feature",
      "geometry": {
        "type": "Point",
        "coordinates": [
          -79.4045,
          -6.1313
        ]
      },
      "properties": {
        "codigo": "106060",
        "codigo_ant": "153102",
        "nombre": "CUEVA BLANCA",
        "departamento": "",
        "provincia": "",
        "altitud": "",
        "pais": "Perú",
        "estado": "DIFERIDO",
        "tipo_est": "M",
        "categoria": "PLU",
        "fuente": "SENAMHI Perú oficial"
      }
    },
    {
      "type": "Feature",
      "geometry": {
        "type": "Point",
        "coordinates": [
          -79.46951,
          -6.37361
        ]
      },
      "properties": {
        "codigo": "106120",
        "codigo_ant": "003114",
        "nombre": "PUCHACA",
        "departamento": "",
        "provincia": "",
        "altitud": "",
        "pais": "Perú",
        "estado": "DIFERIDO",
        "tipo_est": "M",
        "categoria": "CO",
        "fuente": "SENAMHI Perú oficial"
      }
    },
    {
      "type": "Feature",
      "geometry": {
        "type": "Point",
        "coordinates": [
          -79.46697,
          -6.37317
        ]
      },
      "properties": {
        "codigo": "200801",
        "codigo_ant": "200802",
        "nombre": "PUCHACA",
        "departamento": "",
        "provincia": "",
        "altitud": "",
        "pais": "Perú",
        "estado": "DIFERIDO",
        "tipo_est": "H",
        "categoria": "HLG",
        "fuente": "SENAMHI Perú oficial"
      }
    },
    {
      "type": "Feature",
      "geometry": {
        "type": "Point",
        "coordinates": [
          -80.20463,
          -5.92461
        ]
      },
      "properties": {
        "codigo": "105122",
        "codigo_ant": "105122",
        "nombre": "CERRO DE ARENA",
        "departamento": "",
        "provincia": "",
        "altitud": "",
        "pais": "Perú",
        "estado": "DIFERIDO",
        "tipo_est": "M",
        "categoria": "CO",
        "fuente": "SENAMHI Perú oficial"
      }
    },
    {
      "type": "Feature",
      "geometry": {
        "type": "Point",
        "coordinates": [
          -79.97184,
          -5.91741
        ]
      },
      "properties": {
        "codigo": "105121",
        "codigo_ant": "105121",
        "nombre": "PASAJE SUR",
        "departamento": "",
        "provincia": "",
        "altitud": "",
        "pais": "Perú",
        "estado": "DIFERIDO",
        "tipo_est": "M",
        "categoria": "CO",
        "fuente": "SENAMHI Perú oficial"
      }
    },
    {
      "type": "Feature",
      "geometry": {
        "type": "Point",
        "coordinates": [
          -78.80512,
          -6.37964
        ]
      },
      "properties": {
        "codigo": "106057",
        "codigo_ant": "",
        "nombre": "CUTERVO",
        "departamento": "",
        "provincia": "",
        "altitud": "",
        "pais": "Perú",
        "estado": "REAL",
        "tipo_est": "M",
        "categoria": "CO",
        "fuente": "SENAMHI Perú oficial"
      }
    },
    {
      "type": "Feature",
      "geometry": {
        "type": "Point",
        "coordinates": [
          -78.51823,
          -6.68656
        ]
      },
      "properties": {
        "codigo": "221106",
        "codigo_ant": "",
        "nombre": "LLAUCANO CORELLAMA",
        "departamento": "",
        "provincia": "",
        "altitud": "",
        "pais": "Perú",
        "estado": "REAL",
        "tipo_est": "H",
        "categoria": "HLG",
        "fuente": "SENAMHI Perú oficial"
      }
    },
    {
      "type": "Feature",
      "geometry": {
        "type": "Point",
        "coordinates": [
          -78.51834,
          -6.67655
        ]
      },
      "properties": {
        "codigo": "100015",
        "codigo_ant": "",
        "nombre": "BAMBAMARCA",
        "departamento": "",
        "provincia": "",
        "altitud": "",
        "pais": "Perú",
        "estado": "REAL",
        "tipo_est": "M",
        "categoria": "CP",
        "fuente": "SENAMHI Perú oficial"
      }
    },
    {
      "type": "Feature",
      "geometry": {
        "type": "Point",
        "coordinates": [
          -78.77416,
          -5.67664
        ]
      },
      "properties": {
        "codigo": "105067",
        "codigo_ant": "",
        "nombre": "JAEN",
        "departamento": "",
        "provincia": "",
        "altitud": "",
        "pais": "Perú",
        "estado": "REAL",
        "tipo_est": "M",
        "categoria": "CP",
        "fuente": "SENAMHI Perú oficial"
      }
    },
    {
      "type": "Feature",
      "geometry": {
        "type": "Point",
        "coordinates": [
          -78.89767,
          -5.67175
        ]
      },
      "properties": {
        "codigo": "105062",
        "codigo_ant": "",
        "nombre": "LA CASCARILLA",
        "departamento": "",
        "provincia": "",
        "altitud": "",
        "pais": "Perú",
        "estado": "REAL",
        "tipo_est": "M",
        "categoria": "CO",
        "fuente": "SENAMHI Perú oficial"
      }
    },
    {
      "type": "Feature",
      "geometry": {
        "type": "Point",
        "coordinates": [
          -79.09,
          -5.64389
        ]
      },
      "properties": {
        "codigo": "105065",
        "codigo_ant": "",
        "nombre": "CHONTALI",
        "departamento": "",
        "provincia": "",
        "altitud": "",
        "pais": "Perú",
        "estado": "REAL",
        "tipo_est": "M",
        "categoria": "CO",
        "fuente": "SENAMHI Perú oficial"
      }
    },
    {
      "type": "Feature",
      "geometry": {
        "type": "Point",
        "coordinates": [
          -79.31264,
          -5.65886
        ]
      },
      "properties": {
        "codigo": "105053",
        "codigo_ant": "",
        "nombre": "SALLIQUE",
        "departamento": "",
        "provincia": "",
        "altitud": "",
        "pais": "Perú",
        "estado": "REAL",
        "tipo_est": "M",
        "categoria": "CO",
        "fuente": "SENAMHI Perú oficial"
      }
    },
    {
      "type": "Feature",
      "geometry": {
        "type": "Point",
        "coordinates": [
          -78.99512,
          -5.14708
        ]
      },
      "properties": {
        "codigo": "105058",
        "codigo_ant": "",
        "nombre": "SAN IGNACIO",
        "departamento": "",
        "provincia": "",
        "altitud": "",
        "pais": "Perú",
        "estado": "REAL",
        "tipo_est": "M",
        "categoria": "CO",
        "fuente": "SENAMHI Perú oficial"
      }
    },
    {
      "type": "Feature",
      "geometry": {
        "type": "Point",
        "coordinates": [
          -78.89759,
          -5.3085
        ]
      },
      "properties": {
        "codigo": "105074",
        "codigo_ant": "",
        "nombre": "CHIRINOS",
        "departamento": "",
        "provincia": "",
        "altitud": "",
        "pais": "Perú",
        "estado": "REAL",
        "tipo_est": "M",
        "categoria": "CO",
        "fuente": "SENAMHI Perú oficial"
      }
    },
    {
      "type": "Feature",
      "geometry": {
        "type": "Point",
        "coordinates": [
          -79.08862,
          -4.99953
        ]
      },
      "properties": {
        "codigo": "105107",
        "codigo_ant": "",
        "nombre": "NAMBALLE",
        "departamento": "",
        "provincia": "",
        "altitud": "",
        "pais": "Perú",
        "estado": "REAL",
        "tipo_est": "M",
        "categoria": "CO",
        "fuente": "SENAMHI Perú oficial"
      }
    },
    {
      "type": "Feature",
      "geometry": {
        "type": "Point",
        "coordinates": [
          -79.28488,
          -5.31515
        ]
      },
      "properties": {
        "codigo": "105056",
        "codigo_ant": "",
        "nombre": "TABACONAS",
        "departamento": "",
        "provincia": "",
        "altitud": "",
        "pais": "Perú",
        "estado": "REAL",
        "tipo_est": "M",
        "categoria": "CO",
        "fuente": "SENAMHI Perú oficial"
      }
    },
    {
      "type": "Feature",
      "geometry": {
        "type": "Point",
        "coordinates": [
          -78.1727,
          -7.32249
        ]
      },
      "properties": {
        "codigo": "107006",
        "codigo_ant": "",
        "nombre": "SAN MARCOS",
        "departamento": "",
        "provincia": "",
        "altitud": "",
        "pais": "Perú",
        "estado": "REAL",
        "tipo_est": "M",
        "categoria": "CO",
        "fuente": "SENAMHI Perú oficial"
      }
    },
    {
      "type": "Feature",
      "geometry": {
        "type": "Point",
        "coordinates": [
          -78.21262,
          -7.23687
        ]
      },
      "properties": {
        "codigo": "107038",
        "codigo_ant": "",
        "nombre": "SONDOR-MATARA",
        "departamento": "",
        "provincia": "",
        "altitud": "",
        "pais": "Perú",
        "estado": "REAL",
        "tipo_est": "M",
        "categoria": "CO",
        "fuente": "SENAMHI Perú oficial"
      }
    },
    {
      "type": "Feature",
      "geometry": {
        "type": "Point",
        "coordinates": [
          -78.85308,
          -6.99684
        ]
      },
      "properties": {
        "codigo": "106038",
        "codigo_ant": "",
        "nombre": "SAN MIGUEL",
        "departamento": "",
        "provincia": "",
        "altitud": "",
        "pais": "Perú",
        "estado": "REAL",
        "tipo_est": "M",
        "categoria": "CO",
        "fuente": "SENAMHI Perú oficial"
      }
    },
    {
      "type": "Feature",
      "geometry": {
        "type": "Point",
        "coordinates": [
          -78.744,
          -6.82275
        ]
      },
      "properties": {
        "codigo": "106039",
        "codigo_ant": "",
        "nombre": "QUILCATE",
        "departamento": "",
        "provincia": "",
        "altitud": "",
        "pais": "Perú",
        "estado": "REAL",
        "tipo_est": "M",
        "categoria": "CO",
        "fuente": "SENAMHI Perú oficial"
      }
    },
    {
      "type": "Feature",
      "geometry": {
        "type": "Point",
        "coordinates": [
          -78.81119,
          -6.97833
        ]
      },
      "properties": {
        "codigo": "106019",
        "codigo_ant": "",
        "nombre": "LLAPA",
        "departamento": "",
        "provincia": "",
        "altitud": "",
        "pais": "Perú",
        "estado": "REAL",
        "tipo_est": "M",
        "categoria": "CO",
        "fuente": "SENAMHI Perú oficial"
      }
    },
    {
      "type": "Feature",
      "geometry": {
        "type": "Point",
        "coordinates": [
          -79.12902,
          -6.92511
        ]
      },
      "properties": {
        "codigo": "100092",
        "codigo_ant": "",
        "nombre": "NIEPOS",
        "departamento": "",
        "provincia": "",
        "altitud": "",
        "pais": "Perú",
        "estado": "REAL",
        "tipo_est": "M",
        "categoria": "CO",
        "fuente": "SENAMHI Perú oficial"
      }
    },
    {
      "type": "Feature",
      "geometry": {
        "type": "Point",
        "coordinates": [
          -78.83083,
          -7.11775
        ]
      },
      "properties": {
        "codigo": "107036",
        "codigo_ant": "",
        "nombre": "SAN PABLO",
        "departamento": "",
        "provincia": "",
        "altitud": "",
        "pais": "Perú",
        "estado": "REAL",
        "tipo_est": "M",
        "categoria": "CO",
        "fuente": "SENAMHI Perú oficial"
      }
    },
    {
      "type": "Feature",
      "geometry": {
        "type": "Point",
        "coordinates": [
          -78.94761,
          -6.61657
        ]
      },
      "properties": {
        "codigo": "106056",
        "codigo_ant": "",
        "nombre": "SANTA CRUZ",
        "departamento": "",
        "provincia": "",
        "altitud": "",
        "pais": "Perú",
        "estado": "REAL",
        "tipo_est": "M",
        "categoria": "CO",
        "fuente": "SENAMHI Perú oficial"
      }
    },
    {
      "type": "Feature",
      "geometry": {
        "type": "Point",
        "coordinates": [
          -79.09377,
          -6.81474
        ]
      },
      "properties": {
        "codigo": "106068",
        "codigo_ant": "",
        "nombre": "UDIMA",
        "departamento": "",
        "provincia": "",
        "altitud": "",
        "pais": "Perú",
        "estado": "REAL",
        "tipo_est": "M",
        "categoria": "CO",
        "fuente": "SENAMHI Perú oficial"
      }
    },
    {
      "type": "Feature",
      "geometry": {
        "type": "Point",
        "coordinates": [
          -71.87517,
          -13.55675
        ]
      },
      "properties": {
        "codigo": "100044",
        "codigo_ant": "",
        "nombre": "GRANJA KAYRA",
        "departamento": "",
        "provincia": "",
        "altitud": "",
        "pais": "Perú",
        "estado": "REAL",
        "tipo_est": "M",
        "categoria": "MAP",
        "fuente": "SENAMHI Perú oficial"
      }
    },
    {
      "type": "Feature",
      "geometry": {
        "type": "Point",
        "coordinates": [
          -71.57258,
          -14.02781
        ]
      },
      "properties": {
        "codigo": "114046",
        "codigo_ant": "",
        "nombre": "POMACANCHI",
        "departamento": "",
        "provincia": "",
        "altitud": "",
        "pais": "Perú",
        "estado": "REAL",
        "tipo_est": "M",
        "categoria": "CO",
        "fuente": "SENAMHI Perú oficial"
      }
    },
    {
      "type": "Feature",
      "geometry": {
        "type": "Point",
        "coordinates": [
          -72.5752,
          -13.563
        ]
      },
      "properties": {
        "codigo": "230503",
        "codigo_ant": "",
        "nombre": "PUENTE CUNYAC",
        "departamento": "",
        "provincia": "",
        "altitud": "",
        "pais": "Perú",
        "estado": "REAL",
        "tipo_est": "H",
        "categoria": "HLM",
        "fuente": "SENAMHI Perú oficial"
      }
    },
    {
      "type": "Feature",
      "geometry": {
        "type": "Point",
        "coordinates": [
          -72.21876,
          -13.47242
        ]
      },
      "properties": {
        "codigo": "113035",
        "codigo_ant": "",
        "nombre": "ANTA ANCACHURO",
        "departamento": "",
        "provincia": "",
        "altitud": "",
        "pais": "Perú",
        "estado": "REAL",
        "tipo_est": "M",
        "categoria": "CO",
        "fuente": "SENAMHI Perú oficial"
      }
    },
    {
      "type": "Feature",
      "geometry": {
        "type": "Point",
        "coordinates": [
          -71.85087,
          -13.41951
        ]
      },
      "properties": {
        "codigo": "100101",
        "codigo_ant": "",
        "nombre": "PISAC",
        "departamento": "",
        "provincia": "",
        "altitud": "",
        "pais": "Perú",
        "estado": "REAL",
        "tipo_est": "M",
        "categoria": "CO",
        "fuente": "SENAMHI Perú oficial"
      }
    },
    {
      "type": "Feature",
      "geometry": {
        "type": "Point",
        "coordinates": [
          -71.8539,
          -13.4226
        ]
      },
      "properties": {
        "codigo": "250303",
        "codigo_ant": "",
        "nombre": "PISAC",
        "departamento": "",
        "provincia": "",
        "altitud": "",
        "pais": "Perú",
        "estado": "REAL",
        "tipo_est": "H",
        "categoria": "HLM",
        "fuente": "SENAMHI Perú oficial"
      }
    },
    {
      "type": "Feature",
      "geometry": {
        "type": "Point",
        "coordinates": [
          -72.2785,
          -12.6788
        ]
      },
      "properties": {
        "codigo": "112154",
        "codigo_ant": "",
        "nombre": "QUEBRADA YANATILE",
        "departamento": "",
        "provincia": "",
        "altitud": "",
        "pais": "Perú",
        "estado": "REAL",
        "tipo_est": "M",
        "categoria": "CO",
        "fuente": "SENAMHI Perú oficial"
      }
    },
    {
      "type": "Feature",
      "geometry": {
        "type": "Point",
        "coordinates": [
          -71.2367,
          -14.23736
        ]
      },
      "properties": {
        "codigo": "114033",
        "codigo_ant": "",
        "nombre": "SICUANI",
        "departamento": "",
        "provincia": "",
        "altitud": "",
        "pais": "Perú",
        "estado": "REAL",
        "tipo_est": "M",
        "categoria": "CO",
        "fuente": "SENAMHI Perú oficial"
      }
    },
    {
      "type": "Feature",
      "geometry": {
        "type": "Point",
        "coordinates": [
          -71.23172,
          -14.16963
        ]
      },
      "properties": {
        "codigo": "250308",
        "codigo_ant": "",
        "nombre": "SALCCA",
        "departamento": "",
        "provincia": "",
        "altitud": "",
        "pais": "Perú",
        "estado": "REAL",
        "tipo_est": "H",
        "categoria": "HLM",
        "fuente": "SENAMHI Perú oficial"
      }
    },
    {
      "type": "Feature",
      "geometry": {
        "type": "Point",
        "coordinates": [
          -72.08774,
          -14.39878
        ]
      },
      "properties": {
        "codigo": "114030",
        "codigo_ant": "",
        "nombre": "SANTO TOMAS",
        "departamento": "",
        "provincia": "",
        "altitud": "",
        "pais": "Perú",
        "estado": "REAL",
        "tipo_est": "M",
        "categoria": "CO",
        "fuente": "SENAMHI Perú oficial"
      }
    },
    {
      "type": "Feature",
      "geometry": {
        "type": "Point",
        "coordinates": [
          -71.8447,
          -13.76698
        ]
      },
      "properties": {
        "codigo": "113037",
        "codigo_ant": "",
        "nombre": "PARURO",
        "departamento": "",
        "provincia": "",
        "altitud": "",
        "pais": "Perú",
        "estado": "REAL",
        "tipo_est": "M",
        "categoria": "CO",
        "fuente": "SENAMHI Perú oficial"
      }
    },
    {
      "type": "Feature",
      "geometry": {
        "type": "Point",
        "coordinates": [
          -71.5974,
          -13.3177
        ]
      },
      "properties": {
        "codigo": "250405",
        "codigo_ant": "",
        "nombre": "PAUCARTAMBO",
        "departamento": "",
        "provincia": "",
        "altitud": "",
        "pais": "Perú",
        "estado": "REAL",
        "tipo_est": "H",
        "categoria": "HLG",
        "fuente": "SENAMHI Perú oficial"
      }
    },
    {
      "type": "Feature",
      "geometry": {
        "type": "Point",
        "coordinates": [
          -71.59668,
          -13.30347
        ]
      },
      "properties": {
        "codigo": "100100",
        "codigo_ant": "",
        "nombre": "PAUCARTAMBO",
        "departamento": "",
        "provincia": "",
        "altitud": "",
        "pais": "Perú",
        "estado": "REAL",
        "tipo_est": "M",
        "categoria": "CO",
        "fuente": "SENAMHI Perú oficial"
      }
    },
    {
      "type": "Feature",
      "geometry": {
        "type": "Point",
        "coordinates": [
          -71.69581,
          -13.59999
        ]
      },
      "properties": {
        "codigo": "113122",
        "codigo_ant": "",
        "nombre": "CAICAY",
        "departamento": "",
        "provincia": "",
        "altitud": "",
        "pais": "Perú",
        "estado": "REAL",
        "tipo_est": "M",
        "categoria": "CO",
        "fuente": "SENAMHI Perú oficial"
      }
    },
    {
      "type": "Feature",
      "geometry": {
        "type": "Point",
        "coordinates": [
          -71.7203,
          -13.10677
        ]
      },
      "properties": {
        "codigo": "250301",
        "codigo_ant": "",
        "nombre": "CHACLLABAMBA",
        "departamento": "",
        "provincia": "",
        "altitud": "",
        "pais": "Perú",
        "estado": "REAL",
        "tipo_est": "H",
        "categoria": "HLM",
        "fuente": "SENAMHI Perú oficial"
      }
    },
    {
      "type": "Feature",
      "geometry": {
        "type": "Point",
        "coordinates": [
          -71.64938,
          -13.21754
        ]
      },
      "properties": {
        "codigo": "100024",
        "codigo_ant": "",
        "nombre": "CHALLABAMBA",
        "departamento": "",
        "provincia": "",
        "altitud": "",
        "pais": "Perú",
        "estado": "REAL",
        "tipo_est": "M",
        "categoria": "CO",
        "fuente": "SENAMHI Perú oficial"
      }
    },
    {
      "type": "Feature",
      "geometry": {
        "type": "Point",
        "coordinates": [
          -71.67336,
          -13.36313
        ]
      },
      "properties": {
        "codigo": "113116",
        "codigo_ant": "",
        "nombre": "COLQUEPATA",
        "departamento": "",
        "provincia": "",
        "altitud": "",
        "pais": "Perú",
        "estado": "REAL",
        "tipo_est": "M",
        "categoria": "CO",
        "fuente": "SENAMHI Perú oficial"
      }
    },
    {
      "type": "Feature",
      "geometry": {
        "type": "Point",
        "coordinates": [
          -70.7544,
          -13.22893
        ]
      },
      "properties": {
        "codigo": "100114",
        "codigo_ant": "",
        "nombre": "QUINCEMIL",
        "departamento": "",
        "provincia": "",
        "altitud": "",
        "pais": "Perú",
        "estado": "REAL",
        "tipo_est": "M",
        "categoria": "CO",
        "fuente": "SENAMHI Perú oficial"
      }
    },
    {
      "type": "Feature",
      "geometry": {
        "type": "Point",
        "coordinates": [
          -71.5601,
          -13.60988
        ]
      },
      "properties": {
        "codigo": "113041",
        "codigo_ant": "",
        "nombre": "CCATCCA",
        "departamento": "",
        "provincia": "",
        "altitud": "",
        "pais": "Perú",
        "estado": "REAL",
        "tipo_est": "M",
        "categoria": "CO",
        "fuente": "SENAMHI Perú oficial"
      }
    },
    {
      "type": "Feature",
      "geometry": {
        "type": "Point",
        "coordinates": [
          -72.12455,
          -13.30517
        ]
      },
      "properties": {
        "codigo": "113034",
        "codigo_ant": "",
        "nombre": "URUBAMBA",
        "departamento": "",
        "provincia": "",
        "altitud": "",
        "pais": "Perú",
        "estado": "REAL",
        "tipo_est": "M",
        "categoria": "CP",
        "fuente": "SENAMHI Perú oficial"
      }
    },
    {
      "type": "Feature",
      "geometry": {
        "type": "Point",
        "coordinates": [
          -72.54585,
          -13.16655
        ]
      },
      "properties": {
        "codigo": "113031",
        "codigo_ant": "",
        "nombre": "MACHU PICCHU",
        "departamento": "",
        "provincia": "",
        "altitud": "",
        "pais": "Perú",
        "estado": "REAL",
        "tipo_est": "M",
        "categoria": "CO",
        "fuente": "SENAMHI Perú oficial"
      }
    },
    {
      "type": "Feature",
      "geometry": {
        "type": "Point",
        "coordinates": [
          -75.08412,
          -12.39939
        ]
      },
      "properties": {
        "codigo": "112060",
        "codigo_ant": "",
        "nombre": "PILCHACA",
        "departamento": "",
        "provincia": "",
        "altitud": "",
        "pais": "Perú",
        "estado": "REAL",
        "tipo_est": "M",
        "categoria": "CO",
        "fuente": "SENAMHI Perú oficial"
      }
    },
    {
      "type": "Feature",
      "geometry": {
        "type": "Point",
        "coordinates": [
          -74.5616,
          -12.84361
        ]
      },
      "properties": {
        "codigo": "112067",
        "codigo_ant": "",
        "nombre": "ACOBAMBA",
        "departamento": "",
        "provincia": "",
        "altitud": "",
        "pais": "Perú",
        "estado": "REAL",
        "tipo_est": "M",
        "categoria": "MAP",
        "fuente": "SENAMHI Perú oficial"
      }
    },
    {
      "type": "Feature",
      "geometry": {
        "type": "Point",
        "coordinates": [
          -74.7181,
          -12.9815
        ]
      },
      "properties": {
        "codigo": "112065",
        "codigo_ant": "",
        "nombre": "LIRCAY",
        "departamento": "",
        "provincia": "",
        "altitud": "",
        "pais": "Perú",
        "estado": "REAL",
        "tipo_est": "M",
        "categoria": "CO",
        "fuente": "SENAMHI Perú oficial"
      }
    },
    {
      "type": "Feature",
      "geometry": {
        "type": "Point",
        "coordinates": [
          -75.4,
          -13.78333
        ]
      },
      "properties": {
        "codigo": "213502",
        "codigo_ant": "",
        "nombre": "CHALLACA",
        "departamento": "",
        "provincia": "",
        "altitud": "",
        "pais": "Perú",
        "estado": "REAL",
        "tipo_est": "H",
        "categoria": "HLM",
        "fuente": "SENAMHI Perú oficial"
      }
    },
    {
      "type": "Feature",
      "geometry": {
        "type": "Point",
        "coordinates": [
          -75.05725,
          -12.36079
        ]
      },
      "properties": {
        "codigo": "112051",
        "codigo_ant": "",
        "nombre": "ACOSTAMBO",
        "departamento": "",
        "provincia": "",
        "altitud": "",
        "pais": "Perú",
        "estado": "REAL",
        "tipo_est": "M",
        "categoria": "CO",
        "fuente": "SENAMHI Perú oficial"
      }
    },
    {
      "type": "Feature",
      "geometry": {
        "type": "Point",
        "coordinates": [
          -74.88414,
          -12.40203
        ]
      },
      "properties": {
        "codigo": "112012",
        "codigo_ant": "",
        "nombre": "PAMPAS",
        "departamento": "",
        "provincia": "",
        "altitud": "",
        "pais": "Perú",
        "estado": "REAL",
        "tipo_est": "M",
        "categoria": "CO",
        "fuente": "SENAMHI Perú oficial"
      }
    },
    {
      "type": "Feature",
      "geometry": {
        "type": "Point",
        "coordinates": [
          -74.6835,
          -12.415
        ]
      },
      "properties": {
        "codigo": "112163",
        "codigo_ant": "",
        "nombre": "COLCABAMBA",
        "departamento": "",
        "provincia": "",
        "altitud": "",
        "pais": "Perú",
        "estado": "REAL",
        "tipo_est": "M",
        "categoria": "CO",
        "fuente": "SENAMHI Perú oficial"
      }
    },
    {
      "type": "Feature",
      "geometry": {
        "type": "Point",
        "coordinates": [
          -74.7794,
          -12.204
        ]
      },
      "properties": {
        "codigo": "100120",
        "codigo_ant": "",
        "nombre": "SALCABAMBA",
        "departamento": "",
        "provincia": "",
        "altitud": "",
        "pais": "Perú",
        "estado": "REAL",
        "tipo_est": "M",
        "categoria": "CO",
        "fuente": "SENAMHI Perú oficial"
      }
    },
    {
      "type": "Feature",
      "geometry": {
        "type": "Point",
        "coordinates": [
          -76.30962,
          -9.92095
        ]
      },
      "properties": {
        "codigo": "100020",
        "codigo_ant": "",
        "nombre": "CANCHAN",
        "departamento": "",
        "provincia": "",
        "altitud": "",
        "pais": "Perú",
        "estado": "REAL",
        "tipo_est": "M",
        "categoria": "CO",
        "fuente": "SENAMHI Perú oficial"
      }
    },
    {
      "type": "Feature",
      "geometry": {
        "type": "Point",
        "coordinates": [
          -76.30938,
          -9.9222
        ]
      },
      "properties": {
        "codigo": "221811",
        "codigo_ant": "",
        "nombre": "PUENTE HIGUERAS",
        "departamento": "",
        "provincia": "",
        "altitud": "",
        "pais": "Perú",
        "estado": "REAL",
        "tipo_est": "H",
        "categoria": "HLM",
        "fuente": "SENAMHI Perú oficial"
      }
    },
    {
      "type": "Feature",
      "geometry": {
        "type": "Point",
        "coordinates": [
          -76.24856,
          -9.95201
        ]
      },
      "properties": {
        "codigo": "109003",
        "codigo_ant": "",
        "nombre": "HUANUCO",
        "departamento": "",
        "provincia": "",
        "altitud": "",
        "pais": "Perú",
        "estado": "REAL",
        "tipo_est": "M",
        "categoria": "CP",
        "fuente": "SENAMHI Perú oficial"
      }
    },
    {
      "type": "Feature",
      "geometry": {
        "type": "Point",
        "coordinates": [
          -76.09424,
          -9.70568
        ]
      },
      "properties": {
        "codigo": "109020",
        "codigo_ant": "",
        "nombre": "CARPISH",
        "departamento": "",
        "provincia": "",
        "altitud": "",
        "pais": "Perú",
        "estado": "REAL",
        "tipo_est": "M",
        "categoria": "CO",
        "fuente": "SENAMHI Perú oficial"
      }
    },
    {
      "type": "Feature",
      "geometry": {
        "type": "Point",
        "coordinates": [
          -76.1824,
          -10.3399
        ]
      },
      "properties": {
        "codigo": "221309",
        "codigo_ant": "",
        "nombre": "SAN RAFAEL",
        "departamento": "",
        "provincia": "",
        "altitud": "",
        "pais": "Perú",
        "estado": "REAL",
        "tipo_est": "H",
        "categoria": "HLM",
        "fuente": "SENAMHI Perú oficial"
      }
    },
    {
      "type": "Feature",
      "geometry": {
        "type": "Point",
        "coordinates": [
          -76.17658,
          -10.32926
        ]
      },
      "properties": {
        "codigo": "110025",
        "codigo_ant": "",
        "nombre": "SAN RAFAEL",
        "departamento": "",
        "provincia": "",
        "altitud": "",
        "pais": "Perú",
        "estado": "REAL",
        "tipo_est": "M",
        "categoria": "CO",
        "fuente": "SENAMHI Perú oficial"
      }
    },
    {
      "type": "Feature",
      "geometry": {
        "type": "Point",
        "coordinates": [
          -76.77374,
          -9.7171
        ]
      },
      "properties": {
        "codigo": "109077",
        "codigo_ant": "",
        "nombre": "DOS DE MAYO",
        "departamento": "",
        "provincia": "",
        "altitud": "",
        "pais": "Perú",
        "estado": "REAL",
        "tipo_est": "M",
        "categoria": "CO",
        "fuente": "SENAMHI Perú oficial"
      }
    },
    {
      "type": "Feature",
      "geometry": {
        "type": "Point",
        "coordinates": [
          -76.00049,
          -9.31016
        ]
      },
      "properties": {
        "codigo": "109027",
        "codigo_ant": "",
        "nombre": "TINGO MARIA",
        "departamento": "",
        "provincia": "",
        "altitud": "",
        "pais": "Perú",
        "estado": "REAL",
        "tipo_est": "M",
        "categoria": "CP",
        "fuente": "SENAMHI Perú oficial"
      }
    },
    {
      "type": "Feature",
      "geometry": {
        "type": "Point",
        "coordinates": [
          -76.00207,
          -9.29601
        ]
      },
      "properties": {
        "codigo": "221820",
        "codigo_ant": "",
        "nombre": "TINGO MARIA",
        "departamento": "",
        "provincia": "",
        "altitud": "",
        "pais": "Perú",
        "estado": "REAL",
        "tipo_est": "H",
        "categoria": "HLG",
        "fuente": "SENAMHI Perú oficial"
      }
    },
    {
      "type": "Feature",
      "geometry": {
        "type": "Point",
        "coordinates": [
          -75.81393,
          -9.20091
        ]
      },
      "properties": {
        "codigo": "108025",
        "codigo_ant": "",
        "nombre": "LA DIVISORIA",
        "departamento": "",
        "provincia": "",
        "altitud": "",
        "pais": "Perú",
        "estado": "REAL",
        "tipo_est": "M",
        "categoria": "CO",
        "fuente": "SENAMHI Perú oficial"
      }
    },
    {
      "type": "Feature",
      "geometry": {
        "type": "Point",
        "coordinates": [
          -76.11171,
          -8.92987
        ]
      },
      "properties": {
        "codigo": "108033",
        "codigo_ant": "",
        "nombre": "AUCAYACU",
        "departamento": "",
        "provincia": "",
        "altitud": "",
        "pais": "Perú",
        "estado": "REAL",
        "tipo_est": "M",
        "categoria": "CO",
        "fuente": "SENAMHI Perú oficial"
      }
    },
    {
      "type": "Feature",
      "geometry": {
        "type": "Point",
        "coordinates": [
          -76.00944,
          -9.14706
        ]
      },
      "properties": {
        "codigo": "109028",
        "codigo_ant": "",
        "nombre": "TULUMAYO",
        "departamento": "",
        "provincia": "",
        "altitud": "",
        "pais": "Perú",
        "estado": "REAL",
        "tipo_est": "M",
        "categoria": "MAP",
        "fuente": "SENAMHI Perú oficial"
      }
    },
    {
      "type": "Feature",
      "geometry": {
        "type": "Point",
        "coordinates": [
          -75.90706,
          -9.85008
        ]
      },
      "properties": {
        "codigo": "109021",
        "codigo_ant": "",
        "nombre": "CHAGLLA",
        "departamento": "",
        "provincia": "",
        "altitud": "",
        "pais": "Perú",
        "estado": "REAL",
        "tipo_est": "M",
        "categoria": "CO",
        "fuente": "SENAMHI Perú oficial"
      }
    },
    {
      "type": "Feature",
      "geometry": {
        "type": "Point",
        "coordinates": [
          -74.96792,
          -9.38271
        ]
      },
      "properties": {
        "codigo": "231101",
        "codigo_ant": "",
        "nombre": "PUERTO INCA",
        "departamento": "",
        "provincia": "",
        "altitud": "",
        "pais": "Perú",
        "estado": "REAL",
        "tipo_est": "H",
        "categoria": "HLM",
        "fuente": "SENAMHI Perú oficial"
      }
    },
    {
      "type": "Feature",
      "geometry": {
        "type": "Point",
        "coordinates": [
          -74.96376,
          -9.3851
        ]
      },
      "properties": {
        "codigo": "109032",
        "codigo_ant": "",
        "nombre": "PUERTO INCA",
        "departamento": "",
        "provincia": "",
        "altitud": "",
        "pais": "Perú",
        "estado": "REAL",
        "tipo_est": "M",
        "categoria": "CO",
        "fuente": "SENAMHI Perú oficial"
      }
    },
    {
      "type": "Feature",
      "geometry": {
        "type": "Point",
        "coordinates": [
          -74.70882,
          -8.92749
        ]
      },
      "properties": {
        "codigo": "108034",
        "codigo_ant": "",
        "nombre": "TOURNAVISTA",
        "departamento": "",
        "provincia": "",
        "altitud": "",
        "pais": "Perú",
        "estado": "REAL",
        "tipo_est": "M",
        "categoria": "CO",
        "fuente": "SENAMHI Perú oficial"
      }
    },
    {
      "type": "Feature",
      "geometry": {
        "type": "Point",
        "coordinates": [
          -76.50094,
          -9.88474
        ]
      },
      "properties": {
        "codigo": "109022",
        "codigo_ant": "",
        "nombre": "JACAS CHICO",
        "departamento": "",
        "provincia": "",
        "altitud": "",
        "pais": "Perú",
        "estado": "REAL",
        "tipo_est": "M",
        "categoria": "CO",
        "fuente": "SENAMHI Perú oficial"
      }
    },
    {
      "type": "Feature",
      "geometry": {
        "type": "Point",
        "coordinates": [
          -75.72052,
          -13.99978
        ]
      },
      "properties": {
        "codigo": "113058",
        "codigo_ant": "",
        "nombre": "TACAMA",
        "departamento": "",
        "provincia": "",
        "altitud": "",
        "pais": "Perú",
        "estado": "REAL",
        "tipo_est": "M",
        "categoria": "CO",
        "fuente": "SENAMHI Perú oficial"
      }
    },
    {
      "type": "Feature",
      "geometry": {
        "type": "Point",
        "coordinates": [
          -75.68208,
          -14.37844
        ]
      },
      "properties": {
        "codigo": "114020",
        "codigo_ant": "",
        "nombre": "OCUCAJE",
        "departamento": "",
        "provincia": "",
        "altitud": "",
        "pais": "Perú",
        "estado": "REAL",
        "tipo_est": "M",
        "categoria": "CO",
        "fuente": "SENAMHI Perú oficial"
      }
    },
    {
      "type": "Feature",
      "geometry": {
        "type": "Point",
        "coordinates": [
          -75.71101,
          -14.07331
        ]
      },
      "properties": {
        "codigo": "114008",
        "codigo_ant": "",
        "nombre": "SAN CAMILO",
        "departamento": "",
        "provincia": "",
        "altitud": "",
        "pais": "Perú",
        "estado": "REAL",
        "tipo_est": "M",
        "categoria": "MAP",
        "fuente": "SENAMHI Perú oficial"
      }
    },
    {
      "type": "Feature",
      "geometry": {
        "type": "Point",
        "coordinates": [
          -75.67869,
          -13.92475
        ]
      },
      "properties": {
        "codigo": "213500",
        "codigo_ant": "",
        "nombre": "LOS MOLINOS (ALEJANDRO PLAZA GARCIA)",
        "departamento": "",
        "provincia": "",
        "altitud": "",
        "pais": "Perú",
        "estado": "REAL",
        "tipo_est": "H",
        "categoria": "HLG",
        "fuente": "SENAMHI Perú oficial"
      }
    },
    {
      "type": "Feature",
      "geometry": {
        "type": "Point",
        "coordinates": [
          -75.60704,
          -13.843
        ]
      },
      "properties": {
        "codigo": "113010",
        "codigo_ant": "",
        "nombre": "HUAMANI",
        "departamento": "",
        "provincia": "",
        "altitud": "",
        "pais": "Perú",
        "estado": "REAL",
        "tipo_est": "M",
        "categoria": "CO",
        "fuente": "SENAMHI Perú oficial"
      }
    },
    {
      "type": "Feature",
      "geometry": {
        "type": "Point",
        "coordinates": [
          -76.13425,
          -13.45781
        ]
      },
      "properties": {
        "codigo": "100043",
        "codigo_ant": "",
        "nombre": "FONAGRO (CHINCHA)",
        "departamento": "",
        "provincia": "",
        "altitud": "",
        "pais": "Perú",
        "estado": "REAL",
        "tipo_est": "M",
        "categoria": "MAP",
        "fuente": "SENAMHI Perú oficial"
      }
    },
    {
      "type": "Feature",
      "geometry": {
        "type": "Point",
        "coordinates": [
          -75.78697,
          -13.21058
        ]
      },
      "properties": {
        "codigo": "113081",
        "codigo_ant": "",
        "nombre": "SAN JUAN DE YANAC",
        "departamento": "",
        "provincia": "",
        "altitud": "",
        "pais": "Perú",
        "estado": "REAL",
        "tipo_est": "M",
        "categoria": "CO",
        "fuente": "SENAMHI Perú oficial"
      }
    },
    {
      "type": "Feature",
      "geometry": {
        "type": "Point",
        "coordinates": [
          -75.6464,
          -13.0479
        ]
      },
      "properties": {
        "codigo": "113061",
        "codigo_ant": "",
        "nombre": "SAN PEDRO DE HUACARPANA",
        "departamento": "",
        "provincia": "",
        "altitud": "",
        "pais": "Perú",
        "estado": "REAL",
        "tipo_est": "M",
        "categoria": "CO",
        "fuente": "SENAMHI Perú oficial"
      }
    },
    {
      "type": "Feature",
      "geometry": {
        "type": "Point",
        "coordinates": [
          -74.95588,
          -14.63201
        ]
      },
      "properties": {
        "codigo": "230712",
        "codigo_ant": "",
        "nombre": "HUALLPOCA",
        "departamento": "",
        "provincia": "",
        "altitud": "",
        "pais": "Perú",
        "estado": "REAL",
        "tipo_est": "H",
        "categoria": "HLG",
        "fuente": "SENAMHI Perú oficial"
      }
    },
    {
      "type": "Feature",
      "geometry": {
        "type": "Point",
        "coordinates": [
          -74.89082,
          -14.97501
        ]
      },
      "properties": {
        "codigo": "114018",
        "codigo_ant": "",
        "nombre": "COPARA",
        "departamento": "",
        "provincia": "",
        "altitud": "",
        "pais": "Perú",
        "estado": "REAL",
        "tipo_est": "M",
        "categoria": "CP",
        "fuente": "SENAMHI Perú oficial"
      }
    },
    {
      "type": "Feature",
      "geometry": {
        "type": "Point",
        "coordinates": [
          -75.18926,
          -14.54939
        ]
      },
      "properties": {
        "codigo": "114021",
        "codigo_ant": "",
        "nombre": "PALPA",
        "departamento": "",
        "provincia": "",
        "altitud": "",
        "pais": "Perú",
        "estado": "REAL",
        "tipo_est": "M",
        "categoria": "CO",
        "fuente": "SENAMHI Perú oficial"
      }
    },
    {
      "type": "Feature",
      "geometry": {
        "type": "Point",
        "coordinates": [
          -71.09062,
          -15.84266
        ]
      },
      "properties": {
        "codigo": "115029",
        "codigo_ant": "",
        "nombre": "IMATA",
        "departamento": "",
        "provincia": "",
        "altitud": "",
        "pais": "Perú",
        "estado": "REAL",
        "tipo_est": "M",
        "categoria": "CO",
        "fuente": "SENAMHI Perú oficial"
      }
    },
    {
      "type": "Feature",
      "geometry": {
        "type": "Point",
        "coordinates": [
          -71.45696,
          -15.4892
        ]
      },
      "properties": {
        "codigo": "115024",
        "codigo_ant": "",
        "nombre": "SIBAYO",
        "departamento": "",
        "provincia": "",
        "altitud": "",
        "pais": "Perú",
        "estado": "REAL",
        "tipo_est": "M",
        "categoria": "CO",
        "fuente": "SENAMHI Perú oficial"
      }
    },
    {
      "type": "Feature",
      "geometry": {
        "type": "Point",
        "coordinates": [
          -72.65065,
          -15.84602
        ]
      },
      "properties": {
        "codigo": "115020",
        "codigo_ant": "",
        "nombre": "CHUQUIBAMBA",
        "departamento": "",
        "provincia": "",
        "altitud": "",
        "pais": "Perú",
        "estado": "REAL",
        "tipo_est": "M",
        "categoria": "CO",
        "fuente": "SENAMHI Perú oficial"
      }
    },
    {
      "type": "Feature",
      "geometry": {
        "type": "Point",
        "coordinates": [
          -72.83202,
          -15.50294
        ]
      },
      "properties": {
        "codigo": "115043",
        "codigo_ant": "",
        "nombre": "SALAMANCA",
        "departamento": "",
        "provincia": "",
        "altitud": "",
        "pais": "Perú",
        "estado": "REAL",
        "tipo_est": "M",
        "categoria": "CO",
        "fuente": "SENAMHI Perú oficial"
      }
    },
    {
      "type": "Feature",
      "geometry": {
        "type": "Point",
        "coordinates": [
          -71.63879,
          -16.99936
        ]
      },
      "properties": {
        "codigo": "204905",
        "codigo_ant": "",
        "nombre": "LA PASCANA",
        "departamento": "",
        "provincia": "",
        "altitud": "",
        "pais": "Perú",
        "estado": "REAL",
        "tipo_est": "H",
        "categoria": "HLG",
        "fuente": "SENAMHI Perú oficial"
      }
    },
    {
      "type": "Feature",
      "geometry": {
        "type": "Point",
        "coordinates": [
          -71.7245,
          -17.0716
        ]
      },
      "properties": {
        "codigo": "117005",
        "codigo_ant": "",
        "nombre": "PAMPA BLANCA",
        "departamento": "",
        "provincia": "",
        "altitud": "",
        "pais": "Perú",
        "estado": "REAL",
        "tipo_est": "M",
        "categoria": "CP",
        "fuente": "SENAMHI Perú oficial"
      }
    },
    {
      "type": "Feature",
      "geometry": {
        "type": "Point",
        "coordinates": [
          -72.89325,
          -15.21134
        ]
      },
      "properties": {
        "codigo": "115019",
        "codigo_ant": "",
        "nombre": "COTAHUASI",
        "departamento": "",
        "provincia": "",
        "altitud": "",
        "pais": "Perú",
        "estado": "REAL",
        "tipo_est": "M",
        "categoria": "CO",
        "fuente": "SENAMHI Perú oficial"
      }
    },
    {
      "type": "Feature",
      "geometry": {
        "type": "Point",
        "coordinates": [
          -73.82791,
          -13.43453
        ]
      },
      "properties": {
        "codigo": "251001",
        "codigo_ant": "",
        "nombre": "MARCELINO SERNA (PAMPAS)",
        "departamento": "",
        "provincia": "",
        "altitud": "",
        "pais": "Perú",
        "estado": "REAL",
        "tipo_est": "H",
        "categoria": "HLG",
        "fuente": "SENAMHI Perú oficial"
      }
    },
    {
      "type": "Feature",
      "geometry": {
        "type": "Point",
        "coordinates": [
          -74.21651,
          -13.0765
        ]
      },
      "properties": {
        "codigo": "112069",
        "codigo_ant": "",
        "nombre": "WAYLLAPAMPA",
        "departamento": "",
        "provincia": "",
        "altitud": "",
        "pais": "Perú",
        "estado": "REAL",
        "tipo_est": "M",
        "categoria": "CO",
        "fuente": "SENAMHI Perú oficial"
      }
    },
    {
      "type": "Feature",
      "geometry": {
        "type": "Point",
        "coordinates": [
          -74.14159,
          -13.05548
        ]
      },
      "properties": {
        "codigo": "113021",
        "codigo_ant": "",
        "nombre": "LA QUINUA",
        "departamento": "",
        "provincia": "",
        "altitud": "",
        "pais": "Perú",
        "estado": "REAL",
        "tipo_est": "M",
        "categoria": "CO",
        "fuente": "SENAMHI Perú oficial"
      }
    },
    {
      "type": "Feature",
      "geometry": {
        "type": "Point",
        "coordinates": [
          -74.39067,
          -13.08742
        ]
      },
      "properties": {
        "codigo": "100127",
        "codigo_ant": "",
        "nombre": "SAN PEDRO DE CACHI",
        "departamento": "",
        "provincia": "",
        "altitud": "",
        "pais": "Perú",
        "estado": "REAL",
        "tipo_est": "M",
        "categoria": "CO",
        "fuente": "SENAMHI Perú oficial"
      }
    },
    {
      "type": "Feature",
      "geometry": {
        "type": "Point",
        "coordinates": [
          -74.1316,
          -14.69928
        ]
      },
      "properties": {
        "codigo": "114023",
        "codigo_ant": "",
        "nombre": "PUQUIO",
        "departamento": "",
        "provincia": "",
        "altitud": "",
        "pais": "Perú",
        "estado": "REAL",
        "tipo_est": "M",
        "categoria": "CO",
        "fuente": "SENAMHI Perú oficial"
      }
    },
    {
      "type": "Feature",
      "geometry": {
        "type": "Point",
        "coordinates": [
          -74.941,
          -14.1324
        ]
      },
      "properties": {
        "codigo": "114055",
        "codigo_ant": "",
        "nombre": "HUAC-HUAS",
        "departamento": "",
        "provincia": "",
        "altitud": "",
        "pais": "Perú",
        "estado": "REAL",
        "tipo_est": "M",
        "categoria": "CO",
        "fuente": "SENAMHI Perú oficial"
      }
    },
    {
      "type": "Feature",
      "geometry": {
        "type": "Point",
        "coordinates": [
          -74.92135,
          -14.23998
        ]
      },
      "properties": {
        "codigo": "213600",
        "codigo_ant": "",
        "nombre": "LLAUTA",
        "departamento": "",
        "provincia": "",
        "altitud": "",
        "pais": "Perú",
        "estado": "REAL",
        "tipo_est": "H",
        "categoria": "HLG",
        "fuente": "SENAMHI Perú oficial"
      }
    },
    {
      "type": "Feature",
      "geometry": {
        "type": "Point",
        "coordinates": [
          -73.77945,
          -15.01194
        ]
      },
      "properties": {
        "codigo": "115015",
        "codigo_ant": "",
        "nombre": "CORACORA",
        "departamento": "",
        "provincia": "",
        "altitud": "",
        "pais": "Perú",
        "estado": "REAL",
        "tipo_est": "M",
        "categoria": "CO",
        "fuente": "SENAMHI Perú oficial"
      }
    },
    {
      "type": "Feature",
      "geometry": {
        "type": "Point",
        "coordinates": [
          -73.3411,
          -15.2753
        ]
      },
      "properties": {
        "codigo": "115017",
        "codigo_ant": "",
        "nombre": "PAUZA",
        "departamento": "",
        "provincia": "",
        "altitud": "",
        "pais": "Perú",
        "estado": "REAL",
        "tipo_est": "M",
        "categoria": "CO",
        "fuente": "SENAMHI Perú oficial"
      }
    },
    {
      "type": "Feature",
      "geometry": {
        "type": "Point",
        "coordinates": [
          -73.6386,
          -14.0439
        ]
      },
      "properties": {
        "codigo": "114044",
        "codigo_ant": "",
        "nombre": "PAUCARAY",
        "departamento": "",
        "provincia": "",
        "altitud": "",
        "pais": "Perú",
        "estado": "REAL",
        "tipo_est": "M",
        "categoria": "CO",
        "fuente": "SENAMHI Perú oficial"
      }
    },
    {
      "type": "Feature",
      "geometry": {
        "type": "Point",
        "coordinates": [
          -74.0681,
          -13.749
        ]
      },
      "properties": {
        "codigo": "113022",
        "codigo_ant": "",
        "nombre": "HUANCAPI",
        "departamento": "",
        "provincia": "",
        "altitud": "",
        "pais": "Perú",
        "estado": "REAL",
        "tipo_est": "M",
        "categoria": "CO",
        "fuente": "SENAMHI Perú oficial"
      }
    },
    {
      "type": "Feature",
      "geometry": {
        "type": "Point",
        "coordinates": [
          -73.95238,
          -13.66882
        ]
      },
      "properties": {
        "codigo": "113100",
        "codigo_ant": "",
        "nombre": "VILCASHUAMAN",
        "departamento": "",
        "provincia": "",
        "altitud": "",
        "pais": "Perú",
        "estado": "REAL",
        "tipo_est": "M",
        "categoria": "CO",
        "fuente": "SENAMHI Perú oficial"
      }
    },
    {
      "type": "Feature",
      "geometry": {
        "type": "Point",
        "coordinates": [
          -78.47833,
          -7.165
        ]
      },
      "properties": {
        "codigo": "220213",
        "codigo_ant": "",
        "nombre": "MASHCON",
        "departamento": "",
        "provincia": "",
        "altitud": "",
        "pais": "Perú",
        "estado": "REAL",
        "tipo_est": "H",
        "categoria": "HLG",
        "fuente": "SENAMHI Perú oficial"
      }
    },
    {
      "type": "Feature",
      "geometry": {
        "type": "Point",
        "coordinates": [
          -78.6334,
          -7.03753
        ]
      },
      "properties": {
        "codigo": "107002",
        "codigo_ant": "",
        "nombre": "GRANJA PORCON",
        "departamento": "",
        "provincia": "",
        "altitud": "",
        "pais": "Perú",
        "estado": "REAL",
        "tipo_est": "M",
        "categoria": "CO",
        "fuente": "SENAMHI Perú oficial"
      }
    },
    {
      "type": "Feature",
      "geometry": {
        "type": "Point",
        "coordinates": [
          -78.49309,
          -7.1675
        ]
      },
      "properties": {
        "codigo": "107028",
        "codigo_ant": "",
        "nombre": "AUGUSTO WEBERBAUER",
        "departamento": "",
        "provincia": "",
        "altitud": "",
        "pais": "Perú",
        "estado": "REAL",
        "tipo_est": "M",
        "categoria": "MAP",
        "fuente": "SENAMHI Perú oficial"
      }
    },
    {
      "type": "Feature",
      "geometry": {
        "type": "Point",
        "coordinates": [
          -78.51582,
          -7.32604
        ]
      },
      "properties": {
        "codigo": "107018",
        "codigo_ant": "",
        "nombre": "ASUNCION",
        "departamento": "",
        "provincia": "",
        "altitud": "",
        "pais": "Perú",
        "estado": "REAL",
        "tipo_est": "M",
        "categoria": "CO",
        "fuente": "SENAMHI Perú oficial"
      }
    },
    {
      "type": "Feature",
      "geometry": {
        "type": "Point",
        "coordinates": [
          -78.54106,
          -7.42857
        ]
      },
      "properties": {
        "codigo": "100037",
        "codigo_ant": "",
        "nombre": "COSPAN",
        "departamento": "",
        "provincia": "",
        "altitud": "",
        "pais": "Perú",
        "estado": "REAL",
        "tipo_est": "M",
        "categoria": "CO",
        "fuente": "SENAMHI Perú oficial"
      }
    },
    {
      "type": "Feature",
      "geometry": {
        "type": "Point",
        "coordinates": [
          -78.33314,
          -7.12327
        ]
      },
      "properties": {
        "codigo": "107093",
        "codigo_ant": "",
        "nombre": "LA ENCAÑADA",
        "departamento": "",
        "provincia": "",
        "altitud": "",
        "pais": "Perú",
        "estado": "REAL",
        "tipo_est": "M",
        "categoria": "CO",
        "fuente": "SENAMHI Perú oficial"
      }
    },
    {
      "type": "Feature",
      "geometry": {
        "type": "Point",
        "coordinates": [
          -78.40376,
          -7.22064
        ]
      },
      "properties": {
        "codigo": "220205",
        "codigo_ant": "",
        "nombre": "JESUS TUNEL",
        "departamento": "",
        "provincia": "",
        "altitud": "",
        "pais": "Perú",
        "estado": "REAL",
        "tipo_est": "H",
        "categoria": "HLG",
        "fuente": "SENAMHI Perú oficial"
      }
    },
    {
      "type": "Feature",
      "geometry": {
        "type": "Point",
        "coordinates": [
          -78.38841,
          -7.2457
        ]
      },
      "properties": {
        "codigo": "107016",
        "codigo_ant": "",
        "nombre": "JESUS",
        "departamento": "",
        "provincia": "",
        "altitud": "",
        "pais": "Perú",
        "estado": "REAL",
        "tipo_est": "M",
        "categoria": "CO",
        "fuente": "SENAMHI Perú oficial"
      }
    },
    {
      "type": "Feature",
      "geometry": {
        "type": "Point",
        "coordinates": [
          -78.65261,
          -7.25346
        ]
      },
      "properties": {
        "codigo": "107017",
        "codigo_ant": "",
        "nombre": "MAGDALENA",
        "departamento": "",
        "provincia": "",
        "altitud": "",
        "pais": "Perú",
        "estado": "REAL",
        "tipo_est": "M",
        "categoria": "CO",
        "fuente": "SENAMHI Perú oficial"
      }
    },
    {
      "type": "Feature",
      "geometry": {
        "type": "Point",
        "coordinates": [
          -78.29472,
          -7.24262
        ]
      },
      "properties": {
        "codigo": "220206",
        "codigo_ant": "",
        "nombre": "NAMORA BOCATOMA",
        "departamento": "",
        "provincia": "",
        "altitud": "",
        "pais": "Perú",
        "estado": "REAL",
        "tipo_est": "H",
        "categoria": "HLG",
        "fuente": "SENAMHI Perú oficial"
      }
    },
    {
      "type": "Feature",
      "geometry": {
        "type": "Point",
        "coordinates": [
          -78.32782,
          -7.2006
        ]
      },
      "properties": {
        "codigo": "107037",
        "codigo_ant": "",
        "nombre": "NAMORA",
        "departamento": "",
        "provincia": "",
        "altitud": "",
        "pais": "Perú",
        "estado": "REAL",
        "tipo_est": "M",
        "categoria": "CO",
        "fuente": "SENAMHI Perú oficial"
      }
    },
    {
      "type": "Feature",
      "geometry": {
        "type": "Point",
        "coordinates": [
          -78.49106,
          -7.29756
        ]
      },
      "properties": {
        "codigo": "107005",
        "codigo_ant": "",
        "nombre": "SAN JUAN",
        "departamento": "",
        "provincia": "",
        "altitud": "",
        "pais": "Perú",
        "estado": "REAL",
        "tipo_est": "M",
        "categoria": "CO",
        "fuente": "SENAMHI Perú oficial"
      }
    },
    {
      "type": "Feature",
      "geometry": {
        "type": "Point",
        "coordinates": [
          -78.05131,
          -7.62166
        ]
      },
      "properties": {
        "codigo": "107008",
        "codigo_ant": "",
        "nombre": "CAJABAMBA",
        "departamento": "",
        "provincia": "",
        "altitud": "",
        "pais": "Perú",
        "estado": "REAL",
        "tipo_est": "M",
        "categoria": "CO",
        "fuente": "SENAMHI Perú oficial"
      }
    },
    {
      "type": "Feature",
      "geometry": {
        "type": "Point",
        "coordinates": [
          -78.26855,
          -7.45106
        ]
      },
      "properties": {
        "codigo": "107068",
        "codigo_ant": "",
        "nombre": "CACHACHI",
        "departamento": "",
        "provincia": "",
        "altitud": "",
        "pais": "Perú",
        "estado": "REAL",
        "tipo_est": "M",
        "categoria": "PE",
        "fuente": "SENAMHI Perú oficial"
      }
    },
    {
      "type": "Feature",
      "geometry": {
        "type": "Point",
        "coordinates": [
          -78.11313,
          -7.46354
        ]
      },
      "properties": {
        "codigo": "220201",
        "codigo_ant": "",
        "nombre": "PUENTE CRISNEJAS",
        "departamento": "",
        "provincia": "",
        "altitud": "",
        "pais": "Perú",
        "estado": "REAL",
        "tipo_est": "H",
        "categoria": "HLM",
        "fuente": "SENAMHI Perú oficial"
      }
    },
    {
      "type": "Feature",
      "geometry": {
        "type": "Point",
        "coordinates": [
          -78.14485,
          -6.85292
        ]
      },
      "properties": {
        "codigo": "106010",
        "codigo_ant": "",
        "nombre": "CELENDIN",
        "departamento": "",
        "provincia": "",
        "altitud": "",
        "pais": "Perú",
        "estado": "REAL",
        "tipo_est": "M",
        "categoria": "CO",
        "fuente": "SENAMHI Perú oficial"
      }
    },
    {
      "type": "Feature",
      "geometry": {
        "type": "Point",
        "coordinates": [
          -78.03024,
          -6.84465
        ]
      },
      "properties": {
        "codigo": "221303",
        "codigo_ant": "",
        "nombre": "BALZAS",
        "departamento": "",
        "provincia": "",
        "altitud": "",
        "pais": "Perú",
        "estado": "REAL",
        "tipo_est": "H",
        "categoria": "HLM",
        "fuente": "SENAMHI Perú oficial"
      }
    },
    {
      "type": "Feature",
      "geometry": {
        "type": "Point",
        "coordinates": [
          -78.64863,
          -6.54713
        ]
      },
      "properties": {
        "codigo": "106034",
        "codigo_ant": "",
        "nombre": "CHOTA",
        "departamento": "",
        "provincia": "",
        "altitud": "",
        "pais": "Perú",
        "estado": "REAL",
        "tipo_est": "M",
        "categoria": "CO",
        "fuente": "SENAMHI Perú oficial"
      }
    },
    {
      "type": "Feature",
      "geometry": {
        "type": "Point",
        "coordinates": [
          -78.8886,
          -6.46009
        ]
      },
      "properties": {
        "codigo": "106058",
        "codigo_ant": "",
        "nombre": "COCHABAMBA",
        "departamento": "",
        "provincia": "",
        "altitud": "",
        "pais": "Perú",
        "estado": "REAL",
        "tipo_est": "M",
        "categoria": "CO",
        "fuente": "SENAMHI Perú oficial"
      }
    },
    {
      "type": "Feature",
      "geometry": {
        "type": "Point",
        "coordinates": [
          -78.96315,
          -6.45368
        ]
      },
      "properties": {
        "codigo": "106054",
        "codigo_ant": "",
        "nombre": "HUAMBOS",
        "departamento": "",
        "provincia": "",
        "altitud": "",
        "pais": "Perú",
        "estado": "REAL",
        "tipo_est": "M",
        "categoria": "CP",
        "fuente": "SENAMHI Perú oficial"
      }
    },
    {
      "type": "Feature",
      "geometry": {
        "type": "Point",
        "coordinates": [
          -78.74111,
          -6.55972
        ]
      },
      "properties": {
        "codigo": "220611",
        "codigo_ant": "",
        "nombre": "CHOTANO LAJAS",
        "departamento": "",
        "provincia": "",
        "altitud": "",
        "pais": "Perú",
        "estado": "REAL",
        "tipo_est": "H",
        "categoria": "HLG",
        "fuente": "SENAMHI Perú oficial"
      }
    },
    {
      "type": "Feature",
      "geometry": {
        "type": "Point",
        "coordinates": [
          -79.12262,
          -6.51443
        ]
      },
      "properties": {
        "codigo": "106053",
        "codigo_ant": "",
        "nombre": "LLAMA",
        "departamento": "",
        "provincia": "",
        "altitud": "",
        "pais": "Perú",
        "estado": "REAL",
        "tipo_est": "M",
        "categoria": "CO",
        "fuente": "SENAMHI Perú oficial"
      }
    },
    {
      "type": "Feature",
      "geometry": {
        "type": "Point",
        "coordinates": [
          -79.3557,
          -6.4101
        ]
      },
      "properties": {
        "codigo": "106061",
        "codigo_ant": "",
        "nombre": "TOCMOCHE",
        "departamento": "",
        "provincia": "",
        "altitud": "",
        "pais": "Perú",
        "estado": "REAL",
        "tipo_est": "M",
        "categoria": "CO",
        "fuente": "SENAMHI Perú oficial"
      }
    },
    {
      "type": "Feature",
      "geometry": {
        "type": "Point",
        "coordinates": [
          -78.82273,
          -7.36521
        ]
      },
      "properties": {
        "codigo": "107052",
        "codigo_ant": "",
        "nombre": "CONTUMAZA",
        "departamento": "",
        "provincia": "",
        "altitud": "",
        "pais": "Perú",
        "estado": "REAL",
        "tipo_est": "M",
        "categoria": "CO",
        "fuente": "SENAMHI Perú oficial"
      }
    },
    {
      "type": "Feature",
      "geometry": {
        "type": "Point",
        "coordinates": [
          -78.83799,
          -7.21969
        ]
      },
      "properties": {
        "codigo": "201207",
        "codigo_ant": "",
        "nombre": "PUENTE CHILETE",
        "departamento": "",
        "provincia": "",
        "altitud": "",
        "pais": "Perú",
        "estado": "REAL",
        "tipo_est": "H",
        "categoria": "HLG",
        "fuente": "SENAMHI Perú oficial"
      }
    },
    {
      "type": "Feature",
      "geometry": {
        "type": "Point",
        "coordinates": [
          -78.83799,
          -7.21968
        ]
      },
      "properties": {
        "codigo": "107058",
        "codigo_ant": "",
        "nombre": "CHILETE",
        "departamento": "",
        "provincia": "",
        "altitud": "",
        "pais": "Perú",
        "estado": "REAL",
        "tipo_est": "M",
        "categoria": "PLU",
        "fuente": "SENAMHI Perú oficial"
      }
    },
    {
      "type": "Feature",
      "geometry": {
        "type": "Point",
        "coordinates": [
          -78.92673,
          -7.42819
        ]
      },
      "properties": {
        "codigo": "107057",
        "codigo_ant": "",
        "nombre": "SAN BENITO",
        "departamento": "",
        "provincia": "",
        "altitud": "",
        "pais": "Perú",
        "estado": "REAL",
        "tipo_est": "M",
        "categoria": "CO",
        "fuente": "SENAMHI Perú oficial"
      }
    },
    {
      "type": "Feature",
      "geometry": {
        "type": "Point",
        "coordinates": [
          -78.16232,
          -10.06812
        ]
      },
      "properties": {
        "codigo": "110016",
        "codigo_ant": "",
        "nombre": "HUARMEY",
        "departamento": "",
        "provincia": "",
        "altitud": "",
        "pais": "Perú",
        "estado": "REAL",
        "tipo_est": "M",
        "categoria": "CO",
        "fuente": "SENAMHI Perú oficial"
      }
    },
    {
      "type": "Feature",
      "geometry": {
        "type": "Point",
        "coordinates": [
          -77.65519,
          -9.92723
        ]
      },
      "properties": {
        "codigo": "109038",
        "codigo_ant": "",
        "nombre": "MALVAS",
        "departamento": "",
        "provincia": "",
        "altitud": "",
        "pais": "Perú",
        "estado": "REAL",
        "tipo_est": "M",
        "categoria": "CO",
        "fuente": "SENAMHI Perú oficial"
      }
    },
    {
      "type": "Feature",
      "geometry": {
        "type": "Point",
        "coordinates": [
          -77.35072,
          -8.87045
        ]
      },
      "properties": {
        "codigo": "108103",
        "codigo_ant": "",
        "nombre": "PISCOBAMBA II",
        "departamento": "",
        "provincia": "",
        "altitud": "",
        "pais": "Perú",
        "estado": "REAL",
        "tipo_est": "M",
        "categoria": "CO",
        "fuente": "SENAMHI Perú oficial"
      }
    },
    {
      "type": "Feature",
      "geometry": {
        "type": "Point",
        "coordinates": [
          -78.00461,
          -8.39058
        ]
      },
      "properties": {
        "codigo": "108064",
        "codigo_ant": "",
        "nombre": "CABANA",
        "departamento": "",
        "provincia": "",
        "altitud": "",
        "pais": "Perú",
        "estado": "REAL",
        "tipo_est": "M",
        "categoria": "CP",
        "fuente": "SENAMHI Perú oficial"
      }
    },
    {
      "type": "Feature",
      "geometry": {
        "type": "Point",
        "coordinates": [
          -77.45733,
          -8.8217
        ]
      },
      "properties": {
        "codigo": "108017",
        "codigo_ant": "",
        "nombre": "POMABAMBA",
        "departamento": "",
        "provincia": "",
        "altitud": "",
        "pais": "Perú",
        "estado": "REAL",
        "tipo_est": "M",
        "categoria": "CO",
        "fuente": "SENAMHI Perú oficial"
      }
    },
    {
      "type": "Feature",
      "geometry": {
        "type": "Point",
        "coordinates": [
          -77.45365,
          -9.72919
        ]
      },
      "properties": {
        "codigo": "109017",
        "codigo_ant": "",
        "nombre": "RECUAY",
        "departamento": "",
        "provincia": "",
        "altitud": "",
        "pais": "Perú",
        "estado": "REAL",
        "tipo_est": "M",
        "categoria": "CO",
        "fuente": "SENAMHI Perú oficial"
      }
    },
    {
      "type": "Feature",
      "geometry": {
        "type": "Point",
        "coordinates": [
          -77.86712,
          -6.2083
        ]
      },
      "properties": {
        "codigo": "106011",
        "codigo_ant": "",
        "nombre": "CHACHAPOYAS",
        "departamento": "",
        "provincia": "",
        "altitud": "",
        "pais": "Perú",
        "estado": "REAL",
        "tipo_est": "M",
        "categoria": "CO",
        "fuente": "SENAMHI Perú oficial"
      }
    },
    {
      "type": "Feature",
      "geometry": {
        "type": "Point",
        "coordinates": [
          -78.43553,
          -5.41994
        ]
      },
      "properties": {
        "codigo": "105075",
        "codigo_ant": "",
        "nombre": "ARAMANGO",
        "departamento": "",
        "provincia": "",
        "altitud": "",
        "pais": "Perú",
        "estado": "REAL",
        "tipo_est": "M",
        "categoria": "CO",
        "fuente": "SENAMHI Perú oficial"
      }
    },
    {
      "type": "Feature",
      "geometry": {
        "type": "Point",
        "coordinates": [
          -77.97569,
          -5.94485
        ]
      },
      "properties": {
        "codigo": "105079",
        "codigo_ant": "",
        "nombre": "JAZAN",
        "departamento": "",
        "provincia": "",
        "altitud": "",
        "pais": "Perú",
        "estado": "REAL",
        "tipo_est": "M",
        "categoria": "CO",
        "fuente": "SENAMHI Perú oficial"
      }
    },
    {
      "type": "Feature",
      "geometry": {
        "type": "Point",
        "coordinates": [
          -77.93928,
          -4.83039
        ]
      },
      "properties": {
        "codigo": "104060",
        "codigo_ant": "",
        "nombre": "SANTA MARIA DE NIEVA",
        "departamento": "",
        "provincia": "",
        "altitud": "",
        "pais": "Perú",
        "estado": "REAL",
        "tipo_est": "M",
        "categoria": "CO",
        "fuente": "SENAMHI Perú oficial"
      }
    },
    {
      "type": "Feature",
      "geometry": {
        "type": "Point",
        "coordinates": [
          -78.43154,
          -5.75568
        ]
      },
      "properties": {
        "codigo": "221501",
        "codigo_ant": "",
        "nombre": "LOS NARANJOS",
        "departamento": "",
        "provincia": "",
        "altitud": "",
        "pais": "Perú",
        "estado": "REAL",
        "tipo_est": "H",
        "categoria": "HLG",
        "fuente": "SENAMHI Perú oficial"
      }
    },
    {
      "type": "Feature",
      "geometry": {
        "type": "Point",
        "coordinates": [
          -78.53396,
          -5.66148
        ]
      },
      "properties": {
        "codigo": "105068",
        "codigo_ant": "",
        "nombre": "BAGUA CHICA",
        "departamento": "",
        "provincia": "",
        "altitud": "",
        "pais": "Perú",
        "estado": "REAL",
        "tipo_est": "M",
        "categoria": "CP",
        "fuente": "SENAMHI Perú oficial"
      }
    },
    {
      "type": "Feature",
      "geometry": {
        "type": "Point",
        "coordinates": [
          -78.2339,
          -5.8927
        ]
      },
      "properties": {
        "codigo": "105042",
        "codigo_ant": "",
        "nombre": "JAMALCA",
        "departamento": "",
        "provincia": "",
        "altitud": "",
        "pais": "Perú",
        "estado": "REAL",
        "tipo_est": "M",
        "categoria": "CO",
        "fuente": "SENAMHI Perú oficial"
      }
    },
    {
      "type": "Feature",
      "geometry": {
        "type": "Point",
        "coordinates": [
          -77.74136,
          -9.63204
        ]
      },
      "properties": {
        "codigo": "109046",
        "codigo_ant": "",
        "nombre": "CAJAMARQUILLA",
        "departamento": "",
        "provincia": "",
        "altitud": "",
        "pais": "Perú",
        "estado": "REAL",
        "tipo_est": "M",
        "categoria": "CO",
        "fuente": "SENAMHI Perú oficial"
      }
    },
    {
      "type": "Feature",
      "geometry": {
        "type": "Point",
        "coordinates": [
          -77.88761,
          -9.55239
        ]
      },
      "properties": {
        "codigo": "109040",
        "codigo_ant": "",
        "nombre": "PARIACOTO",
        "departamento": "",
        "provincia": "",
        "altitud": "",
        "pais": "Perú",
        "estado": "REAL",
        "tipo_est": "M",
        "categoria": "CO",
        "fuente": "SENAMHI Perú oficial"
      }
    },
    {
      "type": "Feature",
      "geometry": {
        "type": "Point",
        "coordinates": [
          -77.60674,
          -9.78164
        ]
      },
      "properties": {
        "codigo": "109016",
        "codigo_ant": "",
        "nombre": "AIJA",
        "departamento": "",
        "provincia": "",
        "altitud": "",
        "pais": "Perú",
        "estado": "REAL",
        "tipo_est": "M",
        "categoria": "CO",
        "fuente": "SENAMHI Perú oficial"
      }
    },
    {
      "type": "Feature",
      "geometry": {
        "type": "Point",
        "coordinates": [
          -77.15949,
          -10.14763
        ]
      },
      "properties": {
        "codigo": "110018",
        "codigo_ant": "",
        "nombre": "CHIQUIAN",
        "departamento": "",
        "provincia": "",
        "altitud": "",
        "pais": "Perú",
        "estado": "REAL",
        "tipo_est": "M",
        "categoria": "CO",
        "fuente": "SENAMHI Perú oficial"
      }
    },
    {
      "type": "Feature",
      "geometry": {
        "type": "Point",
        "coordinates": [
          -77.17526,
          -9.58598
        ]
      },
      "properties": {
        "codigo": "109019",
        "codigo_ant": "",
        "nombre": "CHAVIN",
        "departamento": "",
        "provincia": "",
        "altitud": "",
        "pais": "Perú",
        "estado": "REAL",
        "tipo_est": "M",
        "categoria": "CO",
        "fuente": "SENAMHI Perú oficial"
      }
    },
    {
      "type": "Feature",
      "geometry": {
        "type": "Point",
        "coordinates": [
          -77.55872,
          -10.20739
        ]
      },
      "properties": {
        "codigo": "110039",
        "codigo_ant": "",
        "nombre": "CHAMANA",
        "departamento": "",
        "provincia": "",
        "altitud": "",
        "pais": "Perú",
        "estado": "REAL",
        "tipo_est": "M",
        "categoria": "CO",
        "fuente": "SENAMHI Perú oficial"
      }
    },
    {
      "type": "Feature",
      "geometry": {
        "type": "Point",
        "coordinates": [
          -77.65,
          -8.56667
        ]
      },
      "properties": {
        "codigo": "108047",
        "codigo_ant": "",
        "nombre": "SIHUAS",
        "departamento": "",
        "provincia": "",
        "altitud": "",
        "pais": "Perú",
        "estado": "REAL",
        "tipo_est": "M",
        "categoria": "CO",
        "fuente": "SENAMHI Perú oficial"
      }
    },
    {
      "type": "Feature",
      "geometry": {
        "type": "Point",
        "coordinates": [
          -77.74998,
          -9.14189
        ]
      },
      "properties": {
        "codigo": "109018",
        "codigo_ant": "",
        "nombre": "YUNGAY",
        "departamento": "",
        "provincia": "",
        "altitud": "",
        "pais": "Perú",
        "estado": "REAL",
        "tipo_est": "M",
        "categoria": "CO",
        "fuente": "SENAMHI Perú oficial"
      }
    },
    {
      "type": "Feature",
      "geometry": {
        "type": "Point",
        "coordinates": [
          -72.73487,
          -13.55253
        ]
      },
      "properties": {
        "codigo": "113029",
        "codigo_ant": "",
        "nombre": "CURAHUASI",
        "departamento": "",
        "provincia": "",
        "altitud": "",
        "pais": "Perú",
        "estado": "REAL",
        "tipo_est": "M",
        "categoria": "CP",
        "fuente": "SENAMHI Perú oficial"
      }
    },
    {
      "type": "Feature",
      "geometry": {
        "type": "Point",
        "coordinates": [
          -72.8569,
          -13.6049
        ]
      },
      "properties": {
        "codigo": "113225",
        "codigo_ant": "",
        "nombre": "GRANJA SAN ANTONIO",
        "departamento": "",
        "provincia": "",
        "altitud": "",
        "pais": "Perú",
        "estado": "REAL",
        "tipo_est": "M",
        "categoria": "MAP",
        "fuente": "SENAMHI Perú oficial"
      }
    },
    {
      "type": "Feature",
      "geometry": {
        "type": "Point",
        "coordinates": [
          -73.36679,
          -13.64863
        ]
      },
      "properties": {
        "codigo": "113025",
        "codigo_ant": "",
        "nombre": "ANDAHUAYLAS",
        "departamento": "",
        "provincia": "",
        "altitud": "",
        "pais": "Perú",
        "estado": "REAL",
        "tipo_est": "M",
        "categoria": "CO",
        "fuente": "SENAMHI Perú oficial"
      }
    },
    {
      "type": "Feature",
      "geometry": {
        "type": "Point",
        "coordinates": [
          -73.25168,
          -14.29056
        ]
      },
      "properties": {
        "codigo": "114117",
        "codigo_ant": "",
        "nombre": "AYMARAES",
        "departamento": "",
        "provincia": "",
        "altitud": "",
        "pais": "Perú",
        "estado": "REAL",
        "tipo_est": "M",
        "categoria": "CO",
        "fuente": "SENAMHI Perú oficial"
      }
    },
    {
      "type": "Feature",
      "geometry": {
        "type": "Point",
        "coordinates": [
          -72.17522,
          -13.94492
        ]
      },
      "properties": {
        "codigo": "113059",
        "codigo_ant": "",
        "nombre": "TAMBOBAMBA",
        "departamento": "",
        "provincia": "",
        "altitud": "",
        "pais": "Perú",
        "estado": "REAL",
        "tipo_est": "M",
        "categoria": "CO",
        "fuente": "SENAMHI Perú oficial"
      }
    },
    {
      "type": "Feature",
      "geometry": {
        "type": "Point",
        "coordinates": [
          -73.82427,
          -13.43488
        ]
      },
      "properties": {
        "codigo": "113138",
        "codigo_ant": "",
        "nombre": "PAMPAS",
        "departamento": "",
        "provincia": "",
        "altitud": "",
        "pais": "Perú",
        "estado": "REAL",
        "tipo_est": "M",
        "categoria": "CO",
        "fuente": "SENAMHI Perú oficial"
      }
    },
    {
      "type": "Feature",
      "geometry": {
        "type": "Point",
        "coordinates": [
          -72.6669,
          -14.0628
        ]
      },
      "properties": {
        "codigo": "114108",
        "codigo_ant": "",
        "nombre": "CURPAHUASI",
        "departamento": "",
        "provincia": "",
        "altitud": "",
        "pais": "Perú",
        "estado": "REAL",
        "tipo_est": "M",
        "categoria": "CO",
        "fuente": "SENAMHI Perú oficial"
      }
    },
    {
      "type": "Feature",
      "geometry": {
        "type": "Point",
        "coordinates": [
          -71.53453,
          -16.4138
        ]
      },
      "properties": {
        "codigo": "116017",
        "codigo_ant": "",
        "nombre": "LA PAMPILLA",
        "departamento": "",
        "provincia": "",
        "altitud": "",
        "pais": "Perú",
        "estado": "REAL",
        "tipo_est": "M",
        "categoria": "MAP",
        "fuente": "SENAMHI Perú oficial"
      }
    },
    {
      "type": "Feature",
      "geometry": {
        "type": "Point",
        "coordinates": [
          -71.40913,
          -16.40644
        ]
      },
      "properties": {
        "codigo": "116020",
        "codigo_ant": "",
        "nombre": "CHIGUATA",
        "departamento": "",
        "provincia": "",
        "altitud": "",
        "pais": "Perú",
        "estado": "REAL",
        "tipo_est": "M",
        "categoria": "CO",
        "fuente": "SENAMHI Perú oficial"
      }
    },
    {
      "type": "Feature",
      "geometry": {
        "type": "Point",
        "coordinates": [
          -71.56635,
          -16.45774
        ]
      },
      "properties": {
        "codigo": "116003",
        "codigo_ant": "",
        "nombre": "HUASACACHE",
        "departamento": "",
        "provincia": "",
        "altitud": "",
        "pais": "Perú",
        "estado": "REAL",
        "tipo_est": "M",
        "categoria": "CO",
        "fuente": "SENAMHI Perú oficial"
      }
    },
    {
      "type": "Feature",
      "geometry": {
        "type": "Point",
        "coordinates": [
          -71.57431,
          -16.45992
        ]
      },
      "properties": {
        "codigo": "204708",
        "codigo_ant": "",
        "nombre": "TINGO GRANDE",
        "departamento": "",
        "provincia": "",
        "altitud": "",
        "pais": "Perú",
        "estado": "REAL",
        "tipo_est": "H",
        "categoria": "HLG",
        "fuente": "SENAMHI Perú oficial"
      }
    },
    {
      "type": "Feature",
      "geometry": {
        "type": "Point",
        "coordinates": [
          -71.67503,
          -16.42679
        ]
      },
      "properties": {
        "codigo": "204707",
        "codigo_ant": "",
        "nombre": "PUENTE DEL DIABLO",
        "departamento": "",
        "provincia": "",
        "altitud": "",
        "pais": "Perú",
        "estado": "REAL",
        "tipo_est": "H",
        "categoria": "HLG",
        "fuente": "SENAMHI Perú oficial"
      }
    },
    {
      "type": "Feature",
      "geometry": {
        "type": "Point",
        "coordinates": [
          -71.92464,
          -16.58359
        ]
      },
      "properties": {
        "codigo": "116005",
        "codigo_ant": "",
        "nombre": "LA JOYA",
        "departamento": "",
        "provincia": "",
        "altitud": "",
        "pais": "Perú",
        "estado": "REAL",
        "tipo_est": "M",
        "categoria": "MAP",
        "fuente": "SENAMHI Perú oficial"
      }
    },
    {
      "type": "Feature",
      "geometry": {
        "type": "Point",
        "coordinates": [
          -72.69957,
          -16.54193
        ]
      },
      "properties": {
        "codigo": "204621",
        "codigo_ant": "",
        "nombre": "HACIENDA PAMPATA",
        "departamento": "",
        "provincia": "",
        "altitud": "",
        "pais": "Perú",
        "estado": "REAL",
        "tipo_est": "H",
        "categoria": "HLG",
        "fuente": "SENAMHI Perú oficial"
      }
    },
    {
      "type": "Feature",
      "geometry": {
        "type": "Point",
        "coordinates": [
          -73.1145,
          -16.427
        ]
      },
      "properties": {
        "codigo": "204504",
        "codigo_ant": "",
        "nombre": "OCOÑA",
        "departamento": "",
        "provincia": "",
        "altitud": "",
        "pais": "Perú",
        "estado": "REAL",
        "tipo_est": "H",
        "categoria": "HLG",
        "fuente": "SENAMHI Perú oficial"
      }
    },
    {
      "type": "Feature",
      "geometry": {
        "type": "Point",
        "coordinates": [
          -72.70432,
          -16.64395
        ]
      },
      "properties": {
        "codigo": "116013",
        "codigo_ant": "",
        "nombre": "CAMANA",
        "departamento": "",
        "provincia": "",
        "altitud": "",
        "pais": "Perú",
        "estado": "REAL",
        "tipo_est": "M",
        "categoria": "CO",
        "fuente": "SENAMHI Perú oficial"
      }
    },
    {
      "type": "Feature",
      "geometry": {
        "type": "Point",
        "coordinates": [
          -73.36259,
          -15.77568
        ]
      },
      "properties": {
        "codigo": "115018",
        "codigo_ant": "",
        "nombre": "CARAVELI",
        "departamento": "",
        "provincia": "",
        "altitud": "",
        "pais": "Perú",
        "estado": "REAL",
        "tipo_est": "M",
        "categoria": "CO",
        "fuente": "SENAMHI Perú oficial"
      }
    },
    {
      "type": "Feature",
      "geometry": {
        "type": "Point",
        "coordinates": [
          -73.6964,
          -16.2317
        ]
      },
      "properties": {
        "codigo": "116011",
        "codigo_ant": "",
        "nombre": "PUNTA ATICO",
        "departamento": "",
        "provincia": "",
        "altitud": "",
        "pais": "Perú",
        "estado": "REAL",
        "tipo_est": "M",
        "categoria": "CO",
        "fuente": "SENAMHI Perú oficial"
      }
    },
    {
      "type": "Feature",
      "geometry": {
        "type": "Point",
        "coordinates": [
          -73.87089,
          -15.74765
        ]
      },
      "properties": {
        "codigo": "100026",
        "codigo_ant": "",
        "nombre": "CHAPARRA",
        "departamento": "",
        "provincia": "",
        "altitud": "",
        "pais": "Perú",
        "estado": "REAL",
        "tipo_est": "M",
        "categoria": "CO",
        "fuente": "SENAMHI Perú oficial"
      }
    },
    {
      "type": "Feature",
      "geometry": {
        "type": "Point",
        "coordinates": [
          -74.8503,
          -15.57119
        ]
      },
      "properties": {
        "codigo": "115133",
        "codigo_ant": "",
        "nombre": "LOMAS",
        "departamento": "",
        "provincia": "",
        "altitud": "",
        "pais": "Perú",
        "estado": "REAL",
        "tipo_est": "M",
        "categoria": "CO",
        "fuente": "SENAMHI Perú oficial"
      }
    },
    {
      "type": "Feature",
      "geometry": {
        "type": "Point",
        "coordinates": [
          -72.48355,
          -16.00806
        ]
      },
      "properties": {
        "codigo": "204617",
        "codigo_ant": "",
        "nombre": "HUATIAPA",
        "departamento": "",
        "provincia": "",
        "altitud": "",
        "pais": "Perú",
        "estado": "REAL",
        "tipo_est": "H",
        "categoria": "HLG",
        "fuente": "SENAMHI Perú oficial"
      }
    },
    {
      "type": "Feature",
      "geometry": {
        "type": "Point",
        "coordinates": [
          -72.49226,
          -16.07288
        ]
      },
      "properties": {
        "codigo": "116014",
        "codigo_ant": "",
        "nombre": "APLAO",
        "departamento": "",
        "provincia": "",
        "altitud": "",
        "pais": "Perú",
        "estado": "REAL",
        "tipo_est": "M",
        "categoria": "CO",
        "fuente": "SENAMHI Perú oficial"
      }
    },
    {
      "type": "Feature",
      "geometry": {
        "type": "Point",
        "coordinates": [
          -72.3551,
          -15.5009
        ]
      },
      "properties": {
        "codigo": "115085",
        "codigo_ant": "",
        "nombre": "ANDAGUA",
        "departamento": "",
        "provincia": "",
        "altitud": "",
        "pais": "Perú",
        "estado": "REAL",
        "tipo_est": "M",
        "categoria": "CO",
        "fuente": "SENAMHI Perú oficial"
      }
    },
    {
      "type": "Feature",
      "geometry": {
        "type": "Point",
        "coordinates": [
          -72.1296,
          -15.5771
        ]
      },
      "properties": {
        "codigo": "115089",
        "codigo_ant": "",
        "nombre": "CHOCO",
        "departamento": "",
        "provincia": "",
        "altitud": "",
        "pais": "Perú",
        "estado": "REAL",
        "tipo_est": "M",
        "categoria": "CO",
        "fuente": "SENAMHI Perú oficial"
      }
    },
    {
      "type": "Feature",
      "geometry": {
        "type": "Point",
        "coordinates": [
          -72.50322,
          -15.65321
        ]
      },
      "properties": {
        "codigo": "115129",
        "codigo_ant": "",
        "nombre": "MACHAHUAY",
        "departamento": "",
        "provincia": "",
        "altitud": "",
        "pais": "Perú",
        "estado": "REAL",
        "tipo_est": "M",
        "categoria": "CO",
        "fuente": "SENAMHI Perú oficial"
      }
    },
    {
      "type": "Feature",
      "geometry": {
        "type": "Point",
        "coordinates": [
          -72.341,
          -15.2639
        ]
      },
      "properties": {
        "codigo": "115086",
        "codigo_ant": "",
        "nombre": "ORCOPAMPA",
        "departamento": "",
        "provincia": "",
        "altitud": "",
        "pais": "Perú",
        "estado": "REAL",
        "tipo_est": "M",
        "categoria": "CO",
        "fuente": "SENAMHI Perú oficial"
      }
    },
    {
      "type": "Feature",
      "geometry": {
        "type": "Point",
        "coordinates": [
          -72.5683,
          -15.7167
        ]
      },
      "properties": {
        "codigo": "115021",
        "codigo_ant": "",
        "nombre": "PAMPACOLCA",
        "departamento": "",
        "provincia": "",
        "altitud": "",
        "pais": "Perú",
        "estado": "REAL",
        "tipo_est": "M",
        "categoria": "CO",
        "fuente": "SENAMHI Perú oficial"
      }
    },
    {
      "type": "Feature",
      "geometry": {
        "type": "Point",
        "coordinates": [
          -71.60169,
          -15.64163
        ]
      },
      "properties": {
        "codigo": "115025",
        "codigo_ant": "",
        "nombre": "CHIVAY",
        "departamento": "",
        "provincia": "",
        "altitud": "",
        "pais": "Perú",
        "estado": "REAL",
        "tipo_est": "M",
        "categoria": "CO",
        "fuente": "SENAMHI Perú oficial"
      }
    },
    {
      "type": "Feature",
      "geometry": {
        "type": "Point",
        "coordinates": [
          -71.97409,
          -15.6226
        ]
      },
      "properties": {
        "codigo": "115041",
        "codigo_ant": "",
        "nombre": "CABANACONDE",
        "departamento": "",
        "provincia": "",
        "altitud": "",
        "pais": "Perú",
        "estado": "REAL",
        "tipo_est": "M",
        "categoria": "CO",
        "fuente": "SENAMHI Perú oficial"
      }
    },
    {
      "type": "Feature",
      "geometry": {
        "type": "Point",
        "coordinates": [
          -71.77019,
          -15.18882
        ]
      },
      "properties": {
        "codigo": "115022",
        "codigo_ant": "",
        "nombre": "CAYLLOMA",
        "departamento": "",
        "provincia": "",
        "altitud": "",
        "pais": "Perú",
        "estado": "REAL",
        "tipo_est": "M",
        "categoria": "CO",
        "fuente": "SENAMHI Perú oficial"
      }
    },
    {
      "type": "Feature",
      "geometry": {
        "type": "Point",
        "coordinates": [
          -72.10693,
          -15.73201
        ]
      },
      "properties": {
        "codigo": "115090",
        "codigo_ant": "",
        "nombre": "HUAMBO",
        "departamento": "",
        "provincia": "",
        "altitud": "",
        "pais": "Perú",
        "estado": "REAL",
        "tipo_est": "M",
        "categoria": "CO",
        "fuente": "SENAMHI Perú oficial"
      }
    },
    {
      "type": "Feature",
      "geometry": {
        "type": "Point",
        "coordinates": [
          -71.88108,
          -16.03458
        ]
      },
      "properties": {
        "codigo": "116058",
        "codigo_ant": "",
        "nombre": "HUANCA",
        "departamento": "",
        "provincia": "",
        "altitud": "",
        "pais": "Perú",
        "estado": "REAL",
        "tipo_est": "M",
        "categoria": "CO",
        "fuente": "SENAMHI Perú oficial"
      }
    },
    {
      "type": "Feature",
      "geometry": {
        "type": "Point",
        "coordinates": [
          -76.98971,
          -10.47788
        ]
      },
      "properties": {
        "codigo": "110019",
        "codigo_ant": "",
        "nombre": "CAJATAMBO",
        "departamento": "",
        "provincia": "",
        "altitud": "",
        "pais": "Perú",
        "estado": "REAL",
        "tipo_est": "M",
        "categoria": "CO",
        "fuente": "SENAMHI Perú oficial"
      }
    },
    {
      "type": "Feature",
      "geometry": {
        "type": "Point",
        "coordinates": [
          -76.62569,
          -11.47121
        ]
      },
      "properties": {
        "codigo": "111026",
        "codigo_ant": "",
        "nombre": "CANTA",
        "departamento": "",
        "provincia": "",
        "altitud": "",
        "pais": "Perú",
        "estado": "REAL",
        "tipo_est": "M",
        "categoria": "CP",
        "fuente": "SENAMHI Perú oficial"
      }
    },
    {
      "type": "Feature",
      "geometry": {
        "type": "Point",
        "coordinates": [
          -76.62217,
          -11.45293
        ]
      },
      "properties": {
        "codigo": "202802",
        "codigo_ant": "",
        "nombre": "OBRAJILLO",
        "departamento": "",
        "provincia": "",
        "altitud": "",
        "pais": "Perú",
        "estado": "REAL",
        "tipo_est": "H",
        "categoria": "HLG",
        "fuente": "SENAMHI Perú oficial"
      }
    },
    {
      "type": "Feature",
      "geometry": {
        "type": "Point",
        "coordinates": [
          -76.83719,
          -11.69463
        ]
      },
      "properties": {
        "codigo": "111151",
        "codigo_ant": "",
        "nombre": "PUENTE MAGDALENA",
        "departamento": "",
        "provincia": "",
        "altitud": "",
        "pais": "Perú",
        "estado": "REAL",
        "tipo_est": "H",
        "categoria": "HLG",
        "fuente": "SENAMHI Perú oficial"
      }
    },
    {
      "type": "Feature",
      "geometry": {
        "type": "Point",
        "coordinates": [
          -76.49637,
          -12.52194
        ]
      },
      "properties": {
        "codigo": "203101",
        "codigo_ant": "",
        "nombre": "LA CAPILLA",
        "departamento": "",
        "provincia": "",
        "altitud": "",
        "pais": "Perú",
        "estado": "REAL",
        "tipo_est": "H",
        "categoria": "HLG",
        "fuente": "SENAMHI Perú oficial"
      }
    },
    {
      "type": "Feature",
      "geometry": {
        "type": "Point",
        "coordinates": [
          -76.20027,
          -13.03051
        ]
      },
      "properties": {
        "codigo": "113140",
        "codigo_ant": "",
        "nombre": "SOCSI CAÑETE",
        "departamento": "",
        "provincia": "",
        "altitud": "",
        "pais": "Perú",
        "estado": "REAL",
        "tipo_est": "M",
        "categoria": "PE",
        "fuente": "SENAMHI Perú oficial"
      }
    },
    {
      "type": "Feature",
      "geometry": {
        "type": "Point",
        "coordinates": [
          -76.19453,
          -13.0283
        ]
      },
      "properties": {
        "codigo": "203302",
        "codigo_ant": "",
        "nombre": "SOCSI",
        "departamento": "",
        "provincia": "",
        "altitud": "",
        "pais": "Perú",
        "estado": "REAL",
        "tipo_est": "H",
        "categoria": "HLG",
        "fuente": "SENAMHI Perú oficial"
      }
    },
    {
      "type": "Feature",
      "geometry": {
        "type": "Point",
        "coordinates": [
          -76.05793,
          -12.86689
        ]
      },
      "properties": {
        "codigo": "112058",
        "codigo_ant": "",
        "nombre": "PACARAN",
        "departamento": "",
        "provincia": "",
        "altitud": "",
        "pais": "Perú",
        "estado": "REAL",
        "tipo_est": "M",
        "categoria": "CO",
        "fuente": "SENAMHI Perú oficial"
      }
    },
    {
      "type": "Feature",
      "geometry": {
        "type": "Point",
        "coordinates": [
          -76.05479,
          -12.86096
        ]
      },
      "properties": {
        "codigo": "203303",
        "codigo_ant": "",
        "nombre": "PACARAN",
        "departamento": "",
        "provincia": "",
        "altitud": "",
        "pais": "Perú",
        "estado": "REAL",
        "tipo_est": "H",
        "categoria": "HLM",
        "fuente": "SENAMHI Perú oficial"
      }
    },
    {
      "type": "Feature",
      "geometry": {
        "type": "Point",
        "coordinates": [
          -77.122,
          -11.45281
        ]
      },
      "properties": {
        "codigo": "111022",
        "codigo_ant": "",
        "nombre": "HUAYAN",
        "departamento": "",
        "provincia": "",
        "altitud": "",
        "pais": "Perú",
        "estado": "REAL",
        "tipo_est": "M",
        "categoria": "CO",
        "fuente": "SENAMHI Perú oficial"
      }
    },
    {
      "type": "Feature",
      "geometry": {
        "type": "Point",
        "coordinates": [
          -77.02823,
          -11.37009
        ]
      },
      "properties": {
        "codigo": "202701",
        "codigo_ant": "",
        "nombre": "SANTO DOMINGO",
        "departamento": "",
        "provincia": "",
        "altitud": "",
        "pais": "Perú",
        "estado": "REAL",
        "tipo_est": "H",
        "categoria": "HLG",
        "fuente": "SENAMHI Perú oficial"
      }
    },
    {
      "type": "Feature",
      "geometry": {
        "type": "Point",
        "coordinates": [
          -72.1525,
          -16.3357
        ]
      },
      "properties": {
        "codigo": "116006",
        "codigo_ant": "",
        "nombre": "PAMPA DE MAJES",
        "departamento": "",
        "provincia": "",
        "altitud": "",
        "pais": "Perú",
        "estado": "REAL",
        "tipo_est": "M",
        "categoria": "MAP",
        "fuente": "SENAMHI Perú oficial"
      }
    },
    {
      "type": "Feature",
      "geometry": {
        "type": "Point",
        "coordinates": [
          -75.0124,
          -12.7715
        ]
      },
      "properties": {
        "codigo": "112061",
        "codigo_ant": "",
        "nombre": "HUANCAVELICA",
        "departamento": "",
        "provincia": "",
        "altitud": "",
        "pais": "Perú",
        "estado": "REAL",
        "tipo_est": "M",
        "categoria": "CO",
        "fuente": "SENAMHI Perú oficial"
      }
    },
    {
      "type": "Feature",
      "geometry": {
        "type": "Point",
        "coordinates": [
          -73.377,
          -3.8286
        ]
      },
      "properties": {
        "codigo": "103046",
        "codigo_ant": "",
        "nombre": "PUERTO ALMENDRA",
        "departamento": "",
        "provincia": "",
        "altitud": "",
        "pais": "Perú",
        "estado": "REAL",
        "tipo_est": "M",
        "categoria": "CO",
        "fuente": "SENAMHI Perú oficial"
      }
    },
    {
      "type": "Feature",
      "geometry": {
        "type": "Point",
        "coordinates": [
          -70.5259,
          -18.2107
        ]
      },
      "properties": {
        "codigo": "118002",
        "codigo_ant": "",
        "nombre": "LA YARADA",
        "departamento": "",
        "provincia": "",
        "altitud": "",
        "pais": "Perú",
        "estado": "REAL",
        "tipo_est": "M",
        "categoria": "CP",
        "fuente": "SENAMHI Perú oficial"
      }
    },
    {
      "type": "Feature",
      "geometry": {
        "type": "Point",
        "coordinates": [
          -76.37792,
          -11.83913
        ]
      },
      "properties": {
        "codigo": "111027",
        "codigo_ant": "",
        "nombre": "MATUCANA",
        "departamento": "",
        "provincia": "",
        "altitud": "",
        "pais": "Perú",
        "estado": "REAL",
        "tipo_est": "M",
        "categoria": "CO",
        "fuente": "SENAMHI Perú oficial"
      }
    },
    {
      "type": "Feature",
      "geometry": {
        "type": "Point",
        "coordinates": [
          -76.62437,
          -12.0314
        ]
      },
      "properties": {
        "codigo": "203003",
        "codigo_ant": "",
        "nombre": "ANTAPUCRO",
        "departamento": "",
        "provincia": "",
        "altitud": "",
        "pais": "Perú",
        "estado": "REAL",
        "tipo_est": "H",
        "categoria": "HLG",
        "fuente": "SENAMHI Perú oficial"
      }
    },
    {
      "type": "Feature",
      "geometry": {
        "type": "Point",
        "coordinates": [
          -76.25938,
          -11.7345
        ]
      },
      "properties": {
        "codigo": "202904",
        "codigo_ant": "",
        "nombre": "RIO BLANCO",
        "departamento": "",
        "provincia": "",
        "altitud": "",
        "pais": "Perú",
        "estado": "REAL",
        "tipo_est": "H",
        "categoria": "HLG",
        "fuente": "SENAMHI Perú oficial"
      }
    },
    {
      "type": "Feature",
      "geometry": {
        "type": "Point",
        "coordinates": [
          -76.23429,
          -12.13886
        ]
      },
      "properties": {
        "codigo": "112055",
        "codigo_ant": "",
        "nombre": "HUAROCHIRI",
        "departamento": "",
        "provincia": "",
        "altitud": "",
        "pais": "Perú",
        "estado": "REAL",
        "tipo_est": "M",
        "categoria": "CO",
        "fuente": "SENAMHI Perú oficial"
      }
    },
    {
      "type": "Feature",
      "geometry": {
        "type": "Point",
        "coordinates": [
          -76.35207,
          -12.18088
        ]
      },
      "properties": {
        "codigo": "112126",
        "codigo_ant": "",
        "nombre": "SAN LAZARO DE ESCOMARCA",
        "departamento": "",
        "provincia": "",
        "altitud": "",
        "pais": "Perú",
        "estado": "REAL",
        "tipo_est": "M",
        "categoria": "CO",
        "fuente": "SENAMHI Perú oficial"
      }
    },
    {
      "type": "Feature",
      "geometry": {
        "type": "Point",
        "coordinates": [
          -76.301,
          -11.76017
        ]
      },
      "properties": {
        "codigo": "111175",
        "codigo_ant": "",
        "nombre": "SAN MATEO DE HUANCHOR",
        "departamento": "",
        "provincia": "",
        "altitud": "",
        "pais": "Perú",
        "estado": "REAL",
        "tipo_est": "M",
        "categoria": "PLU",
        "fuente": "SENAMHI Perú oficial"
      }
    },
    {
      "type": "Feature",
      "geometry": {
        "type": "Point",
        "coordinates": [
          -76.30111,
          -11.76012
        ]
      },
      "properties": {
        "codigo": "202905",
        "codigo_ant": "",
        "nombre": "SAN MATEO",
        "departamento": "",
        "provincia": "",
        "altitud": "",
        "pais": "Perú",
        "estado": "REAL",
        "tipo_est": "H",
        "categoria": "HLG",
        "fuente": "SENAMHI Perú oficial"
      }
    },
    {
      "type": "Feature",
      "geometry": {
        "type": "Point",
        "coordinates": [
          -76.66664,
          -11.92
        ]
      },
      "properties": {
        "codigo": "111086",
        "codigo_ant": "",
        "nombre": "SANTA EULALIA",
        "departamento": "",
        "provincia": "",
        "altitud": "",
        "pais": "Perú",
        "estado": "REAL",
        "tipo_est": "M",
        "categoria": "PLU",
        "fuente": "SENAMHI Perú oficial"
      }
    },
    {
      "type": "Feature",
      "geometry": {
        "type": "Point",
        "coordinates": [
          -76.66678,
          -11.91984
        ]
      },
      "properties": {
        "codigo": "202930",
        "codigo_ant": "",
        "nombre": "SANTA EULALIA",
        "departamento": "",
        "provincia": "",
        "altitud": "",
        "pais": "Perú",
        "estado": "REAL",
        "tipo_est": "H",
        "categoria": "HLM",
        "fuente": "SENAMHI Perú oficial"
      }
    },
    {
      "type": "Feature",
      "geometry": {
        "type": "Point",
        "coordinates": [
          -77.60603,
          -11.12386
        ]
      },
      "properties": {
        "codigo": "111163",
        "codigo_ant": "",
        "nombre": "UNJF SANCHEZ CARRION - HUACHO",
        "departamento": "",
        "provincia": "",
        "altitud": "",
        "pais": "Perú",
        "estado": "REAL",
        "tipo_est": "M",
        "categoria": "CP",
        "fuente": "SENAMHI Perú oficial"
      }
    },
    {
      "type": "Feature",
      "geometry": {
        "type": "Point",
        "coordinates": [
          -77.36839,
          -11.36014
        ]
      },
      "properties": {
        "codigo": "111018",
        "codigo_ant": "",
        "nombre": "LOMAS DE LACHAY",
        "departamento": "",
        "provincia": "",
        "altitud": "",
        "pais": "Perú",
        "estado": "REAL",
        "tipo_est": "M",
        "categoria": "CO",
        "fuente": "SENAMHI Perú oficial"
      }
    },
    {
      "type": "Feature",
      "geometry": {
        "type": "Point",
        "coordinates": [
          -77.55011,
          -11.06068
        ]
      },
      "properties": {
        "codigo": "111004",
        "codigo_ant": "",
        "nombre": "ALCANTARILLA",
        "departamento": "",
        "provincia": "",
        "altitud": "",
        "pais": "Perú",
        "estado": "REAL",
        "tipo_est": "M",
        "categoria": "MAP",
        "fuente": "SENAMHI Perú oficial"
      }
    },
    {
      "type": "Feature",
      "geometry": {
        "type": "Point",
        "coordinates": [
          -76.73701,
          -10.92162
        ]
      },
      "properties": {
        "codigo": "110021",
        "codigo_ant": "",
        "nombre": "PICOY",
        "departamento": "",
        "provincia": "",
        "altitud": "",
        "pais": "Perú",
        "estado": "REAL",
        "tipo_est": "M",
        "categoria": "CO",
        "fuente": "SENAMHI Perú oficial"
      }
    },
    {
      "type": "Feature",
      "geometry": {
        "type": "Point",
        "coordinates": [
          -76.7367,
          -10.92164
        ]
      },
      "properties": {
        "codigo": "202607",
        "codigo_ant": "",
        "nombre": "PICOY",
        "departamento": "",
        "provincia": "",
        "altitud": "",
        "pais": "Perú",
        "estado": "REAL",
        "tipo_est": "H",
        "categoria": "HLG",
        "fuente": "SENAMHI Perú oficial"
      }
    },
    {
      "type": "Feature",
      "geometry": {
        "type": "Point",
        "coordinates": [
          -77.19832,
          -11.13476
        ]
      },
      "properties": {
        "codigo": "212301",
        "codigo_ant": "",
        "nombre": "SAYAN",
        "departamento": "",
        "provincia": "",
        "altitud": "",
        "pais": "Perú",
        "estado": "REAL",
        "tipo_est": "H",
        "categoria": "HLM",
        "fuente": "SENAMHI Perú oficial"
      }
    },
    {
      "type": "Feature",
      "geometry": {
        "type": "Point",
        "coordinates": [
          -77.6489,
          -10.91294
        ]
      },
      "properties": {
        "codigo": "110017",
        "codigo_ant": "",
        "nombre": "CAMAY",
        "departamento": "",
        "provincia": "",
        "altitud": "",
        "pais": "Perú",
        "estado": "REAL",
        "tipo_est": "M",
        "categoria": "CO",
        "fuente": "SENAMHI Perú oficial"
      }
    },
    {
      "type": "Feature",
      "geometry": {
        "type": "Point",
        "coordinates": [
          -75.91039,
          -12.49173
        ]
      },
      "properties": {
        "codigo": "112057",
        "codigo_ant": "",
        "nombre": "YAUYOS",
        "departamento": "",
        "provincia": "",
        "altitud": "",
        "pais": "Perú",
        "estado": "REAL",
        "tipo_est": "M",
        "categoria": "CO",
        "fuente": "SENAMHI Perú oficial"
      }
    },
    {
      "type": "Feature",
      "geometry": {
        "type": "Point",
        "coordinates": [
          -75.83365,
          -12.89858
        ]
      },
      "properties": {
        "codigo": "112134",
        "codigo_ant": "",
        "nombre": "HUANGASCAR",
        "departamento": "",
        "provincia": "",
        "altitud": "",
        "pais": "Perú",
        "estado": "REAL",
        "tipo_est": "M",
        "categoria": "PE",
        "fuente": "SENAMHI Perú oficial"
      }
    },
    {
      "type": "Feature",
      "geometry": {
        "type": "Point",
        "coordinates": [
          -73.16112,
          -4.00356
        ]
      },
      "properties": {
        "codigo": "103049",
        "codigo_ant": "",
        "nombre": "TAMSHIYACU",
        "departamento": "",
        "provincia": "",
        "altitud": "",
        "pais": "Perú",
        "estado": "REAL",
        "tipo_est": "M",
        "categoria": "CO",
        "fuente": "SENAMHI Perú oficial"
      }
    },
    {
      "type": "Feature",
      "geometry": {
        "type": "Point",
        "coordinates": [
          -73.1614,
          -4.00316
        ]
      },
      "properties": {
        "codigo": "240103",
        "codigo_ant": "",
        "nombre": "TAMSHIYACU",
        "departamento": "",
        "provincia": "",
        "altitud": "",
        "pais": "Perú",
        "estado": "REAL",
        "tipo_est": "H",
        "categoria": "HLM",
        "fuente": "SENAMHI Perú oficial"
      }
    },
    {
      "type": "Feature",
      "geometry": {
        "type": "Point",
        "coordinates": [
          -72.76667,
          -3.42333
        ]
      },
      "properties": {
        "codigo": "103024",
        "codigo_ant": "",
        "nombre": "FRANCISCO ORELLANA",
        "departamento": "",
        "provincia": "",
        "altitud": "",
        "pais": "Perú",
        "estado": "REAL",
        "tipo_est": "M",
        "categoria": "CO",
        "fuente": "SENAMHI Perú oficial"
      }
    },
    {
      "type": "Feature",
      "geometry": {
        "type": "Point",
        "coordinates": [
          -73.08182,
          -3.48817
        ]
      },
      "properties": {
        "codigo": "103044",
        "codigo_ant": "",
        "nombre": "MAZAN",
        "departamento": "",
        "provincia": "",
        "altitud": "",
        "pais": "Perú",
        "estado": "REAL",
        "tipo_est": "M",
        "categoria": "CP",
        "fuente": "SENAMHI Perú oficial"
      }
    },
    {
      "type": "Feature",
      "geometry": {
        "type": "Point",
        "coordinates": [
          -73.2556,
          -3.6903
        ]
      },
      "properties": {
        "codigo": "103015",
        "codigo_ant": "",
        "nombre": "PUNCHANA",
        "departamento": "",
        "provincia": "",
        "altitud": "",
        "pais": "Perú",
        "estado": "REAL",
        "tipo_est": "M",
        "categoria": "PE",
        "fuente": "SENAMHI Perú oficial"
      }
    },
    {
      "type": "Feature",
      "geometry": {
        "type": "Point",
        "coordinates": [
          -76.11813,
          -5.93559
        ]
      },
      "properties": {
        "codigo": "100128",
        "codigo_ant": "",
        "nombre": "SAN RAMON",
        "departamento": "",
        "provincia": "",
        "altitud": "",
        "pais": "Perú",
        "estado": "REAL",
        "tipo_est": "M",
        "categoria": "CP",
        "fuente": "SENAMHI Perú oficial"
      }
    },
    {
      "type": "Feature",
      "geometry": {
        "type": "Point",
        "coordinates": [
          -76.55477,
          -4.82954
        ]
      },
      "properties": {
        "codigo": "104057",
        "codigo_ant": "",
        "nombre": "SAN LORENZO",
        "departamento": "",
        "provincia": "",
        "altitud": "",
        "pais": "Perú",
        "estado": "REAL",
        "tipo_est": "M",
        "categoria": "CO",
        "fuente": "SENAMHI Perú oficial"
      }
    },
    {
      "type": "Feature",
      "geometry": {
        "type": "Point",
        "coordinates": [
          -76.5554,
          -4.8322
        ]
      },
      "properties": {
        "codigo": "220108",
        "codigo_ant": "",
        "nombre": "SAN LORENZO",
        "departamento": "",
        "provincia": "",
        "altitud": "",
        "pais": "Perú",
        "estado": "REAL",
        "tipo_est": "H",
        "categoria": "HLM",
        "fuente": "SENAMHI Perú oficial"
      }
    },
    {
      "type": "Feature",
      "geometry": {
        "type": "Point",
        "coordinates": [
          -75.6679,
          -5.2171
        ]
      },
      "properties": {
        "codigo": "230603",
        "codigo_ant": "",
        "nombre": "LAGUNAS",
        "departamento": "",
        "provincia": "",
        "altitud": "",
        "pais": "Perú",
        "estado": "REAL",
        "tipo_est": "H",
        "categoria": "HLM",
        "fuente": "SENAMHI Perú oficial"
      }
    },
    {
      "type": "Feature",
      "geometry": {
        "type": "Point",
        "coordinates": [
          -73.58375,
          -4.51336
        ]
      },
      "properties": {
        "codigo": "104056",
        "codigo_ant": "",
        "nombre": "NAUTA",
        "departamento": "",
        "provincia": "",
        "altitud": "",
        "pais": "Perú",
        "estado": "REAL",
        "tipo_est": "M",
        "categoria": "CO",
        "fuente": "SENAMHI Perú oficial"
      }
    },
    {
      "type": "Feature",
      "geometry": {
        "type": "Point",
        "coordinates": [
          -70.5119,
          -3.9112
        ]
      },
      "properties": {
        "codigo": "103031",
        "codigo_ant": "",
        "nombre": "CABALLOCOCHA",
        "departamento": "",
        "provincia": "",
        "altitud": "",
        "pais": "Perú",
        "estado": "REAL",
        "tipo_est": "M",
        "categoria": "CO",
        "fuente": "SENAMHI Perú oficial"
      }
    },
    {
      "type": "Feature",
      "geometry": {
        "type": "Point",
        "coordinates": [
          -71.8588,
          -3.3188
        ]
      },
      "properties": {
        "codigo": "103054",
        "codigo_ant": "",
        "nombre": "PEBAS",
        "departamento": "",
        "provincia": "",
        "altitud": "",
        "pais": "Perú",
        "estado": "REAL",
        "tipo_est": "M",
        "categoria": "CO",
        "fuente": "SENAMHI Perú oficial"
      }
    },
    {
      "type": "Feature",
      "geometry": {
        "type": "Point",
        "coordinates": [
          -73.66944,
          -4.91003
        ]
      },
      "properties": {
        "codigo": "104071",
        "codigo_ant": "",
        "nombre": "GENARO HERRERA",
        "departamento": "",
        "provincia": "",
        "altitud": "",
        "pais": "Perú",
        "estado": "REAL",
        "tipo_est": "M",
        "categoria": "CP",
        "fuente": "SENAMHI Perú oficial"
      }
    },
    {
      "type": "Feature",
      "geometry": {
        "type": "Point",
        "coordinates": [
          -69.2088,
          -12.5873
        ]
      },
      "properties": {
        "codigo": "100109",
        "codigo_ant": "",
        "nombre": "PUERTO MALDONADO",
        "departamento": "",
        "provincia": "",
        "altitud": "",
        "pais": "Perú",
        "estado": "REAL",
        "tipo_est": "M",
        "categoria": "CP",
        "fuente": "SENAMHI Perú oficial"
      }
    },
    {
      "type": "Feature",
      "geometry": {
        "type": "Point",
        "coordinates": [
          -69.578,
          -10.95589
        ]
      },
      "properties": {
        "codigo": "110129",
        "codigo_ant": "",
        "nombre": "IÑAPARI",
        "departamento": "",
        "provincia": "",
        "altitud": "",
        "pais": "Perú",
        "estado": "REAL",
        "tipo_est": "M",
        "categoria": "CO",
        "fuente": "SENAMHI Perú oficial"
      }
    },
    {
      "type": "Feature",
      "geometry": {
        "type": "Point",
        "coordinates": [
          -70.93269,
          -17.17875
        ]
      },
      "properties": {
        "codigo": "117002",
        "codigo_ant": "",
        "nombre": "MOQUEGUA",
        "departamento": "",
        "provincia": "",
        "altitud": "",
        "pais": "Perú",
        "estado": "REAL",
        "tipo_est": "M",
        "categoria": "CP",
        "fuente": "SENAMHI Perú oficial"
      }
    },
    {
      "type": "Feature",
      "geometry": {
        "type": "Point",
        "coordinates": [
          -70.6954,
          -16.8115
        ]
      },
      "properties": {
        "codigo": "116025",
        "codigo_ant": "",
        "nombre": "CARUMAS",
        "departamento": "",
        "provincia": "",
        "altitud": "",
        "pais": "Perú",
        "estado": "REAL",
        "tipo_est": "M",
        "categoria": "CO",
        "fuente": "SENAMHI Perú oficial"
      }
    },
    {
      "type": "Feature",
      "geometry": {
        "type": "Point",
        "coordinates": [
          -70.68765,
          -16.73988
        ]
      },
      "properties": {
        "codigo": "116051",
        "codigo_ant": "",
        "nombre": "CALACOA",
        "departamento": "",
        "provincia": "",
        "altitud": "",
        "pais": "Perú",
        "estado": "REAL",
        "tipo_est": "M",
        "categoria": "CO",
        "fuente": "SENAMHI Perú oficial"
      }
    },
    {
      "type": "Feature",
      "geometry": {
        "type": "Point",
        "coordinates": [
          -70.86699,
          -17.09078
        ]
      },
      "properties": {
        "codigo": "100150",
        "codigo_ant": "",
        "nombre": "YACANGO",
        "departamento": "",
        "provincia": "",
        "altitud": "",
        "pais": "Perú",
        "estado": "REAL",
        "tipo_est": "M",
        "categoria": "CO",
        "fuente": "SENAMHI Perú oficial"
      }
    },
    {
      "type": "Feature",
      "geometry": {
        "type": "Point",
        "coordinates": [
          -70.83689,
          -17.12838
        ]
      },
      "properties": {
        "codigo": "204804",
        "codigo_ant": "",
        "nombre": "TUMILACA",
        "departamento": "",
        "provincia": "",
        "altitud": "",
        "pais": "Perú",
        "estado": "REAL",
        "tipo_est": "H",
        "categoria": "HLG",
        "fuente": "SENAMHI Perú oficial"
      }
    },
    {
      "type": "Feature",
      "geometry": {
        "type": "Point",
        "coordinates": [
          -70.97925,
          -16.67531
        ]
      },
      "properties": {
        "codigo": "116023",
        "codigo_ant": "",
        "nombre": "OMATE",
        "departamento": "",
        "provincia": "",
        "altitud": "",
        "pais": "Perú",
        "estado": "REAL",
        "tipo_est": "M",
        "categoria": "CO",
        "fuente": "SENAMHI Perú oficial"
      }
    },
    {
      "type": "Feature",
      "geometry": {
        "type": "Point",
        "coordinates": [
          -71.18476,
          -16.62978
        ]
      },
      "properties": {
        "codigo": "116021",
        "codigo_ant": "",
        "nombre": "PUQUINA",
        "departamento": "",
        "provincia": "",
        "altitud": "",
        "pais": "Perú",
        "estado": "REAL",
        "tipo_est": "M",
        "categoria": "CO",
        "fuente": "SENAMHI Perú oficial"
      }
    },
    {
      "type": "Feature",
      "geometry": {
        "type": "Point",
        "coordinates": [
          -70.87858,
          -16.74971
        ]
      },
      "properties": {
        "codigo": "116049",
        "codigo_ant": "",
        "nombre": "QUINISTAQUILLAS",
        "departamento": "",
        "provincia": "",
        "altitud": "",
        "pais": "Perú",
        "estado": "REAL",
        "tipo_est": "M",
        "categoria": "CO",
        "fuente": "SENAMHI Perú oficial"
      }
    },
    {
      "type": "Feature",
      "geometry": {
        "type": "Point",
        "coordinates": [
          -70.8541,
          -16.3888
        ]
      },
      "properties": {
        "codigo": "100142",
        "codigo_ant": "",
        "nombre": "UBINAS",
        "departamento": "",
        "provincia": "",
        "altitud": "",
        "pais": "Perú",
        "estado": "REAL",
        "tipo_est": "M",
        "categoria": "CO",
        "fuente": "SENAMHI Perú oficial"
      }
    },
    {
      "type": "Feature",
      "geometry": {
        "type": "Point",
        "coordinates": [
          -71.37331,
          -17.69862
        ]
      },
      "properties": {
        "codigo": "117008",
        "codigo_ant": "",
        "nombre": "PUNTA COLES",
        "departamento": "",
        "provincia": "",
        "altitud": "",
        "pais": "Perú",
        "estado": "REAL",
        "tipo_est": "M",
        "categoria": "CO",
        "fuente": "SENAMHI Perú oficial"
      }
    },
    {
      "type": "Feature",
      "geometry": {
        "type": "Point",
        "coordinates": [
          -71.27188,
          -17.62381
        ]
      },
      "properties": {
        "codigo": "117007",
        "codigo_ant": "",
        "nombre": "ILO",
        "departamento": "",
        "provincia": "",
        "altitud": "",
        "pais": "Perú",
        "estado": "REAL",
        "tipo_est": "M",
        "categoria": "CO",
        "fuente": "SENAMHI Perú oficial"
      }
    },
    {
      "type": "Feature",
      "geometry": {
        "type": "Point",
        "coordinates": [
          -76.26421,
          -10.69341
        ]
      },
      "properties": {
        "codigo": "110037",
        "codigo_ant": "",
        "nombre": "CERRO DE PASCO",
        "departamento": "",
        "provincia": "",
        "altitud": "",
        "pais": "Perú",
        "estado": "REAL",
        "tipo_est": "M",
        "categoria": "CO",
        "fuente": "SENAMHI Perú oficial"
      }
    },
    {
      "type": "Feature",
      "geometry": {
        "type": "Point",
        "coordinates": [
          -76.5129,
          -10.4896
        ]
      },
      "properties": {
        "codigo": "110007",
        "codigo_ant": "",
        "nombre": "YANAHUANCA",
        "departamento": "",
        "provincia": "",
        "altitud": "",
        "pais": "Perú",
        "estado": "REAL",
        "tipo_est": "M",
        "categoria": "CO",
        "fuente": "SENAMHI Perú oficial"
      }
    },
    {
      "type": "Feature",
      "geometry": {
        "type": "Point",
        "coordinates": [
          -75.4184,
          -10.5642
        ]
      },
      "properties": {
        "codigo": "110028",
        "codigo_ant": "",
        "nombre": "OXAPAMPA",
        "departamento": "",
        "provincia": "",
        "altitud": "",
        "pais": "Perú",
        "estado": "REAL",
        "tipo_est": "M",
        "categoria": "CO",
        "fuente": "SENAMHI Perú oficial"
      }
    },
    {
      "type": "Feature",
      "geometry": {
        "type": "Point",
        "coordinates": [
          -80.68436,
          -5.2462
        ]
      },
      "properties": {
        "codigo": "105063",
        "codigo_ant": "",
        "nombre": "SAN MIGUEL",
        "departamento": "",
        "provincia": "",
        "altitud": "",
        "pais": "Perú",
        "estado": "REAL",
        "tipo_est": "M",
        "categoria": "MAP",
        "fuente": "SENAMHI Perú oficial"
      }
    },
    {
      "type": "Feature",
      "geometry": {
        "type": "Point",
        "coordinates": [
          -80.27982,
          -4.73197
        ]
      },
      "properties": {
        "codigo": "104084",
        "codigo_ant": "",
        "nombre": "PARTIDOR",
        "departamento": "",
        "provincia": "",
        "altitud": "",
        "pais": "Perú",
        "estado": "REAL",
        "tipo_est": "M",
        "categoria": "CO",
        "fuente": "SENAMHI Perú oficial"
      }
    },
    {
      "type": "Feature",
      "geometry": {
        "type": "Point",
        "coordinates": [
          -79.71077,
          -4.63776
        ]
      },
      "properties": {
        "codigo": "104058",
        "codigo_ant": "",
        "nombre": "AYABACA",
        "departamento": "",
        "provincia": "",
        "altitud": "",
        "pais": "Perú",
        "estado": "REAL",
        "tipo_est": "M",
        "categoria": "CP",
        "fuente": "SENAMHI Perú oficial"
      }
    },
    {
      "type": "Feature",
      "geometry": {
        "type": "Point",
        "coordinates": [
          -79.89047,
          -4.9169
        ]
      },
      "properties": {
        "codigo": "104097",
        "codigo_ant": "",
        "nombre": "ALTO DE POCLUS",
        "departamento": "",
        "provincia": "",
        "altitud": "",
        "pais": "Perú",
        "estado": "REAL",
        "tipo_est": "M",
        "categoria": "CP",
        "fuente": "SENAMHI Perú oficial"
      }
    },
    {
      "type": "Feature",
      "geometry": {
        "type": "Point",
        "coordinates": [
          -79.98178,
          -4.77817
        ]
      },
      "properties": {
        "codigo": "104019",
        "codigo_ant": "",
        "nombre": "SAPILLICA",
        "departamento": "",
        "provincia": "",
        "altitud": "",
        "pais": "Perú",
        "estado": "REAL",
        "tipo_est": "M",
        "categoria": "PLU",
        "fuente": "SENAMHI Perú oficial"
      }
    },
    {
      "type": "Feature",
      "geometry": {
        "type": "Point",
        "coordinates": [
          -79.45399,
          -5.24681
        ]
      },
      "properties": {
        "codigo": "105055",
        "codigo_ant": "",
        "nombre": "HUANCABAMBA",
        "departamento": "",
        "provincia": "",
        "altitud": "",
        "pais": "Perú",
        "estado": "REAL",
        "tipo_est": "M",
        "categoria": "CP",
        "fuente": "SENAMHI Perú oficial"
      }
    },
    {
      "type": "Feature",
      "geometry": {
        "type": "Point",
        "coordinates": [
          -79.46349,
          -5.11153
        ]
      },
      "properties": {
        "codigo": "105096",
        "codigo_ant": "",
        "nombre": "SALALA",
        "departamento": "",
        "provincia": "",
        "altitud": "",
        "pais": "Perú",
        "estado": "REAL",
        "tipo_est": "M",
        "categoria": "CP",
        "fuente": "SENAMHI Perú oficial"
      }
    },
    {
      "type": "Feature",
      "geometry": {
        "type": "Point",
        "coordinates": [
          -79.51975,
          -5.56479
        ]
      },
      "properties": {
        "codigo": "105064",
        "codigo_ant": "",
        "nombre": "HUARMACA",
        "departamento": "",
        "provincia": "",
        "altitud": "",
        "pais": "Perú",
        "estado": "REAL",
        "tipo_est": "M",
        "categoria": "CO",
        "fuente": "SENAMHI Perú oficial"
      }
    },
    {
      "type": "Feature",
      "geometry": {
        "type": "Point",
        "coordinates": [
          -79.43137,
          -5.3398
        ]
      },
      "properties": {
        "codigo": "105022",
        "codigo_ant": "",
        "nombre": "SONDORILLO",
        "departamento": "",
        "provincia": "",
        "altitud": "",
        "pais": "Perú",
        "estado": "REAL",
        "tipo_est": "M",
        "categoria": "CO",
        "fuente": "SENAMHI Perú oficial"
      }
    },
    {
      "type": "Feature",
      "geometry": {
        "type": "Point",
        "coordinates": [
          -80.16956,
          -5.10843
        ]
      },
      "properties": {
        "codigo": "105070",
        "codigo_ant": "",
        "nombre": "CHULUCANAS",
        "departamento": "",
        "provincia": "",
        "altitud": "",
        "pais": "Perú",
        "estado": "REAL",
        "tipo_est": "M",
        "categoria": "CO",
        "fuente": "SENAMHI Perú oficial"
      }
    },
    {
      "type": "Feature",
      "geometry": {
        "type": "Point",
        "coordinates": [
          -79.79168,
          -5.03865
        ]
      },
      "properties": {
        "codigo": "105016",
        "codigo_ant": "",
        "nombre": "CHALACO",
        "departamento": "",
        "provincia": "",
        "altitud": "",
        "pais": "Perú",
        "estado": "REAL",
        "tipo_est": "M",
        "categoria": "CP",
        "fuente": "SENAMHI Perú oficial"
      }
    },
    {
      "type": "Feature",
      "geometry": {
        "type": "Point",
        "coordinates": [
          -80.01621,
          -5.07954
        ]
      },
      "properties": {
        "codigo": "100126",
        "codigo_ant": "",
        "nombre": "SAN PEDRO",
        "departamento": "",
        "provincia": "",
        "altitud": "",
        "pais": "Perú",
        "estado": "REAL",
        "tipo_est": "M",
        "categoria": "PLU",
        "fuente": "SENAMHI Perú oficial"
      }
    },
    {
      "type": "Feature",
      "geometry": {
        "type": "Point",
        "coordinates": [
          -80.01624,
          -5.0796
        ]
      },
      "properties": {
        "codigo": "200415",
        "codigo_ant": "",
        "nombre": "SAN PEDRO",
        "departamento": "",
        "provincia": "",
        "altitud": "",
        "pais": "Perú",
        "estado": "REAL",
        "tipo_est": "H",
        "categoria": "HLG",
        "fuente": "SENAMHI Perú oficial"
      }
    },
    {
      "type": "Feature",
      "geometry": {
        "type": "Point",
        "coordinates": [
          -79.97107,
          -5.19465
        ]
      },
      "properties": {
        "codigo": "105106",
        "codigo_ant": "",
        "nombre": "MORROPON",
        "departamento": "",
        "provincia": "",
        "altitud": "",
        "pais": "Perú",
        "estado": "REAL",
        "tipo_est": "M",
        "categoria": "CO",
        "fuente": "SENAMHI Perú oficial"
      }
    },
    {
      "type": "Feature",
      "geometry": {
        "type": "Point",
        "coordinates": [
          -79.85794,
          -5.33977
        ]
      },
      "properties": {
        "codigo": "108007",
        "codigo_ant": "",
        "nombre": "MALACASI",
        "departamento": "",
        "provincia": "",
        "altitud": "",
        "pais": "Perú",
        "estado": "REAL",
        "tipo_est": "M",
        "categoria": "CP",
        "fuente": "SENAMHI Perú oficial"
      }
    },
    {
      "type": "Feature",
      "geometry": {
        "type": "Point",
        "coordinates": [
          -79.87049,
          -5.03825
        ]
      },
      "properties": {
        "codigo": "100131",
        "codigo_ant": "",
        "nombre": "SANTO DOMINGO",
        "departamento": "",
        "provincia": "",
        "altitud": "",
        "pais": "Perú",
        "estado": "REAL",
        "tipo_est": "M",
        "categoria": "CO",
        "fuente": "SENAMHI Perú oficial"
      }
    },
    {
      "type": "Feature",
      "geometry": {
        "type": "Point",
        "coordinates": [
          -81.05969,
          -4.92114
        ]
      },
      "properties": {
        "codigo": "104090",
        "codigo_ant": "",
        "nombre": "LA ESPERANZA",
        "departamento": "",
        "provincia": "",
        "altitud": "",
        "pais": "Perú",
        "estado": "REAL",
        "tipo_est": "M",
        "categoria": "CP",
        "fuente": "SENAMHI Perú oficial"
      }
    },
    {
      "type": "Feature",
      "geometry": {
        "type": "Point",
        "coordinates": [
          -80.54717,
          -4.64288
        ]
      },
      "properties": {
        "codigo": "104016",
        "codigo_ant": "",
        "nombre": "LANCONES",
        "departamento": "",
        "provincia": "",
        "altitud": "",
        "pais": "Perú",
        "estado": "REAL",
        "tipo_est": "M",
        "categoria": "CO",
        "fuente": "SENAMHI Perú oficial"
      }
    },
    {
      "type": "Feature",
      "geometry": {
        "type": "Point",
        "coordinates": [
          -80.73556,
          -4.85574
        ]
      },
      "properties": {
        "codigo": "104079",
        "codigo_ant": "",
        "nombre": "MALLARES",
        "departamento": "",
        "provincia": "",
        "altitud": "",
        "pais": "Perú",
        "estado": "REAL",
        "tipo_est": "M",
        "categoria": "CP",
        "fuente": "SENAMHI Perú oficial"
      }
    },
    {
      "type": "Feature",
      "geometry": {
        "type": "Point",
        "coordinates": [
          -81.21815,
          -4.26198
        ]
      },
      "properties": {
        "codigo": "104080",
        "codigo_ant": "",
        "nombre": "EL ALTO",
        "departamento": "",
        "provincia": "",
        "altitud": "",
        "pais": "Perú",
        "estado": "REAL",
        "tipo_est": "M",
        "categoria": "CO",
        "fuente": "SENAMHI Perú oficial"
      }
    },
    {
      "type": "Feature",
      "geometry": {
        "type": "Point",
        "coordinates": [
          -80.81275,
          -5.52756
        ]
      },
      "properties": {
        "codigo": "105105",
        "codigo_ant": "",
        "nombre": "CHUSIS",
        "departamento": "",
        "provincia": "",
        "altitud": "",
        "pais": "Perú",
        "estado": "REAL",
        "tipo_est": "M",
        "categoria": "CO",
        "fuente": "SENAMHI Perú oficial"
      }
    },
    {
      "type": "Feature",
      "geometry": {
        "type": "Point",
        "coordinates": [
          -80.74262,
          -5.4545
        ]
      },
      "properties": {
        "codigo": "105012",
        "codigo_ant": "",
        "nombre": "BERNAL",
        "departamento": "",
        "provincia": "",
        "altitud": "",
        "pais": "Perú",
        "estado": "REAL",
        "tipo_est": "M",
        "categoria": "CO",
        "fuente": "SENAMHI Perú oficial"
      }
    },
    {
      "type": "Feature",
      "geometry": {
        "type": "Point",
        "coordinates": [
          -70.01208,
          -15.82625
        ]
      },
      "properties": {
        "codigo": "100110",
        "codigo_ant": "",
        "nombre": "PUNO",
        "departamento": "",
        "provincia": "",
        "altitud": "",
        "pais": "Perú",
        "estado": "REAL",
        "tipo_est": "M",
        "categoria": "CP",
        "fuente": "SENAMHI Perú oficial"
      }
    },
    {
      "type": "Feature",
      "geometry": {
        "type": "Point",
        "coordinates": [
          -69.97413,
          -15.82039
        ]
      },
      "properties": {
        "codigo": "100088",
        "codigo_ant": "",
        "nombre": "LOS UROS",
        "departamento": "",
        "provincia": "",
        "altitud": "",
        "pais": "Perú",
        "estado": "REAL",
        "tipo_est": "M",
        "categoria": "CO",
        "fuente": "SENAMHI Perú oficial"
      }
    },
    {
      "type": "Feature",
      "geometry": {
        "type": "Point",
        "coordinates": [
          -69.80961,
          -15.99017
        ]
      },
      "properties": {
        "codigo": "115052",
        "codigo_ant": "",
        "nombre": "RINCON DE LA CRUZ",
        "departamento": "",
        "provincia": "",
        "altitud": "",
        "pais": "Perú",
        "estado": "REAL",
        "tipo_est": "M",
        "categoria": "CO",
        "fuente": "SENAMHI Perú oficial"
      }
    },
    {
      "type": "Feature",
      "geometry": {
        "type": "Point",
        "coordinates": [
          -69.69107,
          -15.77019
        ]
      },
      "properties": {
        "codigo": "115049",
        "codigo_ant": "",
        "nombre": "ISLA TAQUILE",
        "departamento": "",
        "provincia": "",
        "altitud": "",
        "pais": "Perú",
        "estado": "REAL",
        "tipo_est": "M",
        "categoria": "CO",
        "fuente": "SENAMHI Perú oficial"
      }
    },
    {
      "type": "Feature",
      "geometry": {
        "type": "Point",
        "coordinates": [
          -69.84222,
          -15.61344
        ]
      },
      "properties": {
        "codigo": "100021",
        "codigo_ant": "",
        "nombre": "CAPACHICA",
        "departamento": "",
        "provincia": "",
        "altitud": "",
        "pais": "Perú",
        "estado": "REAL",
        "tipo_est": "M",
        "categoria": "CO",
        "fuente": "SENAMHI Perú oficial"
      }
    },
    {
      "type": "Feature",
      "geometry": {
        "type": "Point",
        "coordinates": [
          -70.33949,
          -15.79944
        ]
      },
      "properties": {
        "codigo": "115051",
        "codigo_ant": "",
        "nombre": "MAÑAZO",
        "departamento": "",
        "provincia": "",
        "altitud": "",
        "pais": "Perú",
        "estado": "REAL",
        "tipo_est": "M",
        "categoria": "CO",
        "fuente": "SENAMHI Perú oficial"
      }
    },
    {
      "type": "Feature",
      "geometry": {
        "type": "Point",
        "coordinates": [
          -70.04587,
          -16.13599
        ]
      },
      "properties": {
        "codigo": "116033",
        "codigo_ant": "",
        "nombre": "LARAQUERI",
        "departamento": "",
        "provincia": "",
        "altitud": "",
        "pais": "Perú",
        "estado": "REAL",
        "tipo_est": "M",
        "categoria": "CO",
        "fuente": "SENAMHI Perú oficial"
      }
    },
    {
      "type": "Feature",
      "geometry": {
        "type": "Point",
        "coordinates": [
          -70.19046,
          -14.9172
        ]
      },
      "properties": {
        "codigo": "114041",
        "codigo_ant": "",
        "nombre": "AZANGARO",
        "departamento": "",
        "provincia": "",
        "altitud": "",
        "pais": "Perú",
        "estado": "REAL",
        "tipo_est": "M",
        "categoria": "CO",
        "fuente": "SENAMHI Perú oficial"
      }
    },
    {
      "type": "Feature",
      "geometry": {
        "type": "Point",
        "coordinates": [
          -70.18936,
          -14.91975
        ]
      },
      "properties": {
        "codigo": "210102",
        "codigo_ant": "",
        "nombre": "PUENTE  AZANGARO",
        "departamento": "",
        "provincia": "",
        "altitud": "",
        "pais": "Perú",
        "estado": "REAL",
        "tipo_est": "H",
        "categoria": "HLG",
        "fuente": "SENAMHI Perú oficial"
      }
    },
    {
      "type": "Feature",
      "geometry": {
        "type": "Point",
        "coordinates": [
          -70.109,
          -15.1786
        ]
      },
      "properties": {
        "codigo": "115035",
        "codigo_ant": "",
        "nombre": "ARAPA",
        "departamento": "",
        "provincia": "",
        "altitud": "",
        "pais": "Perú",
        "estado": "REAL",
        "tipo_est": "M",
        "categoria": "CO",
        "fuente": "SENAMHI Perú oficial"
      }
    },
    {
      "type": "Feature",
      "geometry": {
        "type": "Point",
        "coordinates": [
          -69.95181,
          -14.76694
        ]
      },
      "properties": {
        "codigo": "114042",
        "codigo_ant": "",
        "nombre": "MUÑANI",
        "departamento": "",
        "provincia": "",
        "altitud": "",
        "pais": "Perú",
        "estado": "REAL",
        "tipo_est": "M",
        "categoria": "CO",
        "fuente": "SENAMHI Perú oficial"
      }
    },
    {
      "type": "Feature",
      "geometry": {
        "type": "Point",
        "coordinates": [
          -70.42205,
          -14.06674
        ]
      },
      "properties": {
        "codigo": "114039",
        "codigo_ant": "",
        "nombre": "MACUSANI",
        "departamento": "",
        "provincia": "",
        "altitud": "",
        "pais": "Perú",
        "estado": "REAL",
        "tipo_est": "M",
        "categoria": "CO",
        "fuente": "SENAMHI Perú oficial"
      }
    },
    {
      "type": "Feature",
      "geometry": {
        "type": "Point",
        "coordinates": [
          -70.02592,
          -14.36419
        ]
      },
      "properties": {
        "codigo": "114058",
        "codigo_ant": "",
        "nombre": "CRUCERO",
        "departamento": "",
        "provincia": "",
        "altitud": "",
        "pais": "Perú",
        "estado": "REAL",
        "tipo_est": "M",
        "categoria": "CO",
        "fuente": "SENAMHI Perú oficial"
      }
    },
    {
      "type": "Feature",
      "geometry": {
        "type": "Point",
        "coordinates": [
          -70.41,
          -13.4609
        ]
      },
      "properties": {
        "codigo": "113119",
        "codigo_ant": "",
        "nombre": "SAN GABAN",
        "departamento": "",
        "provincia": "",
        "altitud": "",
        "pais": "Perú",
        "estado": "REAL",
        "tipo_est": "M",
        "categoria": "CO",
        "fuente": "SENAMHI Perú oficial"
      }
    },
    {
      "type": "Feature",
      "geometry": {
        "type": "Point",
        "coordinates": [
          -69.45992,
          -16.20378
        ]
      },
      "properties": {
        "codigo": "116061",
        "codigo_ant": "",
        "nombre": "JULI",
        "departamento": "",
        "provincia": "",
        "altitud": "",
        "pais": "Perú",
        "estado": "REAL",
        "tipo_est": "M",
        "categoria": "CO",
        "fuente": "SENAMHI Perú oficial"
      }
    },
    {
      "type": "Feature",
      "geometry": {
        "type": "Point",
        "coordinates": [
          -69.0363,
          -16.5638
        ]
      },
      "properties": {
        "codigo": "270700",
        "codigo_ant": "",
        "nombre": "PUENTE INTERNACIONAL DESAGUADERO",
        "departamento": "",
        "provincia": "",
        "altitud": "",
        "pais": "Perú",
        "estado": "REAL",
        "tipo_est": "H",
        "categoria": "HLG",
        "fuente": "SENAMHI Perú oficial"
      }
    },
    {
      "type": "Feature",
      "geometry": {
        "type": "Point",
        "coordinates": [
          -69.32278,
          -16.57065
        ]
      },
      "properties": {
        "codigo": "210502",
        "codigo_ant": "",
        "nombre": "PUENTE YOROHOCO CALLACAME",
        "departamento": "",
        "provincia": "",
        "altitud": "",
        "pais": "Perú",
        "estado": "REAL",
        "tipo_est": "H",
        "categoria": "HLG",
        "fuente": "SENAMHI Perú oficial"
      }
    },
    {
      "type": "Feature",
      "geometry": {
        "type": "Point",
        "coordinates": [
          -69.3695,
          -16.9043
        ]
      },
      "properties": {
        "codigo": "116029",
        "codigo_ant": "",
        "nombre": "PIZACOMA",
        "departamento": "",
        "provincia": "",
        "altitud": "",
        "pais": "Perú",
        "estado": "REAL",
        "tipo_est": "M",
        "categoria": "CO",
        "fuente": "SENAMHI Perú oficial"
      }
    },
    {
      "type": "Feature",
      "geometry": {
        "type": "Point",
        "coordinates": [
          -69.5787,
          -16.1386
        ]
      },
      "properties": {
        "codigo": "270503",
        "codigo_ant": "",
        "nombre": "ZAPATILLA",
        "departamento": "",
        "provincia": "",
        "altitud": "",
        "pais": "Perú",
        "estado": "REAL",
        "tipo_est": "H",
        "categoria": "HLM",
        "fuente": "SENAMHI Perú oficial"
      }
    },
    {
      "type": "Feature",
      "geometry": {
        "type": "Point",
        "coordinates": [
          -69.6317,
          -16.0882
        ]
      },
      "properties": {
        "codigo": "210301",
        "codigo_ant": "",
        "nombre": "PUENTE ILAVE",
        "departamento": "",
        "provincia": "",
        "altitud": "",
        "pais": "Perú",
        "estado": "REAL",
        "tipo_est": "H",
        "categoria": "HLG",
        "fuente": "SENAMHI Perú oficial"
      }
    },
    {
      "type": "Feature",
      "geometry": {
        "type": "Point",
        "coordinates": [
          -69.64039,
          -16.05994
        ]
      },
      "properties": {
        "codigo": "116027",
        "codigo_ant": "",
        "nombre": "ILAVE",
        "departamento": "",
        "provincia": "",
        "altitud": "",
        "pais": "Perú",
        "estado": "REAL",
        "tipo_est": "M",
        "categoria": "CO",
        "fuente": "SENAMHI Perú oficial"
      }
    },
    {
      "type": "Feature",
      "geometry": {
        "type": "Point",
        "coordinates": [
          -69.71544,
          -16.73888
        ]
      },
      "properties": {
        "codigo": "116026",
        "codigo_ant": "",
        "nombre": "MAZO CRUZ",
        "departamento": "",
        "provincia": "",
        "altitud": "",
        "pais": "Perú",
        "estado": "REAL",
        "tipo_est": "M",
        "categoria": "CO",
        "fuente": "SENAMHI Perú oficial"
      }
    },
    {
      "type": "Feature",
      "geometry": {
        "type": "Point",
        "coordinates": [
          -69.7583,
          -15.20687
        ]
      },
      "properties": {
        "codigo": "115037",
        "codigo_ant": "",
        "nombre": "HUANCANE",
        "departamento": "",
        "provincia": "",
        "altitud": "",
        "pais": "Perú",
        "estado": "REAL",
        "tipo_est": "M",
        "categoria": "CO",
        "fuente": "SENAMHI Perú oficial"
      }
    },
    {
      "type": "Feature",
      "geometry": {
        "type": "Point",
        "coordinates": [
          -69.79262,
          -15.21588
        ]
      },
      "properties": {
        "codigo": "210201",
        "codigo_ant": "",
        "nombre": "PUENTE CARRETERA HUANCANE",
        "departamento": "",
        "provincia": "",
        "altitud": "",
        "pais": "Perú",
        "estado": "REAL",
        "tipo_est": "H",
        "categoria": "HLG",
        "fuente": "SENAMHI Perú oficial"
      }
    },
    {
      "type": "Feature",
      "geometry": {
        "type": "Point",
        "coordinates": [
          -69.8738,
          -15.2553
        ]
      },
      "properties": {
        "codigo": "210101",
        "codigo_ant": "",
        "nombre": "PUENTE CARRETERA RAMIS",
        "departamento": "",
        "provincia": "",
        "altitud": "",
        "pais": "Perú",
        "estado": "REAL",
        "tipo_est": "H",
        "categoria": "HLG",
        "fuente": "SENAMHI Perú oficial"
      }
    },
    {
      "type": "Feature",
      "geometry": {
        "type": "Point",
        "coordinates": [
          -70.37415,
          -15.36109
        ]
      },
      "properties": {
        "codigo": "100081",
        "codigo_ant": "",
        "nombre": "LAMPA",
        "departamento": "",
        "provincia": "",
        "altitud": "",
        "pais": "Perú",
        "estado": "REAL",
        "tipo_est": "M",
        "categoria": "CO",
        "fuente": "SENAMHI Perú oficial"
      }
    },
    {
      "type": "Feature",
      "geometry": {
        "type": "Point",
        "coordinates": [
          -70.676,
          -15.4837
        ]
      },
      "properties": {
        "codigo": "115027",
        "codigo_ant": "",
        "nombre": "PAMPAHUTA",
        "departamento": "",
        "provincia": "",
        "altitud": "",
        "pais": "Perú",
        "estado": "REAL",
        "tipo_est": "M",
        "categoria": "CO",
        "fuente": "SENAMHI Perú oficial"
      }
    },
    {
      "type": "Feature",
      "geometry": {
        "type": "Point",
        "coordinates": [
          -70.36663,
          -15.04567
        ]
      },
      "properties": {
        "codigo": "115046",
        "codigo_ant": "",
        "nombre": "PUCARA",
        "departamento": "",
        "provincia": "",
        "altitud": "",
        "pais": "Perú",
        "estado": "REAL",
        "tipo_est": "M",
        "categoria": "CO",
        "fuente": "SENAMHI Perú oficial"
      }
    },
    {
      "type": "Feature",
      "geometry": {
        "type": "Point",
        "coordinates": [
          -70.60002,
          -15.68427
        ]
      },
      "properties": {
        "codigo": "270300",
        "codigo_ant": "",
        "nombre": "RIO VERDE",
        "departamento": "",
        "provincia": "",
        "altitud": "",
        "pais": "Perú",
        "estado": "REAL",
        "tipo_est": "H",
        "categoria": "HLG",
        "fuente": "SENAMHI Perú oficial"
      }
    },
    {
      "type": "Feature",
      "geometry": {
        "type": "Point",
        "coordinates": [
          -70.9113,
          -15.7643
        ]
      },
      "properties": {
        "codigo": "115044",
        "codigo_ant": "",
        "nombre": "CRUCERO ALTO",
        "departamento": "",
        "provincia": "",
        "altitud": "",
        "pais": "Perú",
        "estado": "REAL",
        "tipo_est": "M",
        "categoria": "CO",
        "fuente": "SENAMHI Perú oficial"
      }
    },
    {
      "type": "Feature",
      "geometry": {
        "type": "Point",
        "coordinates": [
          -70.5916,
          -14.8688
        ]
      },
      "properties": {
        "codigo": "114038",
        "codigo_ant": "",
        "nombre": "AYAVIRI",
        "departamento": "",
        "provincia": "",
        "altitud": "",
        "pais": "Perú",
        "estado": "REAL",
        "tipo_est": "M",
        "categoria": "CO",
        "fuente": "SENAMHI Perú oficial"
      }
    },
    {
      "type": "Feature",
      "geometry": {
        "type": "Point",
        "coordinates": [
          -70.88052,
          -14.95286
        ]
      },
      "properties": {
        "codigo": "114034",
        "codigo_ant": "",
        "nombre": "LLALLY",
        "departamento": "",
        "provincia": "",
        "altitud": "",
        "pais": "Perú",
        "estado": "REAL",
        "tipo_est": "M",
        "categoria": "CO",
        "fuente": "SENAMHI Perú oficial"
      }
    },
    {
      "type": "Feature",
      "geometry": {
        "type": "Point",
        "coordinates": [
          -69.4842,
          -15.3881
        ]
      },
      "properties": {
        "codigo": "115038",
        "codigo_ant": "",
        "nombre": "HUARAYA MOHO",
        "departamento": "",
        "provincia": "",
        "altitud": "",
        "pais": "Perú",
        "estado": "REAL",
        "tipo_est": "M",
        "categoria": "CO",
        "fuente": "SENAMHI Perú oficial"
      }
    },
    {
      "type": "Feature",
      "geometry": {
        "type": "Point",
        "coordinates": [
          -69.8757,
          -14.921
        ]
      },
      "properties": {
        "codigo": "114093",
        "codigo_ant": "",
        "nombre": "PUTINA",
        "departamento": "",
        "provincia": "",
        "altitud": "",
        "pais": "Perú",
        "estado": "REAL",
        "tipo_est": "M",
        "categoria": "CO",
        "fuente": "SENAMHI Perú oficial"
      }
    },
    {
      "type": "Feature",
      "geometry": {
        "type": "Point",
        "coordinates": [
          -69.5339,
          -14.6763
        ]
      },
      "properties": {
        "codigo": "114050",
        "codigo_ant": "",
        "nombre": "ANANEA",
        "departamento": "",
        "provincia": "",
        "altitud": "",
        "pais": "Perú",
        "estado": "REAL",
        "tipo_est": "M",
        "categoria": "CO",
        "fuente": "SENAMHI Perú oficial"
      }
    },
    {
      "type": "Feature",
      "geometry": {
        "type": "Point",
        "coordinates": [
          -70.2092,
          -15.4437
        ]
      },
      "properties": {
        "codigo": "210405",
        "codigo_ant": "",
        "nombre": "LAMPA",
        "departamento": "",
        "provincia": "",
        "altitud": "",
        "pais": "Perú",
        "estado": "REAL",
        "tipo_est": "H",
        "categoria": "HLM",
        "fuente": "SENAMHI Perú oficial"
      }
    },
    {
      "type": "Feature",
      "geometry": {
        "type": "Point",
        "coordinates": [
          -70.19133,
          -15.45085
        ]
      },
      "properties": {
        "codigo": "210407",
        "codigo_ant": "",
        "nombre": "PUENTE UNOCOLLA COATA",
        "departamento": "",
        "provincia": "",
        "altitud": "",
        "pais": "Perú",
        "estado": "REAL",
        "tipo_est": "H",
        "categoria": "HLG",
        "fuente": "SENAMHI Perú oficial"
      }
    },
    {
      "type": "Feature",
      "geometry": {
        "type": "Point",
        "coordinates": [
          -70.34661,
          -15.63911
        ]
      },
      "properties": {
        "codigo": "115033",
        "codigo_ant": "",
        "nombre": "CABANILLAS",
        "departamento": "",
        "provincia": "",
        "altitud": "",
        "pais": "Perú",
        "estado": "REAL",
        "tipo_est": "M",
        "categoria": "CO",
        "fuente": "SENAMHI Perú oficial"
      }
    },
    {
      "type": "Feature",
      "geometry": {
        "type": "Point",
        "coordinates": [
          -76.96822,
          -6.04481
        ]
      },
      "properties": {
        "codigo": "106014",
        "codigo_ant": "",
        "nombre": "MOYOBAMBA",
        "departamento": "",
        "provincia": "",
        "altitud": "",
        "pais": "Perú",
        "estado": "REAL",
        "tipo_est": "M",
        "categoria": "CO",
        "fuente": "SENAMHI Perú oficial"
      }
    },
    {
      "type": "Feature",
      "geometry": {
        "type": "Point",
        "coordinates": [
          -76.90761,
          -6.11275
        ]
      },
      "properties": {
        "codigo": "106088",
        "codigo_ant": "",
        "nombre": "JEPELACIO",
        "departamento": "",
        "provincia": "",
        "altitud": "",
        "pais": "Perú",
        "estado": "REAL",
        "tipo_est": "M",
        "categoria": "CO",
        "fuente": "SENAMHI Perú oficial"
      }
    },
    {
      "type": "Feature",
      "geometry": {
        "type": "Point",
        "coordinates": [
          -77.09179,
          -6.142
        ]
      },
      "properties": {
        "codigo": "106083",
        "codigo_ant": "",
        "nombre": "SORITOR",
        "departamento": "",
        "provincia": "",
        "altitud": "",
        "pais": "Perú",
        "estado": "REAL",
        "tipo_est": "M",
        "categoria": "CO",
        "fuente": "SENAMHI Perú oficial"
      }
    },
    {
      "type": "Feature",
      "geometry": {
        "type": "Point",
        "coordinates": [
          -76.55836,
          -7.05517
        ]
      },
      "properties": {
        "codigo": "107012",
        "codigo_ant": "",
        "nombre": "BELLAVISTA",
        "departamento": "",
        "provincia": "",
        "altitud": "",
        "pais": "Perú",
        "estado": "REAL",
        "tipo_est": "M",
        "categoria": "CO",
        "fuente": "SENAMHI Perú oficial"
      }
    },
    {
      "type": "Feature",
      "geometry": {
        "type": "Point",
        "coordinates": [
          -76.57625,
          -6.80956
        ]
      },
      "properties": {
        "codigo": "106091",
        "codigo_ant": "",
        "nombre": "SAN PABLO",
        "departamento": "",
        "provincia": "",
        "altitud": "",
        "pais": "Perú",
        "estado": "REAL",
        "tipo_est": "M",
        "categoria": "CO",
        "fuente": "SENAMHI Perú oficial"
      }
    },
    {
      "type": "Feature",
      "geometry": {
        "type": "Point",
        "coordinates": [
          -76.73806,
          -6.517
        ]
      },
      "properties": {
        "codigo": "106092",
        "codigo_ant": "",
        "nombre": "ALAO",
        "departamento": "",
        "provincia": "",
        "altitud": "",
        "pais": "Perú",
        "estado": "REAL",
        "tipo_est": "M",
        "categoria": "CO",
        "fuente": "SENAMHI Perú oficial"
      }
    },
    {
      "type": "Feature",
      "geometry": {
        "type": "Point",
        "coordinates": [
          -76.76823,
          -6.94313
        ]
      },
      "properties": {
        "codigo": "106032",
        "codigo_ant": "",
        "nombre": "SAPOSOA",
        "departamento": "",
        "provincia": "",
        "altitud": "",
        "pais": "Perú",
        "estado": "REAL",
        "tipo_est": "M",
        "categoria": "CO",
        "fuente": "SENAMHI Perú oficial"
      }
    },
    {
      "type": "Feature",
      "geometry": {
        "type": "Point",
        "coordinates": [
          -76.52794,
          -6.41874
        ]
      },
      "properties": {
        "codigo": "106016",
        "codigo_ant": "",
        "nombre": "LAMAS",
        "departamento": "",
        "provincia": "",
        "altitud": "",
        "pais": "Perú",
        "estado": "REAL",
        "tipo_est": "M",
        "categoria": "CO",
        "fuente": "SENAMHI Perú oficial"
      }
    },
    {
      "type": "Feature",
      "geometry": {
        "type": "Point",
        "coordinates": [
          -76.28175,
          -6.33047
        ]
      },
      "properties": {
        "codigo": "100104",
        "codigo_ant": "",
        "nombre": "PONGO DE CAYNARACHI",
        "departamento": "",
        "provincia": "",
        "altitud": "",
        "pais": "Perú",
        "estado": "REAL",
        "tipo_est": "M",
        "categoria": "CO",
        "fuente": "SENAMHI Perú oficial"
      }
    },
    {
      "type": "Feature",
      "geometry": {
        "type": "Point",
        "coordinates": [
          -76.62533,
          -6.39533
        ]
      },
      "properties": {
        "codigo": "106043",
        "codigo_ant": "",
        "nombre": "TABALOSOS",
        "departamento": "",
        "provincia": "",
        "altitud": "",
        "pais": "Perú",
        "estado": "REAL",
        "tipo_est": "M",
        "categoria": "CO",
        "fuente": "SENAMHI Perú oficial"
      }
    },
    {
      "type": "Feature",
      "geometry": {
        "type": "Point",
        "coordinates": [
          -76.73701,
          -7.26871
        ]
      },
      "properties": {
        "codigo": "230504",
        "codigo_ant": "",
        "nombre": "HUAYABAMBA",
        "departamento": "",
        "provincia": "",
        "altitud": "",
        "pais": "Perú",
        "estado": "REAL",
        "tipo_est": "H",
        "categoria": "HLG",
        "fuente": "SENAMHI Perú oficial"
      }
    },
    {
      "type": "Feature",
      "geometry": {
        "type": "Point",
        "coordinates": [
          -76.77092,
          -7.29322
        ]
      },
      "properties": {
        "codigo": "107010",
        "codigo_ant": "",
        "nombre": "PACHIZA",
        "departamento": "",
        "provincia": "",
        "altitud": "",
        "pais": "Perú",
        "estado": "REAL",
        "tipo_est": "M",
        "categoria": "CO",
        "fuente": "SENAMHI Perú oficial"
      }
    },
    {
      "type": "Feature",
      "geometry": {
        "type": "Point",
        "coordinates": [
          -76.3272,
          -6.91949
        ]
      },
      "properties": {
        "codigo": "230715",
        "codigo_ant": "",
        "nombre": "PICOTA",
        "departamento": "",
        "provincia": "",
        "altitud": "",
        "pais": "Perú",
        "estado": "REAL",
        "tipo_est": "H",
        "categoria": "HLG",
        "fuente": "SENAMHI Perú oficial"
      }
    },
    {
      "type": "Feature",
      "geometry": {
        "type": "Point",
        "coordinates": [
          -76.29056,
          -6.77631
        ]
      },
      "properties": {
        "codigo": "106098",
        "codigo_ant": "",
        "nombre": "PILLUANA",
        "departamento": "",
        "provincia": "",
        "altitud": "",
        "pais": "Perú",
        "estado": "REAL",
        "tipo_est": "M",
        "categoria": "CO",
        "fuente": "SENAMHI Perú oficial"
      }
    },
    {
      "type": "Feature",
      "geometry": {
        "type": "Point",
        "coordinates": [
          -76.12911,
          -7.0223
        ]
      },
      "properties": {
        "codigo": "107091",
        "codigo_ant": "",
        "nombre": "SHAMBOYACU",
        "departamento": "",
        "provincia": "",
        "altitud": "",
        "pais": "Perú",
        "estado": "REAL",
        "tipo_est": "M",
        "categoria": "PLU",
        "fuente": "SENAMHI Perú oficial"
      }
    },
    {
      "type": "Feature",
      "geometry": {
        "type": "Point",
        "coordinates": [
          -76.12952,
          -7.02302
        ]
      },
      "properties": {
        "codigo": "221813",
        "codigo_ant": "",
        "nombre": "SHAMBOYACU",
        "departamento": "",
        "provincia": "",
        "altitud": "",
        "pais": "Perú",
        "estado": "REAL",
        "tipo_est": "H",
        "categoria": "HLG",
        "fuente": "SENAMHI Perú oficial"
      }
    },
    {
      "type": "Feature",
      "geometry": {
        "type": "Point",
        "coordinates": [
          -76.25267,
          -6.93722
        ]
      },
      "properties": {
        "codigo": "106119",
        "codigo_ant": "",
        "nombre": "TINGO DE PONAZA",
        "departamento": "",
        "provincia": "",
        "altitud": "",
        "pais": "Perú",
        "estado": "REAL",
        "tipo_est": "M",
        "categoria": "CO",
        "fuente": "SENAMHI Perú oficial"
      }
    },
    {
      "type": "Feature",
      "geometry": {
        "type": "Point",
        "coordinates": [
          -77.17197,
          -6.04728
        ]
      },
      "properties": {
        "codigo": "106013",
        "codigo_ant": "",
        "nombre": "RIOJA",
        "departamento": "",
        "provincia": "",
        "altitud": "",
        "pais": "Perú",
        "estado": "REAL",
        "tipo_est": "M",
        "categoria": "CO",
        "fuente": "SENAMHI Perú oficial"
      }
    },
    {
      "type": "Feature",
      "geometry": {
        "type": "Point",
        "coordinates": [
          -76.37039,
          -6.47597
        ]
      },
      "properties": {
        "codigo": "100138",
        "codigo_ant": "",
        "nombre": "TARAPOTO",
        "departamento": "",
        "provincia": "",
        "altitud": "",
        "pais": "Perú",
        "estado": "REAL",
        "tipo_est": "M",
        "categoria": "CO",
        "fuente": "SENAMHI Perú oficial"
      }
    },
    {
      "type": "Feature",
      "geometry": {
        "type": "Point",
        "coordinates": [
          -76.1315,
          -6.57119
        ]
      },
      "properties": {
        "codigo": "106101",
        "codigo_ant": "",
        "nombre": "CHAZUTA",
        "departamento": "",
        "provincia": "",
        "altitud": "",
        "pais": "Perú",
        "estado": "REAL",
        "tipo_est": "M",
        "categoria": "CO",
        "fuente": "SENAMHI Perú oficial"
      }
    },
    {
      "type": "Feature",
      "geometry": {
        "type": "Point",
        "coordinates": [
          -76.31825,
          -6.58903
        ]
      },
      "properties": {
        "codigo": "106040",
        "codigo_ant": "",
        "nombre": "EL PORVENIR",
        "departamento": "",
        "provincia": "",
        "altitud": "",
        "pais": "Perú",
        "estado": "REAL",
        "tipo_est": "M",
        "categoria": "MAP",
        "fuente": "SENAMHI Perú oficial"
      }
    },
    {
      "type": "Feature",
      "geometry": {
        "type": "Point",
        "coordinates": [
          -76.50789,
          -8.18475
        ]
      },
      "properties": {
        "codigo": "230700",
        "codigo_ant": "",
        "nombre": "PUENTE TOCACHE",
        "departamento": "",
        "provincia": "",
        "altitud": "",
        "pais": "Perú",
        "estado": "REAL",
        "tipo_est": "H",
        "categoria": "HLG",
        "fuente": "SENAMHI Perú oficial"
      }
    },
    {
      "type": "Feature",
      "geometry": {
        "type": "Point",
        "coordinates": [
          -76.58049,
          -8.11524
        ]
      },
      "properties": {
        "codigo": "100137",
        "codigo_ant": "",
        "nombre": "TANANTA",
        "departamento": "",
        "provincia": "",
        "altitud": "",
        "pais": "Perú",
        "estado": "REAL",
        "tipo_est": "M",
        "categoria": "CP",
        "fuente": "SENAMHI Perú oficial"
      }
    },
    {
      "type": "Feature",
      "geometry": {
        "type": "Point",
        "coordinates": [
          -70.25153,
          -18.02689
        ]
      },
      "properties": {
        "codigo": "118004",
        "codigo_ant": "",
        "nombre": "JORGE BASADRE",
        "departamento": "",
        "provincia": "",
        "altitud": "",
        "pais": "Perú",
        "estado": "REAL",
        "tipo_est": "M",
        "categoria": "MAP",
        "fuente": "SENAMHI Perú oficial"
      }
    },
    {
      "type": "Feature",
      "geometry": {
        "type": "Point",
        "coordinates": [
          -70.1932,
          -17.97458
        ]
      },
      "properties": {
        "codigo": "117003",
        "codigo_ant": "",
        "nombre": "CALANA",
        "departamento": "",
        "provincia": "",
        "altitud": "",
        "pais": "Perú",
        "estado": "REAL",
        "tipo_est": "M",
        "categoria": "CP",
        "fuente": "SENAMHI Perú oficial"
      }
    },
    {
      "type": "Feature",
      "geometry": {
        "type": "Point",
        "coordinates": [
          -70.45456,
          -17.63312
        ]
      },
      "properties": {
        "codigo": "214901",
        "codigo_ant": "",
        "nombre": "CORUCA",
        "departamento": "",
        "provincia": "",
        "altitud": "",
        "pais": "Perú",
        "estado": "REAL",
        "tipo_est": "H",
        "categoria": "HLG",
        "fuente": "SENAMHI Perú oficial"
      }
    },
    {
      "type": "Feature",
      "geometry": {
        "type": "Point",
        "coordinates": [
          -70.48962,
          -17.78758
        ]
      },
      "properties": {
        "codigo": "117018",
        "codigo_ant": "",
        "nombre": "SAMA GRANDE",
        "departamento": "",
        "provincia": "",
        "altitud": "",
        "pais": "Perú",
        "estado": "REAL",
        "tipo_est": "M",
        "categoria": "CO",
        "fuente": "SENAMHI Perú oficial"
      }
    },
    {
      "type": "Feature",
      "geometry": {
        "type": "Point",
        "coordinates": [
          -70.1425,
          -17.884
        ]
      },
      "properties": {
        "codigo": "117015",
        "codigo_ant": "",
        "nombre": "CALIENTES",
        "departamento": "",
        "provincia": "",
        "altitud": "",
        "pais": "Perú",
        "estado": "REAL",
        "tipo_est": "M",
        "categoria": "CO",
        "fuente": "SENAMHI Perú oficial"
      }
    },
    {
      "type": "Feature",
      "geometry": {
        "type": "Point",
        "coordinates": [
          -69.95864,
          -17.77795
        ]
      },
      "properties": {
        "codigo": "117037",
        "codigo_ant": "",
        "nombre": "PALCA",
        "departamento": "",
        "provincia": "",
        "altitud": "",
        "pais": "Perú",
        "estado": "REAL",
        "tipo_est": "M",
        "categoria": "CO",
        "fuente": "SENAMHI Perú oficial"
      }
    },
    {
      "type": "Feature",
      "geometry": {
        "type": "Point",
        "coordinates": [
          -70.25537,
          -17.26776
        ]
      },
      "properties": {
        "codigo": "117019",
        "codigo_ant": "",
        "nombre": "CANDARAVE",
        "departamento": "",
        "provincia": "",
        "altitud": "",
        "pais": "Perú",
        "estado": "REAL",
        "tipo_est": "M",
        "categoria": "CO",
        "fuente": "SENAMHI Perú oficial"
      }
    },
    {
      "type": "Feature",
      "geometry": {
        "type": "Point",
        "coordinates": [
          -70.761,
          -17.6179
        ]
      },
      "properties": {
        "codigo": "205010",
        "codigo_ant": "",
        "nombre": "LOCUMBA",
        "departamento": "",
        "provincia": "",
        "altitud": "",
        "pais": "Perú",
        "estado": "REAL",
        "tipo_est": "H",
        "categoria": "HLM",
        "fuente": "SENAMHI Perú oficial"
      }
    },
    {
      "type": "Feature",
      "geometry": {
        "type": "Point",
        "coordinates": [
          -70.51281,
          -17.41783
        ]
      },
      "properties": {
        "codigo": "117016",
        "codigo_ant": "",
        "nombre": "ILABAYA",
        "departamento": "",
        "provincia": "",
        "altitud": "",
        "pais": "Perú",
        "estado": "REAL",
        "tipo_est": "M",
        "categoria": "CO",
        "fuente": "SENAMHI Perú oficial"
      }
    },
    {
      "type": "Feature",
      "geometry": {
        "type": "Point",
        "coordinates": [
          -70.95169,
          -17.86008
        ]
      },
      "properties": {
        "codigo": "117012",
        "codigo_ant": "",
        "nombre": "ITE",
        "departamento": "",
        "provincia": "",
        "altitud": "",
        "pais": "Perú",
        "estado": "REAL",
        "tipo_est": "M",
        "categoria": "CO",
        "fuente": "SENAMHI Perú oficial"
      }
    },
    {
      "type": "Feature",
      "geometry": {
        "type": "Point",
        "coordinates": [
          -70.03663,
          -17.47935
        ]
      },
      "properties": {
        "codigo": "117020",
        "codigo_ant": "",
        "nombre": "TARATA",
        "departamento": "",
        "provincia": "",
        "altitud": "",
        "pais": "Perú",
        "estado": "REAL",
        "tipo_est": "M",
        "categoria": "CO",
        "fuente": "SENAMHI Perú oficial"
      }
    },
    {
      "type": "Feature",
      "geometry": {
        "type": "Point",
        "coordinates": [
          -70.13472,
          -17.34771
        ]
      },
      "properties": {
        "codigo": "117033",
        "codigo_ant": "",
        "nombre": "SUSAPAYA",
        "departamento": "",
        "provincia": "",
        "altitud": "",
        "pais": "Perú",
        "estado": "REAL",
        "tipo_est": "M",
        "categoria": "CO",
        "fuente": "SENAMHI Perú oficial"
      }
    },
    {
      "type": "Feature",
      "geometry": {
        "type": "Point",
        "coordinates": [
          -80.39538,
          -3.50396
        ]
      },
      "properties": {
        "codigo": "103038",
        "codigo_ant": "",
        "nombre": "PUERTO PIZARRO",
        "departamento": "",
        "provincia": "",
        "altitud": "",
        "pais": "Perú",
        "estado": "REAL",
        "tipo_est": "M",
        "categoria": "CO",
        "fuente": "SENAMHI Perú oficial"
      }
    },
    {
      "type": "Feature",
      "geometry": {
        "type": "Point",
        "coordinates": [
          -80.56927,
          -3.62829
        ]
      },
      "properties": {
        "codigo": "100072",
        "codigo_ant": "",
        "nombre": "LA CRUZ",
        "departamento": "",
        "provincia": "",
        "altitud": "",
        "pais": "Perú",
        "estado": "REAL",
        "tipo_est": "M",
        "categoria": "CP",
        "fuente": "SENAMHI Perú oficial"
      }
    },
    {
      "type": "Feature",
      "geometry": {
        "type": "Point",
        "coordinates": [
          -80.45685,
          -3.76848
        ]
      },
      "properties": {
        "codigo": "200202",
        "codigo_ant": "",
        "nombre": "EL TIGRE",
        "departamento": "",
        "provincia": "",
        "altitud": "",
        "pais": "Perú",
        "estado": "REAL",
        "tipo_est": "H",
        "categoria": "HLG",
        "fuente": "SENAMHI Perú oficial"
      }
    },
    {
      "type": "Feature",
      "geometry": {
        "type": "Point",
        "coordinates": [
          -80.50546,
          -3.8119
        ]
      },
      "properties": {
        "codigo": "103036",
        "codigo_ant": "",
        "nombre": "RICA PLAYA",
        "departamento": "",
        "provincia": "",
        "altitud": "",
        "pais": "Perú",
        "estado": "REAL",
        "tipo_est": "M",
        "categoria": "CO",
        "fuente": "SENAMHI Perú oficial"
      }
    },
    {
      "type": "Feature",
      "geometry": {
        "type": "Point",
        "coordinates": [
          -80.65058,
          -3.9391
        ]
      },
      "properties": {
        "codigo": "103042",
        "codigo_ant": "",
        "nombre": "CAÑAVERAL",
        "departamento": "",
        "provincia": "",
        "altitud": "",
        "pais": "Perú",
        "estado": "REAL",
        "tipo_est": "M",
        "categoria": "CO",
        "fuente": "SENAMHI Perú oficial"
      }
    },
    {
      "type": "Feature",
      "geometry": {
        "type": "Point",
        "coordinates": [
          -80.23324,
          -3.56732
        ]
      },
      "properties": {
        "codigo": "103040",
        "codigo_ant": "",
        "nombre": "PAPAYAL",
        "departamento": "",
        "provincia": "",
        "altitud": "",
        "pais": "Perú",
        "estado": "REAL",
        "tipo_est": "M",
        "categoria": "CO",
        "fuente": "SENAMHI Perú oficial"
      }
    },
    {
      "type": "Feature",
      "geometry": {
        "type": "Point",
        "coordinates": [
          -75.50624,
          -9.04225
        ]
      },
      "properties": {
        "codigo": "108028",
        "codigo_ant": "",
        "nombre": "AGUAYTIA",
        "departamento": "",
        "provincia": "",
        "altitud": "",
        "pais": "Perú",
        "estado": "REAL",
        "tipo_est": "M",
        "categoria": "CO",
        "fuente": "SENAMHI Perú oficial"
      }
    },
    {
      "type": "Feature",
      "geometry": {
        "type": "Point",
        "coordinates": [
          -75.50449,
          -9.03738
        ]
      },
      "properties": {
        "codigo": "231201",
        "codigo_ant": "",
        "nombre": "PUENTE AGUAYTIA",
        "departamento": "",
        "provincia": "",
        "altitud": "",
        "pais": "Perú",
        "estado": "REAL",
        "tipo_est": "H",
        "categoria": "HLG",
        "fuente": "SENAMHI Perú oficial"
      }
    },
    {
      "type": "Feature",
      "geometry": {
        "type": "Point",
        "coordinates": [
          -75.21639,
          -8.83444
        ]
      },
      "properties": {
        "codigo": "100121",
        "codigo_ant": "",
        "nombre": "SAN ALEJANDRO",
        "departamento": "",
        "provincia": "",
        "altitud": "",
        "pais": "Perú",
        "estado": "REAL",
        "tipo_est": "M",
        "categoria": "CO",
        "fuente": "SENAMHI Perú oficial"
      }
    },
    {
      "type": "Feature",
      "geometry": {
        "type": "Point",
        "coordinates": [
          -75.21281,
          -8.83091
        ]
      },
      "properties": {
        "codigo": "250103",
        "codigo_ant": "",
        "nombre": "SAN ALEJANDRO",
        "departamento": "",
        "provincia": "",
        "altitud": "",
        "pais": "Perú",
        "estado": "REAL",
        "tipo_est": "H",
        "categoria": "HLM",
        "fuente": "SENAMHI Perú oficial"
      }
    },
    {
      "type": "Feature",
      "geometry": {
        "type": "Point",
        "coordinates": [
          -75.21306,
          -14.52648
        ]
      },
      "properties": {
        "codigo": "114006",
        "codigo_ant": "",
        "nombre": "RIO GRANDE",
        "departamento": "",
        "provincia": "",
        "altitud": "",
        "pais": "Perú",
        "estado": "REAL",
        "tipo_est": "M",
        "categoria": "CO",
        "fuente": "SENAMHI Perú oficial"
      }
    },
    {
      "type": "Feature",
      "geometry": {
        "type": "Point",
        "coordinates": [
          -75.10407,
          -14.23731
        ]
      },
      "properties": {
        "codigo": "114066",
        "codigo_ant": "",
        "nombre": "PAMPA BLANCA",
        "departamento": "",
        "provincia": "",
        "altitud": "",
        "pais": "Perú",
        "estado": "REAL",
        "tipo_est": "M",
        "categoria": "PE",
        "fuente": "SENAMHI Perú oficial"
      }
    },
    {
      "type": "Feature",
      "geometry": {
        "type": "Point",
        "coordinates": [
          -75.74496,
          -13.65773
        ]
      },
      "properties": {
        "codigo": "203601",
        "codigo_ant": "",
        "nombre": "LETRAYOC",
        "departamento": "",
        "provincia": "",
        "altitud": "",
        "pais": "Perú",
        "estado": "REAL",
        "tipo_est": "H",
        "categoria": "HLG",
        "fuente": "SENAMHI Perú oficial"
      }
    },
    {
      "type": "Feature",
      "geometry": {
        "type": "Point",
        "coordinates": [
          -75.96641,
          -13.74114
        ]
      },
      "properties": {
        "codigo": "100046",
        "codigo_ant": "",
        "nombre": "HACIENDA BERNALES",
        "departamento": "",
        "provincia": "",
        "altitud": "",
        "pais": "Perú",
        "estado": "REAL",
        "tipo_est": "M",
        "categoria": "CO",
        "fuente": "SENAMHI Perú oficial"
      }
    },
    {
      "type": "Feature",
      "geometry": {
        "type": "Point",
        "coordinates": [
          -75.22158,
          -12.00955
        ]
      },
      "properties": {
        "codigo": "112083",
        "codigo_ant": "",
        "nombre": "SANTA ANA",
        "departamento": "",
        "provincia": "",
        "altitud": "",
        "pais": "Perú",
        "estado": "REAL",
        "tipo_est": "M",
        "categoria": "MAP",
        "fuente": "SENAMHI Perú oficial"
      }
    },
    {
      "type": "Feature",
      "geometry": {
        "type": "Point",
        "coordinates": [
          -75.24051,
          -12.05216
        ]
      },
      "properties": {
        "codigo": "230931",
        "codigo_ant": "",
        "nombre": "PUENTE BREÑA",
        "departamento": "",
        "provincia": "",
        "altitud": "",
        "pais": "Perú",
        "estado": "REAL",
        "tipo_est": "H",
        "categoria": "HLM",
        "fuente": "SENAMHI Perú oficial"
      }
    },
    {
      "type": "Feature",
      "geometry": {
        "type": "Point",
        "coordinates": [
          -75.2283,
          -12.15603
        ]
      },
      "properties": {
        "codigo": "112037",
        "codigo_ant": "",
        "nombre": "VIQUES",
        "departamento": "",
        "provincia": "",
        "altitud": "",
        "pais": "Perú",
        "estado": "REAL",
        "tipo_est": "M",
        "categoria": "CO",
        "fuente": "SENAMHI Perú oficial"
      }
    },
    {
      "type": "Feature",
      "geometry": {
        "type": "Point",
        "coordinates": [
          -75.01224,
          -11.61812
        ]
      },
      "properties": {
        "codigo": "100119",
        "codigo_ant": "",
        "nombre": "RUNATULLO",
        "departamento": "",
        "provincia": "",
        "altitud": "",
        "pais": "Perú",
        "estado": "REAL",
        "tipo_est": "M",
        "categoria": "CO",
        "fuente": "SENAMHI Perú oficial"
      }
    },
    {
      "type": "Feature",
      "geometry": {
        "type": "Point",
        "coordinates": [
          -75.13012,
          -11.74794
        ]
      },
      "properties": {
        "codigo": "111031",
        "codigo_ant": "",
        "nombre": "COMAS",
        "departamento": "",
        "provincia": "",
        "altitud": "",
        "pais": "Perú",
        "estado": "REAL",
        "tipo_est": "M",
        "categoria": "CO",
        "fuente": "SENAMHI Perú oficial"
      }
    },
    {
      "type": "Feature",
      "geometry": {
        "type": "Point",
        "coordinates": [
          -75.29665,
          -11.87521
        ]
      },
      "properties": {
        "codigo": "111097",
        "codigo_ant": "",
        "nombre": "INGENIO",
        "departamento": "",
        "provincia": "",
        "altitud": "",
        "pais": "Perú",
        "estado": "REAL",
        "tipo_est": "M",
        "categoria": "CO",
        "fuente": "SENAMHI Perú oficial"
      }
    },
    {
      "type": "Feature",
      "geometry": {
        "type": "Point",
        "coordinates": [
          -74.86681,
          -10.93352
        ]
      },
      "properties": {
        "codigo": "110008",
        "codigo_ant": "",
        "nombre": "PICHANAKI",
        "departamento": "",
        "provincia": "",
        "altitud": "",
        "pais": "Perú",
        "estado": "REAL",
        "tipo_est": "M",
        "categoria": "CO",
        "fuente": "SENAMHI Perú oficial"
      }
    },
    {
      "type": "Feature",
      "geometry": {
        "type": "Point",
        "coordinates": [
          -75.3348,
          -11.2091
        ]
      },
      "properties": {
        "codigo": "250501",
        "codigo_ant": "",
        "nombre": "RIO TULUMAYO",
        "departamento": "",
        "provincia": "",
        "altitud": "",
        "pais": "Perú",
        "estado": "REAL",
        "tipo_est": "H",
        "categoria": "HLM",
        "fuente": "SENAMHI Perú oficial"
      }
    },
    {
      "type": "Feature",
      "geometry": {
        "type": "Point",
        "coordinates": [
          -75.5273,
          -11.54
        ]
      },
      "properties": {
        "codigo": "111095",
        "codigo_ant": "",
        "nombre": "RICRAN",
        "departamento": "",
        "provincia": "",
        "altitud": "",
        "pais": "Perú",
        "estado": "REAL",
        "tipo_est": "M",
        "categoria": "CO",
        "fuente": "SENAMHI Perú oficial"
      }
    },
    {
      "type": "Feature",
      "geometry": {
        "type": "Point",
        "coordinates": [
          -75.48687,
          -11.78663
        ]
      },
      "properties": {
        "codigo": "111005",
        "codigo_ant": "",
        "nombre": "JAUJA",
        "departamento": "",
        "provincia": "",
        "altitud": "",
        "pais": "Perú",
        "estado": "REAL",
        "tipo_est": "M",
        "categoria": "CO",
        "fuente": "SENAMHI Perú oficial"
      }
    },
    {
      "type": "Feature",
      "geometry": {
        "type": "Point",
        "coordinates": [
          -75.98878,
          -11.14328
        ]
      },
      "properties": {
        "codigo": "111583",
        "codigo_ant": "",
        "nombre": "JUNIN",
        "departamento": "",
        "provincia": "",
        "altitud": "",
        "pais": "Perú",
        "estado": "REAL",
        "tipo_est": "M",
        "categoria": "CO",
        "fuente": "SENAMHI Perú oficial"
      }
    },
    {
      "type": "Feature",
      "geometry": {
        "type": "Point",
        "coordinates": [
          -74.6087,
          -11.2247
        ]
      },
      "properties": {
        "codigo": "111038",
        "codigo_ant": "",
        "nombre": "SATIPO",
        "departamento": "",
        "provincia": "",
        "altitud": "",
        "pais": "Perú",
        "estado": "REAL",
        "tipo_est": "M",
        "categoria": "CO",
        "fuente": "SENAMHI Perú oficial"
      }
    },
    {
      "type": "Feature",
      "geometry": {
        "type": "Point",
        "coordinates": [
          -75.6899,
          -11.3967
        ]
      },
      "properties": {
        "codigo": "111029",
        "codigo_ant": "",
        "nombre": "TARMA",
        "departamento": "",
        "provincia": "",
        "altitud": "",
        "pais": "Perú",
        "estado": "REAL",
        "tipo_est": "M",
        "categoria": "CO",
        "fuente": "SENAMHI Perú oficial"
      }
    },
    {
      "type": "Feature",
      "geometry": {
        "type": "Point",
        "coordinates": [
          -75.6391,
          -11.2677
        ]
      },
      "properties": {
        "codigo": "111030",
        "codigo_ant": "",
        "nombre": "HUASAHUASI",
        "departamento": "",
        "provincia": "",
        "altitud": "",
        "pais": "Perú",
        "estado": "REAL",
        "tipo_est": "M",
        "categoria": "CO",
        "fuente": "SENAMHI Perú oficial"
      }
    },
    {
      "type": "Feature",
      "geometry": {
        "type": "Point",
        "coordinates": [
          -76.40453,
          -11.34583
        ]
      },
      "properties": {
        "codigo": "111076",
        "codigo_ant": "",
        "nombre": "YANTAC",
        "departamento": "",
        "provincia": "",
        "altitud": "",
        "pais": "Perú",
        "estado": "REAL",
        "tipo_est": "M",
        "categoria": "CO",
        "fuente": "SENAMHI Perú oficial"
      }
    },
    {
      "type": "Feature",
      "geometry": {
        "type": "Point",
        "coordinates": [
          -75.95762,
          -11.57177
        ]
      },
      "properties": {
        "codigo": "111046",
        "codigo_ant": "",
        "nombre": "LA OROYA",
        "departamento": "",
        "provincia": "",
        "altitud": "",
        "pais": "Perú",
        "estado": "REAL",
        "tipo_est": "M",
        "categoria": "CO",
        "fuente": "SENAMHI Perú oficial"
      }
    },
    {
      "type": "Feature",
      "geometry": {
        "type": "Point",
        "coordinates": [
          -75.32049,
          -12.0402
        ]
      },
      "properties": {
        "codigo": "112056",
        "codigo_ant": "",
        "nombre": "HUAYAO",
        "departamento": "",
        "provincia": "",
        "altitud": "",
        "pais": "Perú",
        "estado": "REAL",
        "tipo_est": "M",
        "categoria": "CP",
        "fuente": "SENAMHI Perú oficial"
      }
    },
    {
      "type": "Feature",
      "geometry": {
        "type": "Point",
        "coordinates": [
          -75.43178,
          -12.12454
        ]
      },
      "properties": {
        "codigo": "112028",
        "codigo_ant": "",
        "nombre": "SAN JUAN DE JARPA",
        "departamento": "",
        "provincia": "",
        "altitud": "",
        "pais": "Perú",
        "estado": "REAL",
        "tipo_est": "M",
        "categoria": "CO",
        "fuente": "SENAMHI Perú oficial"
      }
    },
    {
      "type": "Feature",
      "geometry": {
        "type": "Point",
        "coordinates": [
          -75.36053,
          -12.25229
        ]
      },
      "properties": {
        "codigo": "112059",
        "codigo_ant": "",
        "nombre": "LAIVE",
        "departamento": "",
        "provincia": "",
        "altitud": "",
        "pais": "Perú",
        "estado": "REAL",
        "tipo_est": "M",
        "categoria": "CO",
        "fuente": "SENAMHI Perú oficial"
      }
    },
    {
      "type": "Feature",
      "geometry": {
        "type": "Point",
        "coordinates": [
          -78.9851,
          -8.11203
        ]
      },
      "properties": {
        "codigo": "108068",
        "codigo_ant": "",
        "nombre": "TRUJILLO",
        "departamento": "",
        "provincia": "",
        "altitud": "",
        "pais": "Perú",
        "estado": "REAL",
        "tipo_est": "M",
        "categoria": "CO",
        "fuente": "SENAMHI Perú oficial"
      }
    },
    {
      "type": "Feature",
      "geometry": {
        "type": "Point",
        "coordinates": [
          -79.56118,
          -7.11887
        ]
      },
      "properties": {
        "codigo": "100028",
        "codigo_ant": "",
        "nombre": "CHERREPE",
        "departamento": "",
        "provincia": "",
        "altitud": "",
        "pais": "Perú",
        "estado": "REAL",
        "tipo_est": "M",
        "categoria": "CO",
        "fuente": "SENAMHI Perú oficial"
      }
    },
    {
      "type": "Feature",
      "geometry": {
        "type": "Point",
        "coordinates": [
          -78.47727,
          -7.76747
        ]
      },
      "properties": {
        "codigo": "107054",
        "codigo_ant": "",
        "nombre": "CALLANCAS",
        "departamento": "",
        "provincia": "",
        "altitud": "",
        "pais": "Perú",
        "estado": "REAL",
        "tipo_est": "M",
        "categoria": "CO",
        "fuente": "SENAMHI Perú oficial"
      }
    },
    {
      "type": "Feature",
      "geometry": {
        "type": "Point",
        "coordinates": [
          -78.6071,
          -8.00535
        ]
      },
      "properties": {
        "codigo": "108001",
        "codigo_ant": "",
        "nombre": "SALPO",
        "departamento": "",
        "provincia": "",
        "altitud": "",
        "pais": "Perú",
        "estado": "REAL",
        "tipo_est": "M",
        "categoria": "CO",
        "fuente": "SENAMHI Perú oficial"
      }
    },
    {
      "type": "Feature",
      "geometry": {
        "type": "Point",
        "coordinates": [
          -78.04013,
          -7.81916
        ]
      },
      "properties": {
        "codigo": "107009",
        "codigo_ant": "",
        "nombre": "HUAMACHUCO",
        "departamento": "",
        "provincia": "",
        "altitud": "",
        "pais": "Perú",
        "estado": "REAL",
        "tipo_est": "M",
        "categoria": "CO",
        "fuente": "SENAMHI Perú oficial"
      }
    },
    {
      "type": "Feature",
      "geometry": {
        "type": "Point",
        "coordinates": [
          -78.14938,
          -8.09184
        ]
      },
      "properties": {
        "codigo": "108045",
        "codigo_ant": "",
        "nombre": "CACHICADAN",
        "departamento": "",
        "provincia": "",
        "altitud": "",
        "pais": "Perú",
        "estado": "REAL",
        "tipo_est": "M",
        "categoria": "CO",
        "fuente": "SENAMHI Perú oficial"
      }
    },
    {
      "type": "Feature",
      "geometry": {
        "type": "Point",
        "coordinates": [
          -79.8355,
          -6.88613
        ]
      },
      "properties": {
        "codigo": "106046",
        "codigo_ant": "",
        "nombre": "REQUE",
        "departamento": "",
        "provincia": "",
        "altitud": "",
        "pais": "Perú",
        "estado": "REAL",
        "tipo_est": "M",
        "categoria": "CO",
        "fuente": "SENAMHI Perú oficial"
      }
    },
    {
      "type": "Feature",
      "geometry": {
        "type": "Point",
        "coordinates": [
          -79.32062,
          -6.86394
        ]
      },
      "properties": {
        "codigo": "106109",
        "codigo_ant": "",
        "nombre": "OYOTUN",
        "departamento": "",
        "provincia": "",
        "altitud": "",
        "pais": "Perú",
        "estado": "REAL",
        "tipo_est": "M",
        "categoria": "CO",
        "fuente": "SENAMHI Perú oficial"
      }
    },
    {
      "type": "Feature",
      "geometry": {
        "type": "Point",
        "coordinates": [
          -79.60002,
          -6.80141
        ]
      },
      "properties": {
        "codigo": "106036",
        "codigo_ant": "",
        "nombre": "SIPAN",
        "departamento": "",
        "provincia": "",
        "altitud": "",
        "pais": "Perú",
        "estado": "REAL",
        "tipo_est": "M",
        "categoria": "CO",
        "fuente": "SENAMHI Perú oficial"
      }
    },
    {
      "type": "Feature",
      "geometry": {
        "type": "Point",
        "coordinates": [
          -79.547,
          -6.8808
        ]
      },
      "properties": {
        "codigo": "106042",
        "codigo_ant": "",
        "nombre": "CAYALTI",
        "departamento": "",
        "provincia": "",
        "altitud": "",
        "pais": "Perú",
        "estado": "REAL",
        "tipo_est": "M",
        "categoria": "CP",
        "fuente": "SENAMHI Perú oficial"
      }
    },
    {
      "type": "Feature",
      "geometry": {
        "type": "Point",
        "coordinates": [
          -79.76869,
          -6.33159
        ]
      },
      "properties": {
        "codigo": "106047",
        "codigo_ant": "",
        "nombre": "JAYANCA",
        "departamento": "",
        "provincia": "",
        "altitud": "",
        "pais": "Perú",
        "estado": "REAL",
        "tipo_est": "M",
        "categoria": "CO",
        "fuente": "SENAMHI Perú oficial"
      }
    },
    {
      "type": "Feature",
      "geometry": {
        "type": "Point",
        "coordinates": [
          -79.81908,
          -5.83722
        ]
      },
      "properties": {
        "codigo": "105076",
        "codigo_ant": "",
        "nombre": "PASABAR",
        "departamento": "",
        "provincia": "",
        "altitud": "",
        "pais": "Perú",
        "estado": "REAL",
        "tipo_est": "M",
        "categoria": "CP",
        "fuente": "SENAMHI Perú oficial"
      }
    },
    {
      "type": "Feature",
      "geometry": {
        "type": "Point",
        "coordinates": [
          -79.98233,
          -5.5337
        ]
      },
      "properties": {
        "codigo": "105013",
        "codigo_ant": "",
        "nombre": "EL VIRREY",
        "departamento": "",
        "provincia": "",
        "altitud": "",
        "pais": "Perú",
        "estado": "REAL",
        "tipo_est": "M",
        "categoria": "PLU",
        "fuente": "SENAMHI Perú oficial"
      }
    },
    {
      "type": "Feature",
      "geometry": {
        "type": "Point",
        "coordinates": [
          -79.90894,
          -6.73438
        ]
      },
      "properties": {
        "codigo": "106108",
        "codigo_ant": "",
        "nombre": "LAMBAYEQUE",
        "departamento": "",
        "provincia": "",
        "altitud": "",
        "pais": "Perú",
        "estado": "REAL",
        "tipo_est": "M",
        "categoria": "CP",
        "fuente": "SENAMHI Perú oficial"
      }
    },
    {
      "type": "Feature",
      "geometry": {
        "type": "Point",
        "coordinates": [
          -77.04317,
          -12.07053
        ]
      },
      "properties": {
        "codigo": "112171",
        "codigo_ant": "",
        "nombre": "CAMPO DE MARTE",
        "departamento": "",
        "provincia": "",
        "altitud": "",
        "pais": "Perú",
        "estado": "REAL",
        "tipo_est": "M",
        "categoria": "CP",
        "fuente": "SENAMHI Perú oficial"
      }
    },
    {
      "type": "Feature",
      "geometry": {
        "type": "Point",
        "coordinates": [
          -76.68975,
          -11.92986
        ]
      },
      "properties": {
        "codigo": "111060",
        "codigo_ant": "",
        "nombre": "CHOSICA",
        "departamento": "",
        "provincia": "",
        "altitud": "",
        "pais": "Perú",
        "estado": "REAL",
        "tipo_est": "M",
        "categoria": "PLU",
        "fuente": "SENAMHI Perú oficial"
      }
    },
    {
      "type": "Feature",
      "geometry": {
        "type": "Point",
        "coordinates": [
          -76.68973,
          -11.92983
        ]
      },
      "properties": {
        "codigo": "202906",
        "codigo_ant": "",
        "nombre": "CHOSICA",
        "departamento": "",
        "provincia": "",
        "altitud": "",
        "pais": "Perú",
        "estado": "REAL",
        "tipo_est": "H",
        "categoria": "HLG",
        "fuente": "SENAMHI Perú oficial"
      }
    },
    {
      "type": "Feature",
      "geometry": {
        "type": "Point",
        "coordinates": [
          -76.84194,
          -11.98744
        ]
      },
      "properties": {
        "codigo": "111023",
        "codigo_ant": "",
        "nombre": "ÑAÑA",
        "departamento": "",
        "provincia": "",
        "altitud": "",
        "pais": "Perú",
        "estado": "REAL",
        "tipo_est": "M",
        "categoria": "CO",
        "fuente": "SENAMHI Perú oficial"
      }
    },
    {
      "type": "Feature",
      "geometry": {
        "type": "Point",
        "coordinates": [
          -76.89441,
          -12.01281
        ]
      },
      "properties": {
        "codigo": "202910",
        "codigo_ant": "",
        "nombre": "PUENTE HUACHIPA",
        "departamento": "",
        "provincia": "",
        "altitud": "",
        "pais": "Perú",
        "estado": "REAL",
        "tipo_est": "H",
        "categoria": "HLM",
        "fuente": "SENAMHI Perú oficial"
      }
    },
    {
      "type": "Feature",
      "geometry": {
        "type": "Point",
        "coordinates": [
          -79.09909,
          -7.25592
        ]
      },
      "properties": {
        "codigo": "4726E508",
        "codigo_ant": "",
        "nombre": "YONAN GORE",
        "departamento": "",
        "provincia": "",
        "altitud": "",
        "pais": "Perú",
        "estado": "AUTOMATICA",
        "tipo_est": "H",
        "categoria": "EHA",
        "fuente": "SENAMHI Perú oficial"
      }
    },
    {
      "type": "Feature",
      "geometry": {
        "type": "Point",
        "coordinates": [
          -78.81339,
          -6.37914
        ]
      },
      "properties": {
        "codigo": "4726A602",
        "codigo_ant": "",
        "nombre": "CUTERVO",
        "departamento": "",
        "provincia": "",
        "altitud": "",
        "pais": "Perú",
        "estado": "AUTOMATICA",
        "tipo_est": "M",
        "categoria": "EMA",
        "fuente": "SENAMHI Perú oficial"
      }
    },
    {
      "type": "Feature",
      "geometry": {
        "type": "Point",
        "coordinates": [
          -78.78432,
          -6.54049
        ]
      },
      "properties": {
        "codigo": "47E1F02E",
        "codigo_ant": "",
        "nombre": "TUNEL CHOTANO",
        "departamento": "",
        "provincia": "",
        "altitud": "",
        "pais": "Perú",
        "estado": "AUTOMATICA",
        "tipo_est": "H",
        "categoria": "EHMA",
        "fuente": "SENAMHI Perú oficial"
      }
    },
    {
      "type": "Feature",
      "geometry": {
        "type": "Point",
        "coordinates": [
          -78.66413,
          -5.94135
        ]
      },
      "properties": {
        "codigo": "472B3006",
        "codigo_ant": "",
        "nombre": "CUMBA",
        "departamento": "",
        "provincia": "",
        "altitud": "",
        "pais": "Perú",
        "estado": "AUTOMATICA",
        "tipo_est": "H",
        "categoria": "EHA",
        "fuente": "SENAMHI Perú oficial"
      }
    },
    {
      "type": "Feature",
      "geometry": {
        "type": "Point",
        "coordinates": [
          -78.52346,
          -6.67981
        ]
      },
      "properties": {
        "codigo": "472680EE",
        "codigo_ant": "",
        "nombre": "BAMBAMARCA M",
        "departamento": "",
        "provincia": "",
        "altitud": "",
        "pais": "Perú",
        "estado": "AUTOMATICA",
        "tipo_est": "M",
        "categoria": "EMA",
        "fuente": "SENAMHI Perú oficial"
      }
    },
    {
      "type": "Feature",
      "geometry": {
        "type": "Point",
        "coordinates": [
          -78.54119,
          -6.66975
        ]
      },
      "properties": {
        "codigo": "4726D092",
        "codigo_ant": "",
        "nombre": "BAMBAMARCA H",
        "departamento": "",
        "provincia": "",
        "altitud": "",
        "pais": "Perú",
        "estado": "AUTOMATICA",
        "tipo_est": "H",
        "categoria": "EHA",
        "fuente": "SENAMHI Perú oficial"
      }
    },
    {
      "type": "Feature",
      "geometry": {
        "type": "Point",
        "coordinates": [
          -78.738,
          -6.66878
        ]
      },
      "properties": {
        "codigo": "4727F484",
        "codigo_ant": "",
        "nombre": "CHUGUR",
        "departamento": "",
        "provincia": "",
        "altitud": "",
        "pais": "Perú",
        "estado": "AUTOMATICA",
        "tipo_est": "M",
        "categoria": "EMA",
        "fuente": "SENAMHI Perú oficial"
      }
    },
    {
      "type": "Feature",
      "geometry": {
        "type": "Point",
        "coordinates": [
          -78.77418,
          -5.67667
        ]
      },
      "properties": {
        "codigo": "47269398",
        "codigo_ant": "",
        "nombre": "JAEN",
        "departamento": "",
        "provincia": "",
        "altitud": "",
        "pais": "Perú",
        "estado": "AUTOMATICA",
        "tipo_est": "M",
        "categoria": "EMA",
        "fuente": "SENAMHI Perú oficial"
      }
    },
    {
      "type": "Feature",
      "geometry": {
        "type": "Point",
        "coordinates": [
          -79.39769,
          -5.77168
        ]
      },
      "properties": {
        "codigo": "105136",
        "codigo_ant": "",
        "nombre": "SAUZAL",
        "departamento": "",
        "provincia": "",
        "altitud": "",
        "pais": "Perú",
        "estado": "AUTOMATICA",
        "tipo_est": "H",
        "categoria": "EHMA",
        "fuente": "SENAMHI Perú oficial"
      }
    },
    {
      "type": "Feature",
      "geometry": {
        "type": "Point",
        "coordinates": [
          -78.69579,
          -5.45077
        ]
      },
      "properties": {
        "codigo": "472A571A",
        "codigo_ant": "",
        "nombre": "HUALLAPE",
        "departamento": "",
        "provincia": "",
        "altitud": "",
        "pais": "Perú",
        "estado": "AUTOMATICA",
        "tipo_est": "H",
        "categoria": "EHA",
        "fuente": "SENAMHI Perú oficial"
      }
    },
    {
      "type": "Feature",
      "geometry": {
        "type": "Point",
        "coordinates": [
          -78.17269,
          -7.32249
        ]
      },
      "properties": {
        "codigo": "4725E206",
        "codigo_ant": "",
        "nombre": "SAN MARCOS",
        "departamento": "",
        "provincia": "",
        "altitud": "",
        "pais": "Perú",
        "estado": "AUTOMATICA",
        "tipo_est": "M",
        "categoria": "EAMA",
        "fuente": "SENAMHI Perú oficial"
      }
    },
    {
      "type": "Feature",
      "geometry": {
        "type": "Point",
        "coordinates": [
          -78.81392,
          -6.74456
        ]
      },
      "properties": {
        "codigo": "47E207A4",
        "codigo_ant": "",
        "nombre": "TONGOD",
        "departamento": "",
        "provincia": "",
        "altitud": "",
        "pais": "Perú",
        "estado": "AUTOMATICA",
        "tipo_est": "H",
        "categoria": "EHMA",
        "fuente": "SENAMHI Perú oficial"
      }
    },
    {
      "type": "Feature",
      "geometry": {
        "type": "Point",
        "coordinates": [
          -78.99733,
          -6.64934
        ]
      },
      "properties": {
        "codigo": "47E1C5B4",
        "codigo_ant": "",
        "nombre": "CAÑAD",
        "departamento": "",
        "provincia": "",
        "altitud": "",
        "pais": "Perú",
        "estado": "AUTOMATICA",
        "tipo_est": "H",
        "categoria": "EHMA",
        "fuente": "SENAMHI Perú oficial"
      }
    },
    {
      "type": "Feature",
      "geometry": {
        "type": "Point",
        "coordinates": [
          -78.91262,
          -6.58271
        ]
      },
      "properties": {
        "codigo": "47E1E358",
        "codigo_ant": "",
        "nombre": "PUENTE AMBAN",
        "departamento": "",
        "provincia": "",
        "altitud": "",
        "pais": "Perú",
        "estado": "AUTOMATICA",
        "tipo_est": "H",
        "categoria": "EHMA",
        "fuente": "SENAMHI Perú oficial"
      }
    },
    {
      "type": "Feature",
      "geometry": {
        "type": "Point",
        "coordinates": [
          -78.86721,
          -6.57489
        ]
      },
      "properties": {
        "codigo": "47E3055E",
        "codigo_ant": "",
        "nombre": "CHANCAY BAÑOS",
        "departamento": "",
        "provincia": "",
        "altitud": "",
        "pais": "Perú",
        "estado": "AUTOMATICA",
        "tipo_est": "M",
        "categoria": "EMA",
        "fuente": "SENAMHI Perú oficial"
      }
    },
    {
      "type": "Feature",
      "geometry": {
        "type": "Point",
        "coordinates": [
          -71.5726,
          -14.0278
        ]
      },
      "properties": {
        "codigo": "114132",
        "codigo_ant": "",
        "nombre": "POMACANCHI",
        "departamento": "",
        "provincia": "",
        "altitud": "",
        "pais": "Perú",
        "estado": "AUTOMATICA",
        "tipo_est": "M",
        "categoria": "EMA",
        "fuente": "SENAMHI Perú oficial"
      }
    },
    {
      "type": "Feature",
      "geometry": {
        "type": "Point",
        "coordinates": [
          -72.5736,
          -13.3955
        ]
      },
      "properties": {
        "codigo": "47294362",
        "codigo_ant": "",
        "nombre": "SORAYPAMPA",
        "departamento": "",
        "provincia": "",
        "altitud": "",
        "pais": "Perú",
        "estado": "AUTOMATICA",
        "tipo_est": "M",
        "categoria": "EMA",
        "fuente": "SENAMHI Perú oficial"
      }
    },
    {
      "type": "Feature",
      "geometry": {
        "type": "Point",
        "coordinates": [
          -72.2188,
          -13.4724
        ]
      },
      "properties": {
        "codigo": "113252",
        "codigo_ant": "",
        "nombre": "ANCACHURO",
        "departamento": "",
        "provincia": "",
        "altitud": "",
        "pais": "Perú",
        "estado": "AUTOMATICA",
        "tipo_est": "M",
        "categoria": "EMA",
        "fuente": "SENAMHI Perú oficial"
      }
    },
    {
      "type": "Feature",
      "geometry": {
        "type": "Point",
        "coordinates": [
          -71.95524,
          -13.33333
        ]
      },
      "properties": {
        "codigo": "472976F8",
        "codigo_ant": "",
        "nombre": "CALCA",
        "departamento": "",
        "provincia": "",
        "altitud": "",
        "pais": "Perú",
        "estado": "AUTOMATICA",
        "tipo_est": "M",
        "categoria": "EMA",
        "fuente": "SENAMHI Perú oficial"
      }
    },
    {
      "type": "Feature",
      "geometry": {
        "type": "Point",
        "coordinates": [
          -71.85388,
          -13.42264
        ]
      },
      "properties": {
        "codigo": "472A6280",
        "codigo_ant": "",
        "nombre": "NUEVO PISAC",
        "departamento": "",
        "provincia": "",
        "altitud": "",
        "pais": "Perú",
        "estado": "AUTOMATICA",
        "tipo_est": "H",
        "categoria": "EHMA",
        "fuente": "SENAMHI Perú oficial"
      }
    },
    {
      "type": "Feature",
      "geometry": {
        "type": "Point",
        "coordinates": [
          -71.35831,
          -14.52931
        ]
      },
      "properties": {
        "codigo": "114125",
        "codigo_ant": "",
        "nombre": "SAUSAYA",
        "departamento": "",
        "provincia": "",
        "altitud": "",
        "pais": "Perú",
        "estado": "AUTOMATICA",
        "tipo_est": "M",
        "categoria": "EMA",
        "fuente": "SENAMHI Perú oficial"
      }
    },
    {
      "type": "Feature",
      "geometry": {
        "type": "Point",
        "coordinates": [
          -71.28145,
          -14.4261
        ]
      },
      "properties": {
        "codigo": "114126",
        "codigo_ant": "",
        "nombre": "PAYAPUNKU",
        "departamento": "",
        "provincia": "",
        "altitud": "",
        "pais": "Perú",
        "estado": "AUTOMATICA",
        "tipo_est": "M",
        "categoria": "EMA",
        "fuente": "SENAMHI Perú oficial"
      }
    },
    {
      "type": "Feature",
      "geometry": {
        "type": "Point",
        "coordinates": [
          -71.23669,
          -14.23736
        ]
      },
      "properties": {
        "codigo": "4726158C",
        "codigo_ant": "",
        "nombre": "SICUANI",
        "departamento": "",
        "provincia": "",
        "altitud": "",
        "pais": "Perú",
        "estado": "AUTOMATICA",
        "tipo_est": "M",
        "categoria": "EAMA",
        "fuente": "SENAMHI Perú oficial"
      }
    },
    {
      "type": "Feature",
      "geometry": {
        "type": "Point",
        "coordinates": [
          -71.01823,
          -13.92214
        ]
      },
      "properties": {
        "codigo": "47E8B578",
        "codigo_ant": "",
        "nombre": "SIBINACOCHA",
        "departamento": "",
        "provincia": "",
        "altitud": "",
        "pais": "Perú",
        "estado": "AUTOMATICA",
        "tipo_est": "M",
        "categoria": "EMA",
        "fuente": "SENAMHI Perú oficial"
      }
    },
    {
      "type": "Feature",
      "geometry": {
        "type": "Point",
        "coordinates": [
          -70.88622,
          -13.79505
        ]
      },
      "properties": {
        "codigo": "472E025C",
        "codigo_ant": "",
        "nombre": "QUISOQUEPINA",
        "departamento": "",
        "provincia": "",
        "altitud": "",
        "pais": "Perú",
        "estado": "AUTOMATICA",
        "tipo_est": "M",
        "categoria": "EMA",
        "fuente": "SENAMHI Perú oficial"
      }
    },
    {
      "type": "Feature",
      "geometry": {
        "type": "Point",
        "coordinates": [
          -71.23186,
          -14.16991
        ]
      },
      "properties": {
        "codigo": "114118",
        "codigo_ant": "",
        "nombre": "SALCCA",
        "departamento": "",
        "provincia": "",
        "altitud": "",
        "pais": "Perú",
        "estado": "AUTOMATICA",
        "tipo_est": "H",
        "categoria": "EHA",
        "fuente": "SENAMHI Perú oficial"
      }
    },
    {
      "type": "Feature",
      "geometry": {
        "type": "Point",
        "coordinates": [
          -72.08952,
          -14.49847
        ]
      },
      "properties": {
        "codigo": "114123",
        "codigo_ant": "",
        "nombre": "MARCA CUNKA",
        "departamento": "",
        "provincia": "",
        "altitud": "",
        "pais": "Perú",
        "estado": "AUTOMATICA",
        "tipo_est": "M",
        "categoria": "EMA",
        "fuente": "SENAMHI Perú oficial"
      }
    },
    {
      "type": "Feature",
      "geometry": {
        "type": "Point",
        "coordinates": [
          -72.09645,
          -14.44896
        ]
      },
      "properties": {
        "codigo": "4729A090",
        "codigo_ant": "",
        "nombre": "SANTO TOMAS",
        "departamento": "",
        "provincia": "",
        "altitud": "",
        "pais": "Perú",
        "estado": "AUTOMATICA",
        "tipo_est": "M",
        "categoria": "EMA",
        "fuente": "SENAMHI Perú oficial"
      }
    },
    {
      "type": "Feature",
      "geometry": {
        "type": "Point",
        "coordinates": [
          -71.51991,
          -14.67242
        ]
      },
      "properties": {
        "codigo": "114124",
        "codigo_ant": "",
        "nombre": "HUAYHUAHUASI",
        "departamento": "",
        "provincia": "",
        "altitud": "",
        "pais": "Perú",
        "estado": "AUTOMATICA",
        "tipo_est": "M",
        "categoria": "EAMA",
        "fuente": "SENAMHI Perú oficial"
      }
    },
    {
      "type": "Feature",
      "geometry": {
        "type": "Point",
        "coordinates": [
          -72.82447,
          -12.24986
        ]
      },
      "properties": {
        "codigo": "112264",
        "codigo_ant": "",
        "nombre": "PONGO DE MAINIQUE",
        "departamento": "",
        "provincia": "",
        "altitud": "",
        "pais": "Perú",
        "estado": "AUTOMATICA",
        "tipo_est": "M",
        "categoria": "EMA",
        "fuente": "SENAMHI Perú oficial"
      }
    },
    {
      "type": "Feature",
      "geometry": {
        "type": "Point",
        "coordinates": [
          -72.61988,
          -13.02506
        ]
      },
      "properties": {
        "codigo": "4729658E",
        "codigo_ant": "",
        "nombre": "SAN PABLO",
        "departamento": "",
        "provincia": "",
        "altitud": "",
        "pais": "Perú",
        "estado": "AUTOMATICA",
        "tipo_est": "M",
        "categoria": "EMA",
        "fuente": "SENAMHI Perú oficial"
      }
    },
    {
      "type": "Feature",
      "geometry": {
        "type": "Point",
        "coordinates": [
          -73.83956,
          -12.52296
        ]
      },
      "properties": {
        "codigo": "47E880E2",
        "codigo_ant": "",
        "nombre": "PICHARI",
        "departamento": "",
        "provincia": "",
        "altitud": "",
        "pais": "Perú",
        "estado": "AUTOMATICA",
        "tipo_est": "M",
        "categoria": "EMA",
        "fuente": "SENAMHI Perú oficial"
      }
    },
    {
      "type": "Feature",
      "geometry": {
        "type": "Point",
        "coordinates": [
          -71.59741,
          -13.3177
        ]
      },
      "properties": {
        "codigo": "210007",
        "codigo_ant": "",
        "nombre": "PAUCARTAMBO",
        "departamento": "",
        "provincia": "",
        "altitud": "",
        "pais": "Perú",
        "estado": "AUTOMATICA",
        "tipo_est": "H",
        "categoria": "EHA",
        "fuente": "SENAMHI Perú oficial"
      }
    },
    {
      "type": "Feature",
      "geometry": {
        "type": "Point",
        "coordinates": [
          -71.61941,
          -13.19672
        ]
      },
      "properties": {
        "codigo": "4722A338",
        "codigo_ant": "",
        "nombre": "ACJANACO ",
        "departamento": "",
        "provincia": "",
        "altitud": "",
        "pais": "Perú",
        "estado": "AUTOMATICA",
        "tipo_est": "M",
        "categoria": "EMA",
        "fuente": "SENAMHI Perú oficial"
      }
    },
    {
      "type": "Feature",
      "geometry": {
        "type": "Point",
        "coordinates": [
          -70.7544,
          -13.2289
        ]
      },
      "properties": {
        "codigo": "113254",
        "codigo_ant": "",
        "nombre": "QUINCEMIL",
        "departamento": "",
        "provincia": "",
        "altitud": "",
        "pais": "Perú",
        "estado": "AUTOMATICA",
        "tipo_est": "M",
        "categoria": "EMA",
        "fuente": "SENAMHI Perú oficial"
      }
    },
    {
      "type": "Feature",
      "geometry": {
        "type": "Point",
        "coordinates": [
          -71.58878,
          -13.58048
        ]
      },
      "properties": {
        "codigo": "113247",
        "codigo_ant": "",
        "nombre": "ASHANAKU",
        "departamento": "",
        "provincia": "",
        "altitud": "",
        "pais": "Perú",
        "estado": "AUTOMATICA",
        "tipo_est": "M",
        "categoria": "EMA",
        "fuente": "SENAMHI Perú oficial"
      }
    },
    {
      "type": "Feature",
      "geometry": {
        "type": "Point",
        "coordinates": [
          -72.1246,
          -13.3052
        ]
      },
      "properties": {
        "codigo": "113255",
        "codigo_ant": "",
        "nombre": "URUBAMBA",
        "departamento": "",
        "provincia": "",
        "altitud": "",
        "pais": "Perú",
        "estado": "AUTOMATICA",
        "tipo_est": "M",
        "categoria": "EMA",
        "fuente": "SENAMHI Perú oficial"
      }
    },
    {
      "type": "Feature",
      "geometry": {
        "type": "Point",
        "coordinates": [
          -72.43383,
          -13.22419
        ]
      },
      "properties": {
        "codigo": "4729867C",
        "codigo_ant": "",
        "nombre": "QORIHUAYRACHINA",
        "departamento": "",
        "provincia": "",
        "altitud": "",
        "pais": "Perú",
        "estado": "AUTOMATICA",
        "tipo_est": "M",
        "categoria": "EMA",
        "fuente": "SENAMHI Perú oficial"
      }
    },
    {
      "type": "Feature",
      "geometry": {
        "type": "Point",
        "coordinates": [
          -72.52319,
          -13.18517
        ]
      },
      "properties": {
        "codigo": "472935F2",
        "codigo_ant": "",
        "nombre": "INTIHUATANA H",
        "departamento": "",
        "provincia": "",
        "altitud": "",
        "pais": "Perú",
        "estado": "AUTOMATICA",
        "tipo_est": "H",
        "categoria": "EHA",
        "fuente": "SENAMHI Perú oficial"
      }
    },
    {
      "type": "Feature",
      "geometry": {
        "type": "Point",
        "coordinates": [
          -72.54585,
          -13.16655
        ]
      },
      "properties": {
        "codigo": "472897F0",
        "codigo_ant": "",
        "nombre": "MACHUPICCHU",
        "departamento": "",
        "provincia": "",
        "altitud": "",
        "pais": "Perú",
        "estado": "AUTOMATICA",
        "tipo_est": "M",
        "categoria": "EMA",
        "fuente": "SENAMHI Perú oficial"
      }
    },
    {
      "type": "Feature",
      "geometry": {
        "type": "Point",
        "coordinates": [
          -72.56036,
          -13.17418
        ]
      },
      "properties": {
        "codigo": "472852EE",
        "codigo_ant": "",
        "nombre": "INTIHUATANA M",
        "departamento": "",
        "provincia": "",
        "altitud": "",
        "pais": "Perú",
        "estado": "AUTOMATICA",
        "tipo_est": "M",
        "categoria": "EMA",
        "fuente": "SENAMHI Perú oficial"
      }
    },
    {
      "type": "Feature",
      "geometry": {
        "type": "Point",
        "coordinates": [
          -72.44881,
          -13.26581
        ]
      },
      "properties": {
        "codigo": "4727C11E",
        "codigo_ant": "",
        "nombre": "HUAYLLABAMBA",
        "departamento": "",
        "provincia": "",
        "altitud": "",
        "pais": "Perú",
        "estado": "AUTOMATICA",
        "tipo_est": "M",
        "categoria": "EMA",
        "fuente": "SENAMHI Perú oficial"
      }
    },
    {
      "type": "Feature",
      "geometry": {
        "type": "Point",
        "coordinates": [
          -72.49841,
          -13.23419
        ]
      },
      "properties": {
        "codigo": "4729950A",
        "codigo_ant": "",
        "nombre": "PACAYMAYO",
        "departamento": "",
        "provincia": "",
        "altitud": "",
        "pais": "Perú",
        "estado": "AUTOMATICA",
        "tipo_est": "M",
        "categoria": "EMA",
        "fuente": "SENAMHI Perú oficial"
      }
    },
    {
      "type": "Feature",
      "geometry": {
        "type": "Point",
        "coordinates": [
          -72.34056,
          -13.2235
        ]
      },
      "properties": {
        "codigo": "472A9204",
        "codigo_ant": "",
        "nombre": "CHILCA",
        "departamento": "",
        "provincia": "",
        "altitud": "",
        "pais": "Perú",
        "estado": "AUTOMATICA",
        "tipo_est": "H",
        "categoria": "EHA",
        "fuente": "SENAMHI Perú oficial"
      }
    },
    {
      "type": "Feature",
      "geometry": {
        "type": "Point",
        "coordinates": [
          -75.51019,
          -12.99
        ]
      },
      "properties": {
        "codigo": "4720CDF8",
        "codigo_ant": "",
        "nombre": "COCHAMARCA",
        "departamento": "",
        "provincia": "",
        "altitud": "",
        "pais": "Perú",
        "estado": "AUTOMATICA",
        "tipo_est": "M",
        "categoria": "EAMA",
        "fuente": "SENAMHI Perú oficial"
      }
    },
    {
      "type": "Feature",
      "geometry": {
        "type": "Point",
        "coordinates": [
          -75.53333,
          -13.21667
        ]
      },
      "properties": {
        "codigo": "47292684",
        "codigo_ant": "",
        "nombre": "HUACHOS",
        "departamento": "",
        "provincia": "",
        "altitud": "",
        "pais": "Perú",
        "estado": "AUTOMATICA",
        "tipo_est": "M",
        "categoria": "EMA",
        "fuente": "SENAMHI Perú oficial"
      }
    },
    {
      "type": "Feature",
      "geometry": {
        "type": "Point",
        "coordinates": [
          -75.16667,
          -14.03333
        ]
      },
      "properties": {
        "codigo": "4728F216",
        "codigo_ant": "",
        "nombre": "CORDOVA",
        "departamento": "",
        "provincia": "",
        "altitud": "",
        "pais": "Perú",
        "estado": "AUTOMATICA",
        "tipo_est": "M",
        "categoria": "EMA",
        "fuente": "SENAMHI Perú oficial"
      }
    },
    {
      "type": "Feature",
      "geometry": {
        "type": "Point",
        "coordinates": [
          -75.3,
          -13.48333
        ]
      },
      "properties": {
        "codigo": "4728C78C",
        "codigo_ant": "",
        "nombre": "CUSICANCHA",
        "departamento": "",
        "provincia": "",
        "altitud": "",
        "pais": "Perú",
        "estado": "AUTOMATICA",
        "tipo_est": "M",
        "categoria": "EMA",
        "fuente": "SENAMHI Perú oficial"
      }
    },
    {
      "type": "Feature",
      "geometry": {
        "type": "Point",
        "coordinates": [
          -75.3821,
          -13.7905
        ]
      },
      "properties": {
        "codigo": "472811E4",
        "codigo_ant": "",
        "nombre": "CHALLACA M",
        "departamento": "",
        "provincia": "",
        "altitud": "",
        "pais": "Perú",
        "estado": "AUTOMATICA",
        "tipo_est": "M",
        "categoria": "EMA",
        "fuente": "SENAMHI Perú oficial"
      }
    },
    {
      "type": "Feature",
      "geometry": {
        "type": "Point",
        "coordinates": [
          -75.25,
          -13.83333
        ]
      },
      "properties": {
        "codigo": "4729131E",
        "codigo_ant": "",
        "nombre": "SANTIAGO DE CHOCORVOS",
        "departamento": "",
        "provincia": "",
        "altitud": "",
        "pais": "Perú",
        "estado": "AUTOMATICA",
        "tipo_est": "M",
        "categoria": "EMA",
        "fuente": "SENAMHI Perú oficial"
      }
    },
    {
      "type": "Feature",
      "geometry": {
        "type": "Point",
        "coordinates": [
          -74.51493,
          -12.19238
        ]
      },
      "properties": {
        "codigo": "112269",
        "codigo_ant": "",
        "nombre": "COCHABAMBA GRANDE",
        "departamento": "",
        "provincia": "",
        "altitud": "",
        "pais": "Perú",
        "estado": "AUTOMATICA",
        "tipo_est": "M",
        "categoria": "EMA",
        "fuente": "SENAMHI Perú oficial"
      }
    },
    {
      "type": "Feature",
      "geometry": {
        "type": "Point",
        "coordinates": [
          -76.24793,
          -9.9378
        ]
      },
      "properties": {
        "codigo": "109082",
        "codigo_ant": "",
        "nombre": "HUANUCO",
        "departamento": "",
        "provincia": "",
        "altitud": "",
        "pais": "Perú",
        "estado": "AUTOMATICA",
        "tipo_est": "M",
        "categoria": "EMA",
        "fuente": "SENAMHI Perú oficial"
      }
    },
    {
      "type": "Feature",
      "geometry": {
        "type": "Point",
        "coordinates": [
          -75.9425,
          -9.515
        ]
      },
      "properties": {
        "codigo": "472D0552",
        "codigo_ant": "",
        "nombre": "CHINCHAVITO",
        "departamento": "",
        "provincia": "",
        "altitud": "",
        "pais": "Perú",
        "estado": "AUTOMATICA",
        "tipo_est": "H",
        "categoria": "EHA",
        "fuente": "SENAMHI Perú oficial"
      }
    },
    {
      "type": "Feature",
      "geometry": {
        "type": "Point",
        "coordinates": [
          -76.1519,
          -9.85056
        ]
      },
      "properties": {
        "codigo": "472B730C",
        "codigo_ant": "",
        "nombre": "PUENTE TARUCA",
        "departamento": "",
        "provincia": "",
        "altitud": "",
        "pais": "Perú",
        "estado": "AUTOMATICA",
        "tipo_est": "H",
        "categoria": "EHA",
        "fuente": "SENAMHI Perú oficial"
      }
    },
    {
      "type": "Feature",
      "geometry": {
        "type": "Point",
        "coordinates": [
          -76.16533,
          -10.33777
        ]
      },
      "properties": {
        "codigo": "110147",
        "codigo_ant": "",
        "nombre": "SAN PEDRO DE MATIHUACA",
        "departamento": "",
        "provincia": "",
        "altitud": "",
        "pais": "Perú",
        "estado": "AUTOMATICA",
        "tipo_est": "M",
        "categoria": "EMA",
        "fuente": "SENAMHI Perú oficial"
      }
    },
    {
      "type": "Feature",
      "geometry": {
        "type": "Point",
        "coordinates": [
          -76.21556,
          -10.08922
        ]
      },
      "properties": {
        "codigo": "110146",
        "codigo_ant": "",
        "nombre": "QUISCA",
        "departamento": "",
        "provincia": "",
        "altitud": "",
        "pais": "Perú",
        "estado": "AUTOMATICA",
        "tipo_est": "M",
        "categoria": "EMA",
        "fuente": "SENAMHI Perú oficial"
      }
    },
    {
      "type": "Feature",
      "geometry": {
        "type": "Point",
        "coordinates": [
          -76.21294,
          -9.21931
        ]
      },
      "properties": {
        "codigo": "47E845FC",
        "codigo_ant": "",
        "nombre": "CACHICOTO",
        "departamento": "",
        "provincia": "",
        "altitud": "",
        "pais": "Perú",
        "estado": "AUTOMATICA",
        "tipo_est": "M",
        "categoria": "EMA",
        "fuente": "SENAMHI Perú oficial"
      }
    },
    {
      "type": "Feature",
      "geometry": {
        "type": "Point",
        "coordinates": [
          -76.02935,
          -9.32411
        ]
      },
      "properties": {
        "codigo": "472DA5AA",
        "codigo_ant": "",
        "nombre": "PUENTE BELLA",
        "departamento": "",
        "provincia": "",
        "altitud": "",
        "pais": "Perú",
        "estado": "AUTOMATICA",
        "tipo_est": "H",
        "categoria": "EHA",
        "fuente": "SENAMHI Perú oficial"
      }
    },
    {
      "type": "Feature",
      "geometry": {
        "type": "Point",
        "coordinates": [
          -76.00207,
          -9.29601
        ]
      },
      "properties": {
        "codigo": "47270400",
        "codigo_ant": "",
        "nombre": "TINGO MARIA",
        "departamento": "",
        "provincia": "",
        "altitud": "",
        "pais": "Perú",
        "estado": "AUTOMATICA",
        "tipo_est": "H",
        "categoria": "EHMA",
        "fuente": "SENAMHI Perú oficial"
      }
    },
    {
      "type": "Feature",
      "geometry": {
        "type": "Point",
        "coordinates": [
          -75.9825,
          -9.34694
        ]
      },
      "properties": {
        "codigo": "472D1624",
        "codigo_ant": "",
        "nombre": "PUENTE PEREZ",
        "departamento": "",
        "provincia": "",
        "altitud": "",
        "pais": "Perú",
        "estado": "AUTOMATICA",
        "tipo_est": "H",
        "categoria": "EHA",
        "fuente": "SENAMHI Perú oficial"
      }
    },
    {
      "type": "Feature",
      "geometry": {
        "type": "Point",
        "coordinates": [
          -74.96376,
          -9.3851
        ]
      },
      "properties": {
        "codigo": "4727A4F8",
        "codigo_ant": "",
        "nombre": "PUERTO INCA",
        "departamento": "",
        "provincia": "",
        "altitud": "",
        "pais": "Perú",
        "estado": "AUTOMATICA",
        "tipo_est": "M",
        "categoria": "EAMA",
        "fuente": "SENAMHI Perú oficial"
      }
    },
    {
      "type": "Feature",
      "geometry": {
        "type": "Point",
        "coordinates": [
          -76.63119,
          -10.07819
        ]
      },
      "properties": {
        "codigo": "110140",
        "codigo_ant": "",
        "nombre": "JESUS DE LAURICOCHA",
        "departamento": "",
        "provincia": "",
        "altitud": "",
        "pais": "Perú",
        "estado": "AUTOMATICA",
        "tipo_est": "M",
        "categoria": "EMA",
        "fuente": "SENAMHI Perú oficial"
      }
    },
    {
      "type": "Feature",
      "geometry": {
        "type": "Point",
        "coordinates": [
          -76.5909,
          -9.87895
        ]
      },
      "properties": {
        "codigo": "109094",
        "codigo_ant": "",
        "nombre": "PUCA PUCA",
        "departamento": "",
        "provincia": "",
        "altitud": "",
        "pais": "Perú",
        "estado": "AUTOMATICA",
        "tipo_est": "M",
        "categoria": "EAMA",
        "fuente": "SENAMHI Perú oficial"
      }
    },
    {
      "type": "Feature",
      "geometry": {
        "type": "Point",
        "coordinates": [
          -75.50129,
          -13.80857
        ]
      },
      "properties": {
        "codigo": "213507",
        "codigo_ant": "",
        "nombre": "RAMADILLAS",
        "departamento": "",
        "provincia": "",
        "altitud": "",
        "pais": "Perú",
        "estado": "AUTOMATICA",
        "tipo_est": "H",
        "categoria": "EHA",
        "fuente": "SENAMHI Perú oficial"
      }
    },
    {
      "type": "Feature",
      "geometry": {
        "type": "Point",
        "coordinates": [
          -75.66696,
          -13.9102
        ]
      },
      "properties": {
        "codigo": "213506",
        "codigo_ant": "",
        "nombre": "LOS MOLINOS",
        "departamento": "",
        "provincia": "",
        "altitud": "",
        "pais": "Perú",
        "estado": "AUTOMATICA",
        "tipo_est": "H",
        "categoria": "EHA",
        "fuente": "SENAMHI Perú oficial"
      }
    },
    {
      "type": "Feature",
      "geometry": {
        "type": "Point",
        "coordinates": [
          -75.58944,
          -13.84386
        ]
      },
      "properties": {
        "codigo": "213503",
        "codigo_ant": "",
        "nombre": "HUAMANI EL TAMBO",
        "departamento": "",
        "provincia": "",
        "altitud": "",
        "pais": "Perú",
        "estado": "AUTOMATICA",
        "tipo_est": "H",
        "categoria": "EHMA",
        "fuente": "SENAMHI Perú oficial"
      }
    },
    {
      "type": "Feature",
      "geometry": {
        "type": "Point",
        "coordinates": [
          -75.67022,
          -14.23739
        ]
      },
      "properties": {
        "codigo": "472A446C",
        "codigo_ant": "",
        "nombre": "BETA SANTIAGO",
        "departamento": "",
        "provincia": "",
        "altitud": "",
        "pais": "Perú",
        "estado": "AUTOMATICA",
        "tipo_est": "M",
        "categoria": "EMA",
        "fuente": "SENAMHI Perú oficial"
      }
    },
    {
      "type": "Feature",
      "geometry": {
        "type": "Point",
        "coordinates": [
          -75.97517,
          -13.43936
        ]
      },
      "properties": {
        "codigo": "4728A26A",
        "codigo_ant": "",
        "nombre": "CONTA M",
        "departamento": "",
        "provincia": "",
        "altitud": "",
        "pais": "Perú",
        "estado": "AUTOMATICA",
        "tipo_est": "M",
        "categoria": "EMA",
        "fuente": "SENAMHI Perú oficial"
      }
    },
    {
      "type": "Feature",
      "geometry": {
        "type": "Point",
        "coordinates": [
          -76.15167,
          -13.45944
        ]
      },
      "properties": {
        "codigo": "4728B11C",
        "codigo_ant": "",
        "nombre": "FONAGRO",
        "departamento": "",
        "provincia": "",
        "altitud": "",
        "pais": "Perú",
        "estado": "AUTOMATICA",
        "tipo_est": "M",
        "categoria": "EAMA",
        "fuente": "SENAMHI Perú oficial"
      }
    },
    {
      "type": "Feature",
      "geometry": {
        "type": "Point",
        "coordinates": [
          -75.64806,
          -13.04889
        ]
      },
      "properties": {
        "codigo": "4728E160",
        "codigo_ant": "",
        "nombre": "SAN PEDRO DE HUACARPANA",
        "departamento": "",
        "provincia": "",
        "altitud": "",
        "pais": "Perú",
        "estado": "AUTOMATICA",
        "tipo_est": "M",
        "categoria": "EMA",
        "fuente": "SENAMHI Perú oficial"
      }
    },
    {
      "type": "Feature",
      "geometry": {
        "type": "Point",
        "coordinates": [
          -74.95588,
          -14.63201
        ]
      },
      "properties": {
        "codigo": "47283708",
        "codigo_ant": "",
        "nombre": "HUALLPOCA",
        "departamento": "",
        "provincia": "",
        "altitud": "",
        "pais": "Perú",
        "estado": "AUTOMATICA",
        "tipo_est": "M",
        "categoria": "EHMA",
        "fuente": "SENAMHI Perú oficial"
      }
    },
    {
      "type": "Feature",
      "geometry": {
        "type": "Point",
        "coordinates": [
          -74.89056,
          -14.975
        ]
      },
      "properties": {
        "codigo": "114139",
        "codigo_ant": "",
        "nombre": "COPARA",
        "departamento": "",
        "provincia": "",
        "altitud": "",
        "pais": "Perú",
        "estado": "AUTOMATICA",
        "tipo_est": "M",
        "categoria": "EMA",
        "fuente": "SENAMHI Perú oficial"
      }
    },
    {
      "type": "Feature",
      "geometry": {
        "type": "Point",
        "coordinates": [
          -75.18921,
          -14.54935
        ]
      },
      "properties": {
        "codigo": "114136",
        "codigo_ant": "",
        "nombre": "PALPA",
        "departamento": "",
        "provincia": "",
        "altitud": "",
        "pais": "Perú",
        "estado": "AUTOMATICA",
        "tipo_est": "M",
        "categoria": "PE",
        "fuente": "SENAMHI Perú oficial"
      }
    },
    {
      "type": "Feature",
      "geometry": {
        "type": "Point",
        "coordinates": [
          -71.09062,
          -15.84266
        ]
      },
      "properties": {
        "codigo": "47E3834A",
        "codigo_ant": "",
        "nombre": "IMATA",
        "departamento": "",
        "provincia": "",
        "altitud": "",
        "pais": "Perú",
        "estado": "AUTOMATICA",
        "tipo_est": "M",
        "categoria": "EMA",
        "fuente": "SENAMHI Perú oficial"
      }
    },
    {
      "type": "Feature",
      "geometry": {
        "type": "Point",
        "coordinates": [
          -71.21333,
          -15.97861
        ]
      },
      "properties": {
        "codigo": "47E373CE",
        "codigo_ant": "",
        "nombre": "PILLONES",
        "departamento": "",
        "provincia": "",
        "altitud": "",
        "pais": "Perú",
        "estado": "AUTOMATICA",
        "tipo_est": "M",
        "categoria": "EMA",
        "fuente": "SENAMHI Perú oficial"
      }
    },
    {
      "type": "Feature",
      "geometry": {
        "type": "Point",
        "coordinates": [
          -71.11667,
          -15.81667
        ]
      },
      "properties": {
        "codigo": "472ED434",
        "codigo_ant": "",
        "nombre": "SUMBAY",
        "departamento": "",
        "provincia": "",
        "altitud": "",
        "pais": "Perú",
        "estado": "AUTOMATICA",
        "tipo_est": "H",
        "categoria": "EHA",
        "fuente": "SENAMHI Perú oficial"
      }
    },
    {
      "type": "Feature",
      "geometry": {
        "type": "Point",
        "coordinates": [
          -71.4638,
          -15.49422
        ]
      },
      "properties": {
        "codigo": "47265686",
        "codigo_ant": "",
        "nombre": "SIBAYO",
        "departamento": "",
        "provincia": "",
        "altitud": "",
        "pais": "Perú",
        "estado": "AUTOMATICA",
        "tipo_est": "H",
        "categoria": "EHA",
        "fuente": "SENAMHI Perú oficial"
      }
    },
    {
      "type": "Feature",
      "geometry": {
        "type": "Point",
        "coordinates": [
          -71.38955,
          -15.21331
        ]
      },
      "properties": {
        "codigo": "47E8A60E",
        "codigo_ant": "",
        "nombre": "COTACOTA",
        "departamento": "",
        "provincia": "",
        "altitud": "",
        "pais": "Perú",
        "estado": "AUTOMATICA",
        "tipo_est": "M",
        "categoria": "EMA",
        "fuente": "SENAMHI Perú oficial"
      }
    },
    {
      "type": "Feature",
      "geometry": {
        "type": "Point",
        "coordinates": [
          -71.9787,
          -14.7228
        ]
      },
      "properties": {
        "codigo": "114119",
        "codigo_ant": "",
        "nombre": "VISCA VISCA",
        "departamento": "",
        "provincia": "",
        "altitud": "",
        "pais": "Perú",
        "estado": "AUTOMATICA",
        "tipo_est": "M",
        "categoria": "EMA",
        "fuente": "SENAMHI Perú oficial"
      }
    },
    {
      "type": "Feature",
      "geometry": {
        "type": "Point",
        "coordinates": [
          -72.61056,
          -15.53597
        ]
      },
      "properties": {
        "codigo": "115150",
        "codigo_ant": "",
        "nombre": "COROPUNA",
        "departamento": "",
        "provincia": "",
        "altitud": "",
        "pais": "Perú",
        "estado": "AUTOMATICA",
        "tipo_est": "M",
        "categoria": "EMA",
        "fuente": "SENAMHI Perú oficial"
      }
    },
    {
      "type": "Feature",
      "geometry": {
        "type": "Point",
        "coordinates": [
          -72.93564,
          -15.21794
        ]
      },
      "properties": {
        "codigo": "115151",
        "codigo_ant": "",
        "nombre": "CUYAU",
        "departamento": "",
        "provincia": "",
        "altitud": "",
        "pais": "Perú",
        "estado": "AUTOMATICA",
        "tipo_est": "H",
        "categoria": "EHA",
        "fuente": "SENAMHI Perú oficial"
      }
    },
    {
      "type": "Feature",
      "geometry": {
        "type": "Point",
        "coordinates": [
          -72.89331,
          -15.21134
        ]
      },
      "properties": {
        "codigo": "47280292",
        "codigo_ant": "",
        "nombre": "COTAHUASI",
        "departamento": "",
        "provincia": "",
        "altitud": "",
        "pais": "Perú",
        "estado": "AUTOMATICA",
        "tipo_est": "M",
        "categoria": "EAMA",
        "fuente": "SENAMHI Perú oficial"
      }
    },
    {
      "type": "Feature",
      "geometry": {
        "type": "Point",
        "coordinates": [
          -74.19889,
          -13.56184
        ]
      },
      "properties": {
        "codigo": "4729D600",
        "codigo_ant": "",
        "nombre": "PAMPA CANGALLO",
        "departamento": "",
        "provincia": "",
        "altitud": "",
        "pais": "Perú",
        "estado": "AUTOMATICA",
        "tipo_est": "M",
        "categoria": "EMA",
        "fuente": "SENAMHI Perú oficial"
      }
    },
    {
      "type": "Feature",
      "geometry": {
        "type": "Point",
        "coordinates": [
          -74.7993,
          -13.4383
        ]
      },
      "properties": {
        "codigo": "113248",
        "codigo_ant": "",
        "nombre": "SANTA CRUZ DE HOSPICIO",
        "departamento": "",
        "provincia": "",
        "altitud": "",
        "pais": "Perú",
        "estado": "AUTOMATICA",
        "tipo_est": "M",
        "categoria": "EAMA",
        "fuente": "SENAMHI Perú oficial"
      }
    },
    {
      "type": "Feature",
      "geometry": {
        "type": "Point",
        "coordinates": [
          -74.94583,
          -14.12861
        ]
      },
      "properties": {
        "codigo": "47290068",
        "codigo_ant": "",
        "nombre": "HUAC-HUAS",
        "departamento": "",
        "provincia": "",
        "altitud": "",
        "pais": "Perú",
        "estado": "AUTOMATICA",
        "tipo_est": "M",
        "categoria": "EMA",
        "fuente": "SENAMHI Perú oficial"
      }
    },
    {
      "type": "Feature",
      "geometry": {
        "type": "Point",
        "coordinates": [
          -74.2642,
          -14.5423
        ]
      },
      "properties": {
        "codigo": "114122",
        "codigo_ant": "",
        "nombre": "CCONTACC",
        "departamento": "",
        "provincia": "",
        "altitud": "",
        "pais": "Perú",
        "estado": "AUTOMATICA",
        "tipo_est": "M",
        "categoria": "EMA",
        "fuente": "SENAMHI Perú oficial"
      }
    },
    {
      "type": "Feature",
      "geometry": {
        "type": "Point",
        "coordinates": [
          -74.40361,
          -14.66917
        ]
      },
      "properties": {
        "codigo": "114127",
        "codigo_ant": "",
        "nombre": "PAMPA GALERAS",
        "departamento": "",
        "provincia": "",
        "altitud": "",
        "pais": "Perú",
        "estado": "AUTOMATICA",
        "tipo_est": "M",
        "categoria": "EMA",
        "fuente": "SENAMHI Perú oficial"
      }
    },
    {
      "type": "Feature",
      "geometry": {
        "type": "Point",
        "coordinates": [
          -73.5558,
          -14.564
        ]
      },
      "properties": {
        "codigo": "114121",
        "codigo_ant": "",
        "nombre": "HURAY HUMA",
        "departamento": "",
        "provincia": "",
        "altitud": "",
        "pais": "Perú",
        "estado": "AUTOMATICA",
        "tipo_est": "M",
        "categoria": "EMA",
        "fuente": "SENAMHI Perú oficial"
      }
    },
    {
      "type": "Feature",
      "geometry": {
        "type": "Point",
        "coordinates": [
          -73.34083,
          -15.275
        ]
      },
      "properties": {
        "codigo": "115155",
        "codigo_ant": "",
        "nombre": "PAUZA",
        "departamento": "",
        "provincia": "",
        "altitud": "",
        "pais": "Perú",
        "estado": "AUTOMATICA",
        "tipo_est": "M",
        "categoria": "PE",
        "fuente": "SENAMHI Perú oficial"
      }
    },
    {
      "type": "Feature",
      "geometry": {
        "type": "Point",
        "coordinates": [
          -73.63833,
          -14.04361
        ]
      },
      "properties": {
        "codigo": "4725B27A",
        "codigo_ant": "",
        "nombre": "PAUCARAY",
        "departamento": "",
        "provincia": "",
        "altitud": "",
        "pais": "Perú",
        "estado": "AUTOMATICA",
        "tipo_est": "M",
        "categoria": "EAMA",
        "fuente": "SENAMHI Perú oficial"
      }
    },
    {
      "type": "Feature",
      "geometry": {
        "type": "Point",
        "coordinates": [
          -78.49307,
          -7.16747
        ]
      },
      "properties": {
        "codigo": "472645F0",
        "codigo_ant": "",
        "nombre": "UNC CAJAMARCA",
        "departamento": "",
        "provincia": "",
        "altitud": "",
        "pais": "Perú",
        "estado": "AUTOMATICA",
        "tipo_est": "M",
        "categoria": "EMA",
        "fuente": "SENAMHI Perú oficial"
      }
    },
    {
      "type": "Feature",
      "geometry": {
        "type": "Point",
        "coordinates": [
          -78.05111,
          -7.62167
        ]
      },
      "properties": {
        "codigo": "4729F0EC",
        "codigo_ant": "",
        "nombre": "CAJABAMBA",
        "departamento": "",
        "provincia": "",
        "altitud": "",
        "pais": "Perú",
        "estado": "AUTOMATICA",
        "tipo_est": "M",
        "categoria": "EMA",
        "fuente": "SENAMHI Perú oficial"
      }
    },
    {
      "type": "Feature",
      "geometry": {
        "type": "Point",
        "coordinates": [
          -78.1131,
          -7.4639
        ]
      },
      "properties": {
        "codigo": "472A32FC",
        "codigo_ant": "",
        "nombre": "CRISNEJAS",
        "departamento": "",
        "provincia": "",
        "altitud": "",
        "pais": "Perú",
        "estado": "AUTOMATICA",
        "tipo_est": "H",
        "categoria": "EHA",
        "fuente": "SENAMHI Perú oficial"
      }
    },
    {
      "type": "Feature",
      "geometry": {
        "type": "Point",
        "coordinates": [
          -78.14487,
          -6.85303
        ]
      },
      "properties": {
        "codigo": "4726631C",
        "codigo_ant": "",
        "nombre": "CELENDIN",
        "departamento": "",
        "provincia": "",
        "altitud": "",
        "pais": "Perú",
        "estado": "AUTOMATICA",
        "tipo_est": "M",
        "categoria": "EMA",
        "fuente": "SENAMHI Perú oficial"
      }
    },
    {
      "type": "Feature",
      "geometry": {
        "type": "Point",
        "coordinates": [
          -78.03025,
          -6.84461
        ]
      },
      "properties": {
        "codigo": "472501F4",
        "codigo_ant": "",
        "nombre": "BALSAS",
        "departamento": "",
        "provincia": "",
        "altitud": "",
        "pais": "Perú",
        "estado": "AUTOMATICA",
        "tipo_est": "H",
        "categoria": "EHMA",
        "fuente": "SENAMHI Perú oficial"
      }
    },
    {
      "type": "Feature",
      "geometry": {
        "type": "Point",
        "coordinates": [
          -78.67588,
          -6.55405
        ]
      },
      "properties": {
        "codigo": "4726C3E4",
        "codigo_ant": "",
        "nombre": "CHOTA",
        "departamento": "",
        "provincia": "",
        "altitud": "",
        "pais": "Perú",
        "estado": "AUTOMATICA",
        "tipo_est": "M",
        "categoria": "EMA",
        "fuente": "SENAMHI Perú oficial"
      }
    },
    {
      "type": "Feature",
      "geometry": {
        "type": "Point",
        "coordinates": [
          -78.96319,
          -6.45364
        ]
      },
      "properties": {
        "codigo": "47E94706",
        "codigo_ant": "",
        "nombre": "HUAMBOS",
        "departamento": "",
        "provincia": "",
        "altitud": "",
        "pais": "Perú",
        "estado": "AUTOMATICA",
        "tipo_est": "M",
        "categoria": "EMA",
        "fuente": "SENAMHI Perú oficial"
      }
    },
    {
      "type": "Feature",
      "geometry": {
        "type": "Point",
        "coordinates": [
          -79.27136,
          -6.61515
        ]
      },
      "properties": {
        "codigo": "47E1D6C2",
        "codigo_ant": "",
        "nombre": "PUENTE SAN CARLOS",
        "departamento": "",
        "provincia": "",
        "altitud": "",
        "pais": "Perú",
        "estado": "AUTOMATICA",
        "tipo_est": "H",
        "categoria": "EHMA",
        "fuente": "SENAMHI Perú oficial"
      }
    },
    {
      "type": "Feature",
      "geometry": {
        "type": "Point",
        "coordinates": [
          -79.22406,
          -6.47998
        ]
      },
      "properties": {
        "codigo": "47E35522",
        "codigo_ant": "",
        "nombre": "LA MUCHALA",
        "departamento": "",
        "provincia": "",
        "altitud": "",
        "pais": "Perú",
        "estado": "AUTOMATICA",
        "tipo_est": "M",
        "categoria": "EMA",
        "fuente": "SENAMHI Perú oficial"
      }
    },
    {
      "type": "Feature",
      "geometry": {
        "type": "Point",
        "coordinates": [
          -78.72682,
          -7.38407
        ]
      },
      "properties": {
        "codigo": "472C92CA",
        "codigo_ant": "",
        "nombre": "CASCABAMBA",
        "departamento": "",
        "provincia": "",
        "altitud": "",
        "pais": "Perú",
        "estado": "AUTOMATICA",
        "tipo_est": "M",
        "categoria": "EMA",
        "fuente": "SENAMHI Perú oficial"
      }
    },
    {
      "type": "Feature",
      "geometry": {
        "type": "Point",
        "coordinates": [
          -78.83798,
          -7.21968
        ]
      },
      "properties": {
        "codigo": "4727470A",
        "codigo_ant": "",
        "nombre": "PUENTE CHILETE",
        "departamento": "",
        "provincia": "",
        "altitud": "",
        "pais": "Perú",
        "estado": "AUTOMATICA",
        "tipo_est": "H",
        "categoria": "EHMA",
        "fuente": "SENAMHI Perú oficial"
      }
    },
    {
      "type": "Feature",
      "geometry": {
        "type": "Point",
        "coordinates": [
          -78.9033,
          -7.38133
        ]
      },
      "properties": {
        "codigo": "472C81BC",
        "codigo_ant": "",
        "nombre": "GUZMANGO",
        "departamento": "",
        "provincia": "",
        "altitud": "",
        "pais": "Perú",
        "estado": "AUTOMATICA",
        "tipo_est": "M",
        "categoria": "EMA",
        "fuente": "SENAMHI Perú oficial"
      }
    },
    {
      "type": "Feature",
      "geometry": {
        "type": "Point",
        "coordinates": [
          -77.7763,
          -9.0309
        ]
      },
      "properties": {
        "codigo": "109091",
        "codigo_ant": "",
        "nombre": "SAUCEPAMPA",
        "departamento": "",
        "provincia": "",
        "altitud": "",
        "pais": "Perú",
        "estado": "AUTOMATICA",
        "tipo_est": "M",
        "categoria": "EMA",
        "fuente": "SENAMHI Perú oficial"
      }
    },
    {
      "type": "Feature",
      "geometry": {
        "type": "Point",
        "coordinates": [
          -77.34388,
          -10.60597
        ]
      },
      "properties": {
        "codigo": "472182DA",
        "codigo_ant": "",
        "nombre": "PUENTE CAHUA",
        "departamento": "",
        "provincia": "",
        "altitud": "",
        "pais": "Perú",
        "estado": "AUTOMATICA",
        "tipo_est": "H",
        "categoria": "EHA",
        "fuente": "SENAMHI Perú oficial"
      }
    },
    {
      "type": "Feature",
      "geometry": {
        "type": "Point",
        "coordinates": [
          -77.45365,
          -9.72919
        ]
      },
      "properties": {
        "codigo": "47259496",
        "codigo_ant": "",
        "nombre": "RECUAY",
        "departamento": "",
        "provincia": "",
        "altitud": "",
        "pais": "Perú",
        "estado": "AUTOMATICA",
        "tipo_est": "M",
        "categoria": "EMA",
        "fuente": "SENAMHI Perú oficial"
      }
    },
    {
      "type": "Feature",
      "geometry": {
        "type": "Point",
        "coordinates": [
          -77.40607,
          -9.85243
        ]
      },
      "properties": {
        "codigo": "47E89394",
        "codigo_ant": "",
        "nombre": "PACHACOTO",
        "departamento": "",
        "provincia": "",
        "altitud": "",
        "pais": "Perú",
        "estado": "AUTOMATICA",
        "tipo_est": "M",
        "categoria": "EMA",
        "fuente": "SENAMHI Perú oficial"
      }
    },
    {
      "type": "Feature",
      "geometry": {
        "type": "Point",
        "coordinates": [
          -77.52504,
          -10.07116
        ]
      },
      "properties": {
        "codigo": "110138",
        "codigo_ant": "",
        "nombre": "SHAQUEK",
        "departamento": "",
        "provincia": "",
        "altitud": "",
        "pais": "Perú",
        "estado": "AUTOMATICA",
        "tipo_est": "M",
        "categoria": "EMA",
        "fuente": "SENAMHI Perú oficial"
      }
    },
    {
      "type": "Feature",
      "geometry": {
        "type": "Point",
        "coordinates": [
          -78.4894,
          -5.45096
        ]
      },
      "properties": {
        "codigo": "472B55E0",
        "codigo_ant": "",
        "nombre": "PUENTE SALINAS AMOJAO",
        "departamento": "",
        "provincia": "",
        "altitud": "",
        "pais": "Perú",
        "estado": "AUTOMATICA",
        "tipo_est": "H",
        "categoria": "EHA",
        "fuente": "SENAMHI Perú oficial"
      }
    },
    {
      "type": "Feature",
      "geometry": {
        "type": "Point",
        "coordinates": [
          -78.69208,
          -5.75461
        ]
      },
      "properties": {
        "codigo": "472B607A",
        "codigo_ant": "",
        "nombre": "CORRAL QUEMADO",
        "departamento": "",
        "provincia": "",
        "altitud": "",
        "pais": "Perú",
        "estado": "AUTOMATICA",
        "tipo_est": "H",
        "categoria": "EHA",
        "fuente": "SENAMHI Perú oficial"
      }
    },
    {
      "type": "Feature",
      "geometry": {
        "type": "Point",
        "coordinates": [
          -78.18876,
          -5.88987
        ]
      },
      "properties": {
        "codigo": "472B2370",
        "codigo_ant": "",
        "nombre": "MAGUNCHAL",
        "departamento": "",
        "provincia": "",
        "altitud": "",
        "pais": "Perú",
        "estado": "AUTOMATICA",
        "tipo_est": "H",
        "categoria": "EHA",
        "fuente": "SENAMHI Perú oficial"
      }
    },
    {
      "type": "Feature",
      "geometry": {
        "type": "Point",
        "coordinates": [
          -78.27598,
          -5.81968
        ]
      },
      "properties": {
        "codigo": "220907",
        "codigo_ant": "",
        "nombre": "NARANJITO",
        "departamento": "",
        "provincia": "",
        "altitud": "",
        "pais": "Perú",
        "estado": "AUTOMATICA",
        "tipo_est": "H",
        "categoria": "EHA",
        "fuente": "SENAMHI Perú oficial"
      }
    },
    {
      "type": "Feature",
      "geometry": {
        "type": "Point",
        "coordinates": [
          -78.20828,
          -9.43372
        ]
      },
      "properties": {
        "codigo": "109096",
        "codigo_ant": "",
        "nombre": "BUENA VISTA",
        "departamento": "",
        "provincia": "",
        "altitud": "",
        "pais": "Perú",
        "estado": "AUTOMATICA",
        "tipo_est": "M",
        "categoria": "EMA",
        "fuente": "SENAMHI Perú oficial"
      }
    },
    {
      "type": "Feature",
      "geometry": {
        "type": "Point",
        "coordinates": [
          -77.17529,
          -9.58598
        ]
      },
      "properties": {
        "codigo": "4725A10C",
        "codigo_ant": "",
        "nombre": "CHAVIN",
        "departamento": "",
        "provincia": "",
        "altitud": "",
        "pais": "Perú",
        "estado": "AUTOMATICA",
        "tipo_est": "M",
        "categoria": "EAMA",
        "fuente": "SENAMHI Perú oficial"
      }
    },
    {
      "type": "Feature",
      "geometry": {
        "type": "Point",
        "coordinates": [
          -78.26172,
          -8.65793
        ]
      },
      "properties": {
        "codigo": "211408",
        "codigo_ant": "",
        "nombre": "CONDORCERRO",
        "departamento": "",
        "provincia": "",
        "altitud": "",
        "pais": "Perú",
        "estado": "AUTOMATICA",
        "tipo_est": "H",
        "categoria": "EHA",
        "fuente": "SENAMHI Perú oficial"
      }
    },
    {
      "type": "Feature",
      "geometry": {
        "type": "Point",
        "coordinates": [
          -78.2023,
          -9.141
        ]
      },
      "properties": {
        "codigo": "211601",
        "codigo_ant": "",
        "nombre": "SAN JACINTO",
        "departamento": "",
        "provincia": "",
        "altitud": "",
        "pais": "Perú",
        "estado": "AUTOMATICA",
        "tipo_est": "H",
        "categoria": "EHA",
        "fuente": "SENAMHI Perú oficial"
      }
    },
    {
      "type": "Feature",
      "geometry": {
        "type": "Point",
        "coordinates": [
          -72.7349,
          -13.5526
        ]
      },
      "properties": {
        "codigo": "113253",
        "codigo_ant": "",
        "nombre": "CURAHUASI",
        "departamento": "",
        "provincia": "",
        "altitud": "",
        "pais": "Perú",
        "estado": "AUTOMATICA",
        "tipo_est": "M",
        "categoria": "EMA",
        "fuente": "SENAMHI Perú oficial"
      }
    },
    {
      "type": "Feature",
      "geometry": {
        "type": "Point",
        "coordinates": [
          -72.85693,
          -13.60492
        ]
      },
      "properties": {
        "codigo": "47263360",
        "codigo_ant": "",
        "nombre": "GRANJA SAN ANTONIO",
        "departamento": "",
        "provincia": "",
        "altitud": "",
        "pais": "Perú",
        "estado": "AUTOMATICA",
        "tipo_est": "M",
        "categoria": "EAMA",
        "fuente": "SENAMHI Perú oficial"
      }
    },
    {
      "type": "Feature",
      "geometry": {
        "type": "Point",
        "coordinates": [
          -72.57275,
          -14.65289
        ]
      },
      "properties": {
        "codigo": "472B16EA",
        "codigo_ant": "",
        "nombre": "HUACULLO",
        "departamento": "",
        "provincia": "",
        "altitud": "",
        "pais": "Perú",
        "estado": "AUTOMATICA",
        "tipo_est": "M",
        "categoria": "EMA",
        "fuente": "SENAMHI Perú oficial"
      }
    },
    {
      "type": "Feature",
      "geometry": {
        "type": "Point",
        "coordinates": [
          -72.29832,
          -13.98923
        ]
      },
      "properties": {
        "codigo": "472A1410",
        "codigo_ant": "",
        "nombre": "CASACCANCHA",
        "departamento": "",
        "provincia": "",
        "altitud": "",
        "pais": "Perú",
        "estado": "AUTOMATICA",
        "tipo_est": "M",
        "categoria": "EMA",
        "fuente": "SENAMHI Perú oficial"
      }
    },
    {
      "type": "Feature",
      "geometry": {
        "type": "Point",
        "coordinates": [
          -73.82737,
          -13.43493
        ]
      },
      "properties": {
        "codigo": "250900",
        "codigo_ant": "",
        "nombre": "PUENTE PAMPAS GORE APU",
        "departamento": "",
        "provincia": "",
        "altitud": "",
        "pais": "Perú",
        "estado": "AUTOMATICA",
        "tipo_est": "H",
        "categoria": "EHA",
        "fuente": "SENAMHI Perú oficial"
      }
    },
    {
      "type": "Feature",
      "geometry": {
        "type": "Point",
        "coordinates": [
          -73.69004,
          -13.63523
        ]
      },
      "properties": {
        "codigo": "113246",
        "codigo_ant": "",
        "nombre": "TANCAYLLO",
        "departamento": "",
        "provincia": "",
        "altitud": "",
        "pais": "Perú",
        "estado": "AUTOMATICA",
        "tipo_est": "M",
        "categoria": "EMA",
        "fuente": "SENAMHI Perú oficial"
      }
    },
    {
      "type": "Feature",
      "geometry": {
        "type": "Point",
        "coordinates": [
          -71.55155,
          -16.4042
        ]
      },
      "properties": {
        "codigo": "116085",
        "codigo_ant": "",
        "nombre": "AREQUIPA UV",
        "departamento": "",
        "provincia": "",
        "altitud": "",
        "pais": "Perú",
        "estado": "AUTOMATICA",
        "tipo_est": "M",
        "categoria": "EMA",
        "fuente": "SENAMHI Perú oficial"
      }
    },
    {
      "type": "Feature",
      "geometry": {
        "type": "Point",
        "coordinates": [
          -71.53452,
          -16.41384
        ]
      },
      "properties": {
        "codigo": "116065",
        "codigo_ant": "",
        "nombre": "LA PAMPILLA",
        "departamento": "",
        "provincia": "",
        "altitud": "",
        "pais": "Perú",
        "estado": "AUTOMATICA",
        "tipo_est": "M",
        "categoria": "EMA",
        "fuente": "SENAMHI Perú oficial"
      }
    },
    {
      "type": "Feature",
      "geometry": {
        "type": "Point",
        "coordinates": [
          -71.5,
          -16.3648
        ]
      },
      "properties": {
        "codigo": "116087",
        "codigo_ant": "",
        "nombre": "BELLA ESPERANZA",
        "departamento": "",
        "provincia": "",
        "altitud": "",
        "pais": "Perú",
        "estado": "AUTOMATICA",
        "tipo_est": "M",
        "categoria": "EMA",
        "fuente": "SENAMHI Perú oficial"
      }
    },
    {
      "type": "Feature",
      "geometry": {
        "type": "Point",
        "coordinates": [
          -71.57919,
          -16.31689
        ]
      },
      "properties": {
        "codigo": "116083",
        "codigo_ant": "",
        "nombre": "CAYMA",
        "departamento": "",
        "provincia": "",
        "altitud": "",
        "pais": "Perú",
        "estado": "AUTOMATICA",
        "tipo_est": "M",
        "categoria": "PLU",
        "fuente": "SENAMHI Perú oficial"
      }
    },
    {
      "type": "Feature",
      "geometry": {
        "type": "Point",
        "coordinates": [
          -71.49511,
          -16.31086
        ]
      },
      "properties": {
        "codigo": "472147C4",
        "codigo_ant": "",
        "nombre": "CHARCANI",
        "departamento": "",
        "provincia": "",
        "altitud": "",
        "pais": "Perú",
        "estado": "AUTOMATICA",
        "tipo_est": "H",
        "categoria": "EHA",
        "fuente": "SENAMHI Perú oficial"
      }
    },
    {
      "type": "Feature",
      "geometry": {
        "type": "Point",
        "coordinates": [
          -71.40914,
          -16.40645
        ]
      },
      "properties": {
        "codigo": "116077",
        "codigo_ant": "",
        "nombre": "CHIGUATA",
        "departamento": "",
        "provincia": "",
        "altitud": "",
        "pais": "Perú",
        "estado": "AUTOMATICA",
        "tipo_est": "M",
        "categoria": "PLU",
        "fuente": "SENAMHI Perú oficial"
      }
    },
    {
      "type": "Feature",
      "geometry": {
        "type": "Point",
        "coordinates": [
          -71.56635,
          -16.45774
        ]
      },
      "properties": {
        "codigo": "116079",
        "codigo_ant": "",
        "nombre": "HUASACACHE",
        "departamento": "",
        "provincia": "",
        "altitud": "",
        "pais": "Perú",
        "estado": "AUTOMATICA",
        "tipo_est": "M",
        "categoria": "EMA",
        "fuente": "SENAMHI Perú oficial"
      }
    },
    {
      "type": "Feature",
      "geometry": {
        "type": "Point",
        "coordinates": [
          -71.57431,
          -16.45992
        ]
      },
      "properties": {
        "codigo": "472EE1AE",
        "codigo_ant": "",
        "nombre": "TINGO GRANDE",
        "departamento": "",
        "provincia": "",
        "altitud": "",
        "pais": "Perú",
        "estado": "AUTOMATICA",
        "tipo_est": "H",
        "categoria": "EHA",
        "fuente": "SENAMHI Perú oficial"
      }
    },
    {
      "type": "Feature",
      "geometry": {
        "type": "Point",
        "coordinates": [
          -71.49044,
          -16.38519
        ]
      },
      "properties": {
        "codigo": "116082",
        "codigo_ant": "",
        "nombre": "SAN FRANCISCO",
        "departamento": "",
        "provincia": "",
        "altitud": "",
        "pais": "Perú",
        "estado": "AUTOMATICA",
        "tipo_est": "M",
        "categoria": "PLU",
        "fuente": "SENAMHI Perú oficial"
      }
    },
    {
      "type": "Feature",
      "geometry": {
        "type": "Point",
        "coordinates": [
          -71.33463,
          -16.48827
        ]
      },
      "properties": {
        "codigo": "116078",
        "codigo_ant": "",
        "nombre": "TUCTUMPAYA",
        "departamento": "",
        "provincia": "",
        "altitud": "",
        "pais": "Perú",
        "estado": "AUTOMATICA",
        "tipo_est": "M",
        "categoria": "PLU",
        "fuente": "SENAMHI Perú oficial"
      }
    },
    {
      "type": "Feature",
      "geometry": {
        "type": "Point",
        "coordinates": [
          -71.32836,
          -16.58103
        ]
      },
      "properties": {
        "codigo": "47E3B6D0",
        "codigo_ant": "",
        "nombre": "SAN JOSE DE UZUNA",
        "departamento": "",
        "provincia": "",
        "altitud": "",
        "pais": "Perú",
        "estado": "AUTOMATICA",
        "tipo_est": "M",
        "categoria": "EMA",
        "fuente": "SENAMHI Perú oficial"
      }
    },
    {
      "type": "Feature",
      "geometry": {
        "type": "Point",
        "coordinates": [
          -71.15212,
          -16.32064
        ]
      },
      "properties": {
        "codigo": "116086",
        "codigo_ant": "",
        "nombre": "LAS SALINAS",
        "departamento": "",
        "provincia": "",
        "altitud": "",
        "pais": "Perú",
        "estado": "AUTOMATICA",
        "tipo_est": "M",
        "categoria": "EMA",
        "fuente": "SENAMHI Perú oficial"
      }
    },
    {
      "type": "Feature",
      "geometry": {
        "type": "Point",
        "coordinates": [
          -71.67507,
          -16.42665
        ]
      },
      "properties": {
        "codigo": "4722E032",
        "codigo_ant": "",
        "nombre": "PUENTE DEL DIABLO",
        "departamento": "",
        "provincia": "",
        "altitud": "",
        "pais": "Perú",
        "estado": "AUTOMATICA",
        "tipo_est": "H",
        "categoria": "EHA",
        "fuente": "SENAMHI Perú oficial"
      }
    },
    {
      "type": "Feature",
      "geometry": {
        "type": "Point",
        "coordinates": [
          -72.00886,
          -16.58989
        ]
      },
      "properties": {
        "codigo": "47E26242",
        "codigo_ant": "",
        "nombre": "BOYADERO",
        "departamento": "",
        "provincia": "",
        "altitud": "",
        "pais": "Perú",
        "estado": "AUTOMATICA",
        "tipo_est": "H",
        "categoria": "EHA",
        "fuente": "SENAMHI Perú oficial"
      }
    },
    {
      "type": "Feature",
      "geometry": {
        "type": "Point",
        "coordinates": [
          -71.41481,
          -16.05542
        ]
      },
      "properties": {
        "codigo": "47E360B8",
        "codigo_ant": "",
        "nombre": "PATAHUASI",
        "departamento": "",
        "provincia": "",
        "altitud": "",
        "pais": "Perú",
        "estado": "AUTOMATICA",
        "tipo_est": "M",
        "categoria": "EMA",
        "fuente": "SENAMHI Perú oficial"
      }
    },
    {
      "type": "Feature",
      "geometry": {
        "type": "Point",
        "coordinates": [
          -71.62395,
          -16.30271
        ]
      },
      "properties": {
        "codigo": "116081",
        "codigo_ant": "",
        "nombre": "YURA",
        "departamento": "",
        "provincia": "",
        "altitud": "",
        "pais": "Perú",
        "estado": "AUTOMATICA",
        "tipo_est": "M",
        "categoria": "PLU",
        "fuente": "SENAMHI Perú oficial"
      }
    },
    {
      "type": "Feature",
      "geometry": {
        "type": "Point",
        "coordinates": [
          -71.72056,
          -16.25944
        ]
      },
      "properties": {
        "codigo": "47E27134",
        "codigo_ant": "",
        "nombre": "SOCOSANI",
        "departamento": "",
        "provincia": "",
        "altitud": "",
        "pais": "Perú",
        "estado": "AUTOMATICA",
        "tipo_est": "H",
        "categoria": "EHA",
        "fuente": "SENAMHI Perú oficial"
      }
    },
    {
      "type": "Feature",
      "geometry": {
        "type": "Point",
        "coordinates": [
          -72.70432,
          -16.64395
        ]
      },
      "properties": {
        "codigo": "116084",
        "codigo_ant": "",
        "nombre": "CAMANA",
        "departamento": "",
        "provincia": "",
        "altitud": "",
        "pais": "Perú",
        "estado": "AUTOMATICA",
        "tipo_est": "M",
        "categoria": "PE",
        "fuente": "SENAMHI Perú oficial"
      }
    },
    {
      "type": "Feature",
      "geometry": {
        "type": "Point",
        "coordinates": [
          -73.1145,
          -16.427
        ]
      },
      "properties": {
        "codigo": "472D23BE",
        "codigo_ant": "",
        "nombre": "OCOÑA",
        "departamento": "",
        "provincia": "",
        "altitud": "",
        "pais": "Perú",
        "estado": "AUTOMATICA",
        "tipo_est": "H",
        "categoria": "EHMA",
        "fuente": "SENAMHI Perú oficial"
      }
    },
    {
      "type": "Feature",
      "geometry": {
        "type": "Point",
        "coordinates": [
          -72.48355,
          -16.00806
        ]
      },
      "properties": {
        "codigo": "214400",
        "codigo_ant": "",
        "nombre": "HUATIAPA",
        "departamento": "",
        "provincia": "",
        "altitud": "",
        "pais": "Perú",
        "estado": "AUTOMATICA",
        "tipo_est": "H",
        "categoria": "EHA",
        "fuente": "SENAMHI Perú oficial"
      }
    },
    {
      "type": "Feature",
      "geometry": {
        "type": "Point",
        "coordinates": [
          -71.60169,
          -15.64163
        ]
      },
      "properties": {
        "codigo": "4723D752",
        "codigo_ant": "",
        "nombre": "CHIVAY",
        "departamento": "",
        "provincia": "",
        "altitud": "",
        "pais": "Perú",
        "estado": "AUTOMATICA",
        "tipo_est": "M",
        "categoria": "EAMA",
        "fuente": "SENAMHI Perú oficial"
      }
    },
    {
      "type": "Feature",
      "geometry": {
        "type": "Point",
        "coordinates": [
          -71.88108,
          -16.03458
        ]
      },
      "properties": {
        "codigo": "47E3A5A6",
        "codigo_ant": "",
        "nombre": "HUANCA",
        "departamento": "",
        "provincia": "",
        "altitud": "",
        "pais": "Perú",
        "estado": "AUTOMATICA",
        "tipo_est": "M",
        "categoria": "EMA",
        "fuente": "SENAMHI Perú oficial"
      }
    },
    {
      "type": "Feature",
      "geometry": {
        "type": "Point",
        "coordinates": [
          -77.08447,
          -12.00889
        ]
      },
      "properties": {
        "codigo": "112265",
        "codigo_ant": "",
        "nombre": "SAN MARTIN DE PORRES",
        "departamento": "",
        "provincia": "",
        "altitud": "",
        "pais": "Perú",
        "estado": "AUTOMATICA",
        "tipo_est": "M",
        "categoria": "EMA",
        "fuente": "SENAMHI Perú oficial"
      }
    },
    {
      "type": "Feature",
      "geometry": {
        "type": "Point",
        "coordinates": [
          -76.97144,
          -12.04302
        ]
      },
      "properties": {
        "codigo": "112208",
        "codigo_ant": "",
        "nombre": "SANTA ANITA",
        "departamento": "",
        "provincia": "",
        "altitud": "",
        "pais": "Perú",
        "estado": "AUTOMATICA",
        "tipo_est": "M",
        "categoria": "EMA",
        "fuente": "SENAMHI Perú oficial"
      }
    },
    {
      "type": "Feature",
      "geometry": {
        "type": "Point",
        "coordinates": [
          -77.01303,
          -12.15675
        ]
      },
      "properties": {
        "codigo": "112281",
        "codigo_ant": "",
        "nombre": "LAS PALMAS",
        "departamento": "",
        "provincia": "",
        "altitud": "",
        "pais": "Perú",
        "estado": "AUTOMATICA",
        "tipo_est": "M",
        "categoria": "EMA",
        "fuente": "SENAMHI Perú oficial"
      }
    },
    {
      "type": "Feature",
      "geometry": {
        "type": "Point",
        "coordinates": [
          -76.92,
          -12.16639
        ]
      },
      "properties": {
        "codigo": "112233",
        "codigo_ant": "",
        "nombre": "VILLA MARIA DEL TRIUNFO",
        "departamento": "",
        "provincia": "",
        "altitud": "",
        "pais": "Perú",
        "estado": "AUTOMATICA",
        "tipo_est": "M",
        "categoria": "EAA",
        "fuente": "SENAMHI Perú oficial"
      }
    },
    {
      "type": "Feature",
      "geometry": {
        "type": "Point",
        "coordinates": [
          -77.46789,
          -10.90961
        ]
      },
      "properties": {
        "codigo": "212200",
        "codigo_ant": "",
        "nombre": "CARAL LAS MINAS",
        "departamento": "",
        "provincia": "",
        "altitud": "",
        "pais": "Perú",
        "estado": "AUTOMATICA",
        "tipo_est": "H",
        "categoria": "EHA",
        "fuente": "SENAMHI Perú oficial"
      }
    },
    {
      "type": "Feature",
      "geometry": {
        "type": "Point",
        "coordinates": [
          -76.57584,
          -11.40744
        ]
      },
      "properties": {
        "codigo": "4725F170",
        "codigo_ant": "",
        "nombre": "HUAROS",
        "departamento": "",
        "provincia": "",
        "altitud": "",
        "pais": "Perú",
        "estado": "AUTOMATICA",
        "tipo_est": "M",
        "categoria": "EAMA",
        "fuente": "SENAMHI Perú oficial"
      }
    },
    {
      "type": "Feature",
      "geometry": {
        "type": "Point",
        "coordinates": [
          -76.49658,
          -12.52183
        ]
      },
      "properties": {
        "codigo": "212900",
        "codigo_ant": "",
        "nombre": "LA CAPILLA SENAMHI",
        "departamento": "",
        "provincia": "",
        "altitud": "",
        "pais": "Perú",
        "estado": "AUTOMATICA",
        "tipo_est": "H",
        "categoria": "EHA",
        "fuente": "SENAMHI Perú oficial"
      }
    },
    {
      "type": "Feature",
      "geometry": {
        "type": "Point",
        "coordinates": [
          -76.33042,
          -13.07475
        ]
      },
      "properties": {
        "codigo": "113249",
        "codigo_ant": "",
        "nombre": "CAÑETE",
        "departamento": "",
        "provincia": "",
        "altitud": "",
        "pais": "Perú",
        "estado": "AUTOMATICA",
        "tipo_est": "M",
        "categoria": "EMA",
        "fuente": "SENAMHI Perú oficial"
      }
    },
    {
      "type": "Feature",
      "geometry": {
        "type": "Point",
        "coordinates": [
          -76.1945,
          -13.02825
        ]
      },
      "properties": {
        "codigo": "472191AC",
        "codigo_ant": "",
        "nombre": "SOCSI",
        "departamento": "",
        "provincia": "",
        "altitud": "",
        "pais": "Perú",
        "estado": "AUTOMATICA",
        "tipo_est": "H",
        "categoria": "EHA",
        "fuente": "SENAMHI Perú oficial"
      }
    },
    {
      "type": "Feature",
      "geometry": {
        "type": "Point",
        "coordinates": [
          -77.02833,
          -11.37
        ]
      },
      "properties": {
        "codigo": "47E214D2",
        "codigo_ant": "",
        "nombre": "SANTO DOMINGO",
        "departamento": "",
        "provincia": "",
        "altitud": "",
        "pais": "Perú",
        "estado": "AUTOMATICA",
        "tipo_est": "H",
        "categoria": "EHMA",
        "fuente": "SENAMHI Perú oficial"
      }
    },
    {
      "type": "Feature",
      "geometry": {
        "type": "Point",
        "coordinates": [
          -76.65514,
          -11.23284
        ]
      },
      "properties": {
        "codigo": "47E34654",
        "codigo_ant": "",
        "nombre": "PIRCA",
        "departamento": "",
        "provincia": "",
        "altitud": "",
        "pais": "Perú",
        "estado": "AUTOMATICA",
        "tipo_est": "M",
        "categoria": "EMA",
        "fuente": "SENAMHI Perú oficial"
      }
    },
    {
      "type": "Feature",
      "geometry": {
        "type": "Point",
        "coordinates": [
          -76.8518,
          -11.2989
        ]
      },
      "properties": {
        "codigo": "47E22148",
        "codigo_ant": "",
        "nombre": "PUENTE CALLANTAMA",
        "departamento": "",
        "provincia": "",
        "altitud": "",
        "pais": "Perú",
        "estado": "AUTOMATICA",
        "tipo_est": "H",
        "categoria": "EHA",
        "fuente": "SENAMHI Perú oficial"
      }
    },
    {
      "type": "Feature",
      "geometry": {
        "type": "Point",
        "coordinates": [
          -72.15266,
          -16.33565
        ]
      },
      "properties": {
        "codigo": "4729E39A",
        "codigo_ant": "",
        "nombre": "PAMPA DE MAJES",
        "departamento": "",
        "provincia": "",
        "altitud": "",
        "pais": "Perú",
        "estado": "AUTOMATICA",
        "tipo_est": "M",
        "categoria": "EMA",
        "fuente": "SENAMHI Perú oficial"
      }
    },
    {
      "type": "Feature",
      "geometry": {
        "type": "Point",
        "coordinates": [
          -75.01237,
          -12.77163
        ]
      },
      "properties": {
        "codigo": "472722EC",
        "codigo_ant": "",
        "nombre": "HUANCAVELICA",
        "departamento": "",
        "provincia": "",
        "altitud": "",
        "pais": "Perú",
        "estado": "AUTOMATICA",
        "tipo_est": "M",
        "categoria": "EMA",
        "fuente": "SENAMHI Perú oficial"
      }
    },
    {
      "type": "Feature",
      "geometry": {
        "type": "Point",
        "coordinates": [
          -73.25492,
          -3.76397
        ]
      },
      "properties": {
        "codigo": "103065",
        "codigo_ant": "",
        "nombre": "AMAZONAS",
        "departamento": "",
        "provincia": "",
        "altitud": "",
        "pais": "Perú",
        "estado": "AUTOMATICA",
        "tipo_est": "M",
        "categoria": "EMA",
        "fuente": "SENAMHI Perú oficial"
      }
    },
    {
      "type": "Feature",
      "geometry": {
        "type": "Point",
        "coordinates": [
          -75.2503,
          -0.1172
        ]
      },
      "properties": {
        "codigo": "101004",
        "codigo_ant": "",
        "nombre": "GUEPPI",
        "departamento": "",
        "provincia": "",
        "altitud": "",
        "pais": "Perú",
        "estado": "AUTOMATICA",
        "tipo_est": "M",
        "categoria": "EMA",
        "fuente": "SENAMHI Perú oficial"
      }
    },
    {
      "type": "Feature",
      "geometry": {
        "type": "Point",
        "coordinates": [
          -76.62455,
          -11.13916
        ]
      },
      "properties": {
        "codigo": "47E257D8",
        "codigo_ant": "",
        "nombre": "VICHAYCOCHA",
        "departamento": "",
        "provincia": "",
        "altitud": "",
        "pais": "Perú",
        "estado": "AUTOMATICA",
        "tipo_est": "H",
        "categoria": "EHA",
        "fuente": "SENAMHI Perú oficial"
      }
    },
    {
      "type": "Feature",
      "geometry": {
        "type": "Point",
        "coordinates": [
          -76.63487,
          -11.19827
        ]
      },
      "properties": {
        "codigo": "47E330C4",
        "codigo_ant": "",
        "nombre": "SANTA CRUZ",
        "departamento": "",
        "provincia": "",
        "altitud": "",
        "pais": "Perú",
        "estado": "AUTOMATICA",
        "tipo_est": "M",
        "categoria": "EMA",
        "fuente": "SENAMHI Perú oficial"
      }
    },
    {
      "type": "Feature",
      "geometry": {
        "type": "Point",
        "coordinates": [
          -76.77937,
          -11.19005
        ]
      },
      "properties": {
        "codigo": "47E323B2",
        "codigo_ant": "",
        "nombre": "CARAC",
        "departamento": "",
        "provincia": "",
        "altitud": "",
        "pais": "Perú",
        "estado": "AUTOMATICA",
        "tipo_est": "M",
        "categoria": "EMA",
        "fuente": "SENAMHI Perú oficial"
      }
    },
    {
      "type": "Feature",
      "geometry": {
        "type": "Point",
        "coordinates": [
          -76.7881,
          -11.20158
        ]
      },
      "properties": {
        "codigo": "47E2323E",
        "codigo_ant": "",
        "nombre": "CUCHUANCA",
        "departamento": "",
        "provincia": "",
        "altitud": "",
        "pais": "Perú",
        "estado": "AUTOMATICA",
        "tipo_est": "H",
        "categoria": "EHA",
        "fuente": "SENAMHI Perú oficial"
      }
    },
    {
      "type": "Feature",
      "geometry": {
        "type": "Point",
        "coordinates": [
          -76.378,
          -11.83911
        ]
      },
      "properties": {
        "codigo": "472CE45A",
        "codigo_ant": "",
        "nombre": "MATUCANA",
        "departamento": "",
        "provincia": "",
        "altitud": "",
        "pais": "Perú",
        "estado": "AUTOMATICA",
        "tipo_est": "M",
        "categoria": "EMA",
        "fuente": "SENAMHI Perú oficial"
      }
    },
    {
      "type": "Feature",
      "geometry": {
        "type": "Point",
        "coordinates": [
          -76.6333,
          -12.0333
        ]
      },
      "properties": {
        "codigo": "212700",
        "codigo_ant": "",
        "nombre": "PUENTE ANTAPUCRO",
        "departamento": "",
        "provincia": "",
        "altitud": "",
        "pais": "Perú",
        "estado": "AUTOMATICA",
        "tipo_est": "H",
        "categoria": "EHA",
        "fuente": "SENAMHI Perú oficial"
      }
    },
    {
      "type": "Feature",
      "geometry": {
        "type": "Point",
        "coordinates": [
          -76.23325,
          -11.638
        ]
      },
      "properties": {
        "codigo": "472D73C2",
        "codigo_ant": "",
        "nombre": "CASAPALCA",
        "departamento": "",
        "provincia": "",
        "altitud": "",
        "pais": "Perú",
        "estado": "AUTOMATICA",
        "tipo_est": "M",
        "categoria": "EMA",
        "fuente": "SENAMHI Perú oficial"
      }
    },
    {
      "type": "Feature",
      "geometry": {
        "type": "Point",
        "coordinates": [
          -76.30111,
          -11.76012
        ]
      },
      "properties": {
        "codigo": "212605",
        "codigo_ant": "",
        "nombre": "SAN MATEO ",
        "departamento": "",
        "provincia": "",
        "altitud": "",
        "pais": "Perú",
        "estado": "AUTOMATICA",
        "tipo_est": "H",
        "categoria": "EHA",
        "fuente": "SENAMHI Perú oficial"
      }
    },
    {
      "type": "Feature",
      "geometry": {
        "type": "Point",
        "coordinates": [
          -76.56359,
          -11.847
        ]
      },
      "properties": {
        "codigo": "472EC742",
        "codigo_ant": "",
        "nombre": "SAN MATEO DE OTAO",
        "departamento": "",
        "provincia": "",
        "altitud": "",
        "pais": "Perú",
        "estado": "AUTOMATICA",
        "tipo_est": "M",
        "categoria": "EMA",
        "fuente": "SENAMHI Perú oficial"
      }
    },
    {
      "type": "Feature",
      "geometry": {
        "type": "Point",
        "coordinates": [
          -76.66664,
          -11.92
        ]
      },
      "properties": {
        "codigo": "472E24B0",
        "codigo_ant": "",
        "nombre": "SANTA EULALIA",
        "departamento": "",
        "provincia": "",
        "altitud": "",
        "pais": "Perú",
        "estado": "AUTOMATICA",
        "tipo_est": "H",
        "categoria": "EHMA",
        "fuente": "SENAMHI Perú oficial"
      }
    },
    {
      "type": "Feature",
      "geometry": {
        "type": "Point",
        "coordinates": [
          -76.5242,
          -11.9832
        ]
      },
      "properties": {
        "codigo": "472CA750",
        "codigo_ant": "",
        "nombre": "SANTIAGO DE TUNA",
        "departamento": "",
        "provincia": "",
        "altitud": "",
        "pais": "Perú",
        "estado": "AUTOMATICA",
        "tipo_est": "M",
        "categoria": "EMA",
        "fuente": "SENAMHI Perú oficial"
      }
    },
    {
      "type": "Feature",
      "geometry": {
        "type": "Point",
        "coordinates": [
          -77.55006,
          -11.06061
        ]
      },
      "properties": {
        "codigo": "111300",
        "codigo_ant": "",
        "nombre": "ALCANTARILLA",
        "departamento": "",
        "provincia": "",
        "altitud": "",
        "pais": "Perú",
        "estado": "AUTOMATICA",
        "tipo_est": "M",
        "categoria": "EMA",
        "fuente": "SENAMHI Perú oficial"
      }
    },
    {
      "type": "Feature",
      "geometry": {
        "type": "Point",
        "coordinates": [
          -76.73703,
          -10.92159
        ]
      },
      "properties": {
        "codigo": "110139",
        "codigo_ant": "",
        "nombre": "PICOY",
        "departamento": "",
        "provincia": "",
        "altitud": "",
        "pais": "Perú",
        "estado": "AUTOMATICA",
        "tipo_est": "H",
        "categoria": "EHA",
        "fuente": "SENAMHI Perú oficial"
      }
    },
    {
      "type": "Feature",
      "geometry": {
        "type": "Point",
        "coordinates": [
          -77.19833,
          -11.13472
        ]
      },
      "properties": {
        "codigo": "4724966C",
        "codigo_ant": "",
        "nombre": "SAYAN",
        "departamento": "",
        "provincia": "",
        "altitud": "",
        "pais": "Perú",
        "estado": "AUTOMATICA",
        "tipo_est": "H",
        "categoria": "EHMA",
        "fuente": "SENAMHI Perú oficial"
      }
    },
    {
      "type": "Feature",
      "geometry": {
        "type": "Point",
        "coordinates": [
          -75.87215,
          -12.3444
        ]
      },
      "properties": {
        "codigo": "472364DC",
        "codigo_ant": "",
        "nombre": "CARANIA",
        "departamento": "",
        "provincia": "",
        "altitud": "",
        "pais": "Perú",
        "estado": "AUTOMATICA",
        "tipo_est": "M",
        "categoria": "EAMA",
        "fuente": "SENAMHI Perú oficial"
      }
    },
    {
      "type": "Feature",
      "geometry": {
        "type": "Point",
        "coordinates": [
          -73.23694,
          -3.72722
        ]
      },
      "properties": {
        "codigo": "47252718",
        "codigo_ant": "",
        "nombre": "ENAPU PERU",
        "departamento": "",
        "provincia": "",
        "altitud": "",
        "pais": "Perú",
        "estado": "AUTOMATICA",
        "tipo_est": "H",
        "categoria": "EHMA",
        "fuente": "SENAMHI Perú oficial"
      }
    },
    {
      "type": "Feature",
      "geometry": {
        "type": "Point",
        "coordinates": [
          -73.90751,
          -4.51301
        ]
      },
      "properties": {
        "codigo": "104112",
        "codigo_ant": "",
        "nombre": "SAN REGIS",
        "departamento": "",
        "provincia": "",
        "altitud": "",
        "pais": "Perú",
        "estado": "AUTOMATICA",
        "tipo_est": "M",
        "categoria": "EMA",
        "fuente": "SENAMHI Perú oficial"
      }
    },
    {
      "type": "Feature",
      "geometry": {
        "type": "Point",
        "coordinates": [
          -70.51206,
          -3.91125
        ]
      },
      "properties": {
        "codigo": "4727547C",
        "codigo_ant": "",
        "nombre": "CABALLOCOCHA",
        "departamento": "",
        "provincia": "",
        "altitud": "",
        "pais": "Perú",
        "estado": "AUTOMATICA",
        "tipo_est": "M",
        "categoria": "EMA",
        "fuente": "SENAMHI Perú oficial"
      }
    },
    {
      "type": "Feature",
      "geometry": {
        "type": "Point",
        "coordinates": [
          -71.85962,
          -3.31791
        ]
      },
      "properties": {
        "codigo": "47288486",
        "codigo_ant": "",
        "nombre": "PEBAS",
        "departamento": "",
        "provincia": "",
        "altitud": "",
        "pais": "Perú",
        "estado": "AUTOMATICA",
        "tipo_est": "M",
        "categoria": "EAMA",
        "fuente": "SENAMHI Perú oficial"
      }
    },
    {
      "type": "Feature",
      "geometry": {
        "type": "Point",
        "coordinates": [
          -75.00632,
          -7.35254
        ]
      },
      "properties": {
        "codigo": "47287402",
        "codigo_ant": "",
        "nombre": "CONTAMANA",
        "departamento": "",
        "provincia": "",
        "altitud": "",
        "pais": "Perú",
        "estado": "AUTOMATICA",
        "tipo_est": "M",
        "categoria": "EAMA",
        "fuente": "SENAMHI Perú oficial"
      }
    },
    {
      "type": "Feature",
      "geometry": {
        "type": "Point",
        "coordinates": [
          -69.18949,
          -12.56083
        ]
      },
      "properties": {
        "codigo": "260700",
        "codigo_ant": "",
        "nombre": "BILINGURSTH",
        "departamento": "",
        "provincia": "",
        "altitud": "",
        "pais": "Perú",
        "estado": "AUTOMATICA",
        "tipo_est": "H",
        "categoria": "EHMA",
        "fuente": "SENAMHI Perú oficial"
      }
    },
    {
      "type": "Feature",
      "geometry": {
        "type": "Point",
        "coordinates": [
          -69.18304,
          -12.60442
        ]
      },
      "properties": {
        "codigo": "260403",
        "codigo_ant": "",
        "nombre": "CACHUELA",
        "departamento": "",
        "provincia": "",
        "altitud": "",
        "pais": "Perú",
        "estado": "AUTOMATICA",
        "tipo_est": "H",
        "categoria": "EHMA",
        "fuente": "SENAMHI Perú oficial"
      }
    },
    {
      "type": "Feature",
      "geometry": {
        "type": "Point",
        "coordinates": [
          -69.19413,
          -12.61361
        ]
      },
      "properties": {
        "codigo": "260402",
        "codigo_ant": "",
        "nombre": "PUENTE HERRERA",
        "departamento": "",
        "provincia": "",
        "altitud": "",
        "pais": "Perú",
        "estado": "AUTOMATICA",
        "tipo_est": "H",
        "categoria": "EHMA",
        "fuente": "SENAMHI Perú oficial"
      }
    },
    {
      "type": "Feature",
      "geometry": {
        "type": "Point",
        "coordinates": [
          -69.17529,
          -12.5925
        ]
      },
      "properties": {
        "codigo": "260002",
        "codigo_ant": "",
        "nombre": "TAMBOPATA",
        "departamento": "",
        "provincia": "",
        "altitud": "",
        "pais": "Perú",
        "estado": "AUTOMATICA",
        "tipo_est": "H",
        "categoria": "EHA",
        "fuente": "SENAMHI Perú oficial"
      }
    },
    {
      "type": "Feature",
      "geometry": {
        "type": "Point",
        "coordinates": [
          -69.2088,
          -12.5873
        ]
      },
      "properties": {
        "codigo": "112279",
        "codigo_ant": "",
        "nombre": "PUERTO MALDONADO",
        "departamento": "",
        "provincia": "",
        "altitud": "",
        "pais": "Perú",
        "estado": "AUTOMATICA",
        "tipo_est": "M",
        "categoria": "EMA",
        "fuente": "SENAMHI Perú oficial"
      }
    },
    {
      "type": "Feature",
      "geometry": {
        "type": "Point",
        "coordinates": [
          -69.5175,
          -12.93411
        ]
      },
      "properties": {
        "codigo": "47E8336C",
        "codigo_ant": "",
        "nombre": "MALINOWSKY",
        "departamento": "",
        "provincia": "",
        "altitud": "",
        "pais": "Perú",
        "estado": "AUTOMATICA",
        "tipo_est": "M",
        "categoria": "EMA",
        "fuente": "SENAMHI Perú oficial"
      }
    },
    {
      "type": "Feature",
      "geometry": {
        "type": "Point",
        "coordinates": [
          -71.36446,
          -12.8312
        ]
      },
      "properties": {
        "codigo": "47E8201A",
        "codigo_ant": "",
        "nombre": "SALVACION",
        "departamento": "",
        "provincia": "",
        "altitud": "",
        "pais": "Perú",
        "estado": "AUTOMATICA",
        "tipo_est": "M",
        "categoria": "EMA",
        "fuente": "SENAMHI Perú oficial"
      }
    },
    {
      "type": "Feature",
      "geometry": {
        "type": "Point",
        "coordinates": [
          -69.578,
          -10.95589
        ]
      },
      "properties": {
        "codigo": "472587E0",
        "codigo_ant": "",
        "nombre": "IÑAPARI",
        "departamento": "",
        "provincia": "",
        "altitud": "",
        "pais": "Perú",
        "estado": "AUTOMATICA",
        "tipo_est": "M",
        "categoria": "EAMA",
        "fuente": "SENAMHI Perú oficial"
      }
    },
    {
      "type": "Feature",
      "geometry": {
        "type": "Point",
        "coordinates": [
          -70.93267,
          -17.17874
        ]
      },
      "properties": {
        "codigo": "4723F1BE",
        "codigo_ant": "",
        "nombre": "MOQUEGUA",
        "departamento": "",
        "provincia": "",
        "altitud": "",
        "pais": "Perú",
        "estado": "AUTOMATICA",
        "tipo_est": "M",
        "categoria": "EMA",
        "fuente": "SENAMHI Perú oficial"
      }
    },
    {
      "type": "Feature",
      "geometry": {
        "type": "Point",
        "coordinates": [
          -76.52927,
          -10.60641
        ]
      },
      "properties": {
        "codigo": "110137",
        "codigo_ant": "",
        "nombre": "12 DE OCTUBRE",
        "departamento": "",
        "provincia": "",
        "altitud": "",
        "pais": "Perú",
        "estado": "AUTOMATICA",
        "tipo_est": "M",
        "categoria": "EAMA",
        "fuente": "SENAMHI Perú oficial"
      }
    },
    {
      "type": "Feature",
      "geometry": {
        "type": "Point",
        "coordinates": [
          -75.38417,
          -10.59417
        ]
      },
      "properties": {
        "codigo": "4725D79C",
        "codigo_ant": "",
        "nombre": "OXAPAMPA",
        "departamento": "",
        "provincia": "",
        "altitud": "",
        "pais": "Perú",
        "estado": "AUTOMATICA",
        "tipo_est": "M",
        "categoria": "EMA",
        "fuente": "SENAMHI Perú oficial"
      }
    },
    {
      "type": "Feature",
      "geometry": {
        "type": "Point",
        "coordinates": [
          -74.94356,
          -10.28619
        ]
      },
      "properties": {
        "codigo": "109093",
        "codigo_ant": "",
        "nombre": "PUERTO BERMUDEZ",
        "departamento": "",
        "provincia": "",
        "altitud": "",
        "pais": "Perú",
        "estado": "AUTOMATICA",
        "tipo_est": "M",
        "categoria": "EAMA",
        "fuente": "SENAMHI Perú oficial"
      }
    },
    {
      "type": "Feature",
      "geometry": {
        "type": "Point",
        "coordinates": [
          -80.625,
          -5.18792
        ]
      },
      "properties": {
        "codigo": "210503",
        "codigo_ant": "",
        "nombre": "PUENTE EGUIGUREN",
        "departamento": "",
        "provincia": "",
        "altitud": "",
        "pais": "Perú",
        "estado": "AUTOMATICA",
        "tipo_est": "H",
        "categoria": "EHA",
        "fuente": "SENAMHI Perú oficial"
      }
    },
    {
      "type": "Feature",
      "geometry": {
        "type": "Point",
        "coordinates": [
          -80.61654,
          -5.17528
        ]
      },
      "properties": {
        "codigo": "105112",
        "codigo_ant": "",
        "nombre": "MIRAFLORES",
        "departamento": "",
        "provincia": "",
        "altitud": "",
        "pais": "Perú",
        "estado": "AUTOMATICA",
        "tipo_est": "M",
        "categoria": "EMA",
        "fuente": "SENAMHI Perú oficial"
      }
    },
    {
      "type": "Feature",
      "geometry": {
        "type": "Point",
        "coordinates": [
          -80.68425,
          -5.24619
        ]
      },
      "properties": {
        "codigo": "105143",
        "codigo_ant": "",
        "nombre": "SAN MIGUEL",
        "departamento": "",
        "provincia": "",
        "altitud": "",
        "pais": "Perú",
        "estado": "AUTOMATICA",
        "tipo_est": "M",
        "categoria": "EMA",
        "fuente": "SENAMHI Perú oficial"
      }
    },
    {
      "type": "Feature",
      "geometry": {
        "type": "Point",
        "coordinates": [
          -80.27978,
          -4.73197
        ]
      },
      "properties": {
        "codigo": "104113",
        "codigo_ant": "",
        "nombre": "PARTIDOR",
        "departamento": "",
        "provincia": "",
        "altitud": "",
        "pais": "Perú",
        "estado": "AUTOMATICA",
        "tipo_est": "M",
        "categoria": "EMA",
        "fuente": "SENAMHI Perú oficial"
      }
    },
    {
      "type": "Feature",
      "geometry": {
        "type": "Point",
        "coordinates": [
          -80.06956,
          -4.7285
        ]
      },
      "properties": {
        "codigo": "47E0F2D4",
        "codigo_ant": "",
        "nombre": "LAGARTERA",
        "departamento": "",
        "provincia": "",
        "altitud": "",
        "pais": "Perú",
        "estado": "AUTOMATICA",
        "tipo_est": "H",
        "categoria": "EHA",
        "fuente": "SENAMHI Perú oficial"
      }
    },
    {
      "type": "Feature",
      "geometry": {
        "type": "Point",
        "coordinates": [
          -80.11825,
          -4.7142
        ]
      },
      "properties": {
        "codigo": "47E0E1A2",
        "codigo_ant": "",
        "nombre": "BOCATOMA CHIPILLICO",
        "departamento": "",
        "provincia": "",
        "altitud": "",
        "pais": "Perú",
        "estado": "AUTOMATICA",
        "tipo_est": "H",
        "categoria": "EHA",
        "fuente": "SENAMHI Perú oficial"
      }
    },
    {
      "type": "Feature",
      "geometry": {
        "type": "Point",
        "coordinates": [
          -80.34703,
          -4.93848
        ]
      },
      "properties": {
        "codigo": "47E0522C",
        "codigo_ant": "",
        "nombre": "TAMBO GRANDE",
        "departamento": "",
        "provincia": "",
        "altitud": "",
        "pais": "Perú",
        "estado": "AUTOMATICA",
        "tipo_est": "H",
        "categoria": "EHA",
        "fuente": "SENAMHI Perú oficial"
      }
    },
    {
      "type": "Feature",
      "geometry": {
        "type": "Point",
        "coordinates": [
          -79.60729,
          -4.74701
        ]
      },
      "properties": {
        "codigo": "47E281B0",
        "codigo_ant": "",
        "nombre": "HUALCUY",
        "departamento": "",
        "provincia": "",
        "altitud": "",
        "pais": "Perú",
        "estado": "AUTOMATICA",
        "tipo_est": "M",
        "categoria": "EMA",
        "fuente": "SENAMHI Perú oficial"
      }
    },
    {
      "type": "Feature",
      "geometry": {
        "type": "Point",
        "coordinates": [
          -79.89052,
          -4.91691
        ]
      },
      "properties": {
        "codigo": "104114",
        "codigo_ant": "",
        "nombre": "ALTO DE POCLUS",
        "departamento": "",
        "provincia": "",
        "altitud": "",
        "pais": "Perú",
        "estado": "AUTOMATICA",
        "tipo_est": "M",
        "categoria": "EMA",
        "fuente": "SENAMHI Perú oficial"
      }
    },
    {
      "type": "Feature",
      "geometry": {
        "type": "Point",
        "coordinates": [
          -79.94581,
          -4.63439
        ]
      },
      "properties": {
        "codigo": "472FC5B8",
        "codigo_ant": "",
        "nombre": "PAIMAS",
        "departamento": "",
        "provincia": "",
        "altitud": "",
        "pais": "Perú",
        "estado": "AUTOMATICA",
        "tipo_est": "M",
        "categoria": "EMA",
        "fuente": "SENAMHI Perú oficial"
      }
    },
    {
      "type": "Feature",
      "geometry": {
        "type": "Point",
        "coordinates": [
          -79.99972,
          -4.79639
        ]
      },
      "properties": {
        "codigo": "472FF022",
        "codigo_ant": "",
        "nombre": "SAPILLICA",
        "departamento": "",
        "provincia": "",
        "altitud": "",
        "pais": "Perú",
        "estado": "AUTOMATICA",
        "tipo_est": "M",
        "categoria": "EMA",
        "fuente": "SENAMHI Perú oficial"
      }
    },
    {
      "type": "Feature",
      "geometry": {
        "type": "Point",
        "coordinates": [
          -80.1673,
          -4.29899
        ]
      },
      "properties": {
        "codigo": "47E9177A",
        "codigo_ant": "",
        "nombre": "EL CIRUELO",
        "departamento": "",
        "provincia": "",
        "altitud": "",
        "pais": "Perú",
        "estado": "AUTOMATICA",
        "tipo_est": "H",
        "categoria": "EHA",
        "fuente": "SENAMHI Perú oficial"
      }
    },
    {
      "type": "Feature",
      "geometry": {
        "type": "Point",
        "coordinates": [
          -79.96412,
          -4.39338
        ]
      },
      "properties": {
        "codigo": "47E0C74E",
        "codigo_ant": "",
        "nombre": "PUENTE MACARA",
        "departamento": "",
        "provincia": "",
        "altitud": "",
        "pais": "Perú",
        "estado": "AUTOMATICA",
        "tipo_est": "H",
        "categoria": "EHA",
        "fuente": "SENAMHI Perú oficial"
      }
    },
    {
      "type": "Feature",
      "geometry": {
        "type": "Point",
        "coordinates": [
          -79.45399,
          -5.24681
        ]
      },
      "properties": {
        "codigo": "472FE354",
        "codigo_ant": "",
        "nombre": "HUANCABAMBA",
        "departamento": "",
        "provincia": "",
        "altitud": "",
        "pais": "Perú",
        "estado": "AUTOMATICA",
        "tipo_est": "M",
        "categoria": "EMA",
        "fuente": "SENAMHI Perú oficial"
      }
    },
    {
      "type": "Feature",
      "geometry": {
        "type": "Point",
        "coordinates": [
          -79.52544,
          -5.56586
        ]
      },
      "properties": {
        "codigo": "472761E6",
        "codigo_ant": "",
        "nombre": "HUARMACA",
        "departamento": "",
        "provincia": "",
        "altitud": "",
        "pais": "Perú",
        "estado": "AUTOMATICA",
        "tipo_est": "M",
        "categoria": "EAMA",
        "fuente": "SENAMHI Perú oficial"
      }
    },
    {
      "type": "Feature",
      "geometry": {
        "type": "Point",
        "coordinates": [
          -79.6052,
          -5.40055
        ]
      },
      "properties": {
        "codigo": "472F86B2",
        "codigo_ant": "",
        "nombre": "CANCHAQUE",
        "departamento": "",
        "provincia": "",
        "altitud": "",
        "pais": "Perú",
        "estado": "AUTOMATICA",
        "tipo_est": "M",
        "categoria": "EMA",
        "fuente": "SENAMHI Perú oficial"
      }
    },
    {
      "type": "Feature",
      "geometry": {
        "type": "Point",
        "coordinates": [
          -80.17296,
          -5.1128
        ]
      },
      "properties": {
        "codigo": "47E0415A",
        "codigo_ant": "",
        "nombre": "PUENTE ÑACARA",
        "departamento": "",
        "provincia": "",
        "altitud": "",
        "pais": "Perú",
        "estado": "AUTOMATICA",
        "tipo_est": "H",
        "categoria": "EHA",
        "fuente": "SENAMHI Perú oficial"
      }
    },
    {
      "type": "Feature",
      "geometry": {
        "type": "Point",
        "coordinates": [
          -80.16954,
          -5.10844
        ]
      },
      "properties": {
        "codigo": "472F6540",
        "codigo_ant": "",
        "nombre": "CHULUCANAS",
        "departamento": "",
        "provincia": "",
        "altitud": "",
        "pais": "Perú",
        "estado": "AUTOMATICA",
        "tipo_est": "M",
        "categoria": "EMA",
        "fuente": "SENAMHI Perú oficial"
      }
    },
    {
      "type": "Feature",
      "geometry": {
        "type": "Point",
        "coordinates": [
          -79.89148,
          -5.18871
        ]
      },
      "properties": {
        "codigo": "47E037CA",
        "codigo_ant": "",
        "nombre": "CORRAL DEL MEDIO",
        "departamento": "",
        "provincia": "",
        "altitud": "",
        "pais": "Perú",
        "estado": "AUTOMATICA",
        "tipo_est": "H",
        "categoria": "EHA",
        "fuente": "SENAMHI Perú oficial"
      }
    },
    {
      "type": "Feature",
      "geometry": {
        "type": "Point",
        "coordinates": [
          -79.83,
          -5.03389
        ]
      },
      "properties": {
        "codigo": "472FB328",
        "codigo_ant": "",
        "nombre": "CHALACO",
        "departamento": "",
        "provincia": "",
        "altitud": "",
        "pais": "Perú",
        "estado": "AUTOMATICA",
        "tipo_est": "M",
        "categoria": "EMA",
        "fuente": "SENAMHI Perú oficial"
      }
    },
    {
      "type": "Feature",
      "geometry": {
        "type": "Point",
        "coordinates": [
          -80.0162,
          -5.07954
        ]
      },
      "properties": {
        "codigo": "47E08444",
        "codigo_ant": "",
        "nombre": "SAN PEDRO",
        "departamento": "",
        "provincia": "",
        "altitud": "",
        "pais": "Perú",
        "estado": "AUTOMATICA",
        "tipo_est": "H",
        "categoria": "EHA",
        "fuente": "SENAMHI Perú oficial"
      }
    },
    {
      "type": "Feature",
      "geometry": {
        "type": "Point",
        "coordinates": [
          -79.97107,
          -5.19465
        ]
      },
      "properties": {
        "codigo": "472F7636",
        "codigo_ant": "",
        "nombre": "MORROPON",
        "departamento": "",
        "provincia": "",
        "altitud": "",
        "pais": "Perú",
        "estado": "AUTOMATICA",
        "tipo_est": "M",
        "categoria": "EMA",
        "fuente": "SENAMHI Perú oficial"
      }
    },
    {
      "type": "Feature",
      "geometry": {
        "type": "Point",
        "coordinates": [
          -79.83761,
          -5.34602
        ]
      },
      "properties": {
        "codigo": "47E067B6",
        "codigo_ant": "",
        "nombre": "SALITRAL",
        "departamento": "",
        "provincia": "",
        "altitud": "",
        "pais": "Perú",
        "estado": "AUTOMATICA",
        "tipo_est": "H",
        "categoria": "EHA",
        "fuente": "SENAMHI Perú oficial"
      }
    },
    {
      "type": "Feature",
      "geometry": {
        "type": "Point",
        "coordinates": [
          -79.85794,
          -5.33977
        ]
      },
      "properties": {
        "codigo": "472FA05E",
        "codigo_ant": "",
        "nombre": "MALACASI",
        "departamento": "",
        "provincia": "",
        "altitud": "",
        "pais": "Perú",
        "estado": "AUTOMATICA",
        "tipo_est": "M",
        "categoria": "EMA",
        "fuente": "SENAMHI Perú oficial"
      }
    },
    {
      "type": "Feature",
      "geometry": {
        "type": "Point",
        "coordinates": [
          -79.78569,
          -5.32089
        ]
      },
      "properties": {
        "codigo": "472F95C4",
        "codigo_ant": "",
        "nombre": "HACIENDA BIGOTE ",
        "departamento": "",
        "provincia": "",
        "altitud": "",
        "pais": "Perú",
        "estado": "AUTOMATICA",
        "tipo_est": "M",
        "categoria": "EMA",
        "fuente": "SENAMHI Perú oficial"
      }
    },
    {
      "type": "Feature",
      "geometry": {
        "type": "Point",
        "coordinates": [
          -79.69909,
          -5.2895
        ]
      },
      "properties": {
        "codigo": "47E074C0",
        "codigo_ant": "",
        "nombre": "HACIENDA BARRIOS",
        "departamento": "",
        "provincia": "",
        "altitud": "",
        "pais": "Perú",
        "estado": "AUTOMATICA",
        "tipo_est": "H",
        "categoria": "EHA",
        "fuente": "SENAMHI Perú oficial"
      }
    },
    {
      "type": "Feature",
      "geometry": {
        "type": "Point",
        "coordinates": [
          -79.87049,
          -5.03827
        ]
      },
      "properties": {
        "codigo": "105145",
        "codigo_ant": "",
        "nombre": "SANTO DOMINGO",
        "departamento": "",
        "provincia": "",
        "altitud": "",
        "pais": "Perú",
        "estado": "AUTOMATICA",
        "tipo_est": "M",
        "categoria": "EMA",
        "fuente": "SENAMHI Perú oficial"
      }
    },
    {
      "type": "Feature",
      "geometry": {
        "type": "Point",
        "coordinates": [
          -81.02038,
          -4.87999
        ]
      },
      "properties": {
        "codigo": "47E0B1DE",
        "codigo_ant": "",
        "nombre": "PUENTE SIMON RODRIGUEZ",
        "departamento": "",
        "provincia": "",
        "altitud": "",
        "pais": "Perú",
        "estado": "AUTOMATICA",
        "tipo_est": "H",
        "categoria": "EHA",
        "fuente": "SENAMHI Perú oficial"
      }
    },
    {
      "type": "Feature",
      "geometry": {
        "type": "Point",
        "coordinates": [
          -80.54716,
          -4.6429
        ]
      },
      "properties": {
        "codigo": "472FD6CE",
        "codigo_ant": "",
        "nombre": "LANCONES",
        "departamento": "",
        "provincia": "",
        "altitud": "",
        "pais": "Perú",
        "estado": "AUTOMATICA",
        "tipo_est": "M",
        "categoria": "EMA",
        "fuente": "SENAMHI Perú oficial"
      }
    },
    {
      "type": "Feature",
      "geometry": {
        "type": "Point",
        "coordinates": [
          -80.39788,
          -4.47749
        ]
      },
      "properties": {
        "codigo": "47E0D438",
        "codigo_ant": "",
        "nombre": "ALAMOR",
        "departamento": "",
        "provincia": "",
        "altitud": "",
        "pais": "Perú",
        "estado": "AUTOMATICA",
        "tipo_est": "H",
        "categoria": "EHA",
        "fuente": "SENAMHI Perú oficial"
      }
    },
    {
      "type": "Feature",
      "geometry": {
        "type": "Point",
        "coordinates": [
          -80.38819,
          -4.49094
        ]
      },
      "properties": {
        "codigo": "47E09732",
        "codigo_ant": "",
        "nombre": "LA ARDILLA",
        "departamento": "",
        "provincia": "",
        "altitud": "",
        "pais": "Perú",
        "estado": "AUTOMATICA",
        "tipo_est": "H",
        "categoria": "EHA",
        "fuente": "SENAMHI Perú oficial"
      }
    },
    {
      "type": "Feature",
      "geometry": {
        "type": "Point",
        "coordinates": [
          -80.83361,
          -5.51694
        ]
      },
      "properties": {
        "codigo": "105120",
        "codigo_ant": "",
        "nombre": "CHUSIS",
        "departamento": "",
        "provincia": "",
        "altitud": "",
        "pais": "Perú",
        "estado": "AUTOMATICA",
        "tipo_est": "M",
        "categoria": "EMA",
        "fuente": "SENAMHI Perú oficial"
      }
    },
    {
      "type": "Feature",
      "geometry": {
        "type": "Point",
        "coordinates": [
          -80.74262,
          -5.45449
        ]
      },
      "properties": {
        "codigo": "105144",
        "codigo_ant": "",
        "nombre": "BERNAL",
        "departamento": "",
        "provincia": "",
        "altitud": "",
        "pais": "Perú",
        "estado": "AUTOMATICA",
        "tipo_est": "M",
        "categoria": "EMA",
        "fuente": "SENAMHI Perú oficial"
      }
    },
    {
      "type": "Feature",
      "geometry": {
        "type": "Point",
        "coordinates": [
          -70.01208,
          -15.82625
        ]
      },
      "properties": {
        "codigo": "472DD33A",
        "codigo_ant": "",
        "nombre": "PUNO",
        "departamento": "",
        "provincia": "",
        "altitud": "",
        "pais": "Perú",
        "estado": "AUTOMATICA",
        "tipo_est": "M",
        "categoria": "EMA",
        "fuente": "SENAMHI Perú oficial"
      }
    },
    {
      "type": "Feature",
      "geometry": {
        "type": "Point",
        "coordinates": [
          -70.016,
          -15.83647
        ]
      },
      "properties": {
        "codigo": "47256412",
        "codigo_ant": "",
        "nombre": "ENAFER",
        "departamento": "",
        "provincia": "",
        "altitud": "",
        "pais": "Perú",
        "estado": "AUTOMATICA",
        "tipo_est": "H",
        "categoria": "EHA",
        "fuente": "SENAMHI Perú oficial"
      }
    },
    {
      "type": "Feature",
      "geometry": {
        "type": "Point",
        "coordinates": [
          -70.07988,
          -15.68726
        ]
      },
      "properties": {
        "codigo": "472E4156",
        "codigo_ant": "",
        "nombre": "ILLPA",
        "departamento": "",
        "provincia": "",
        "altitud": "",
        "pais": "Perú",
        "estado": "AUTOMATICA",
        "tipo_est": "M",
        "categoria": "EMA",
        "fuente": "SENAMHI Perú oficial"
      }
    },
    {
      "type": "Feature",
      "geometry": {
        "type": "Point",
        "coordinates": [
          -70.04589,
          -16.13592
        ]
      },
      "properties": {
        "codigo": "472CB426",
        "codigo_ant": "",
        "nombre": "LARAQUERI",
        "departamento": "",
        "provincia": "",
        "altitud": "",
        "pais": "Perú",
        "estado": "AUTOMATICA",
        "tipo_est": "M",
        "categoria": "EMA",
        "fuente": "SENAMHI Perú oficial"
      }
    },
    {
      "type": "Feature",
      "geometry": {
        "type": "Point",
        "coordinates": [
          -70.18861,
          -14.92139
        ]
      },
      "properties": {
        "codigo": "270202",
        "codigo_ant": "",
        "nombre": "PUENTE AZANGARO",
        "departamento": "",
        "provincia": "",
        "altitud": "",
        "pais": "Perú",
        "estado": "AUTOMATICA",
        "tipo_est": "H",
        "categoria": "EHMA",
        "fuente": "SENAMHI Perú oficial"
      }
    },
    {
      "type": "Feature",
      "geometry": {
        "type": "Point",
        "coordinates": [
          -70.42206,
          -14.06675
        ]
      },
      "properties": {
        "codigo": "114138",
        "codigo_ant": "",
        "nombre": "MACUSANI",
        "departamento": "",
        "provincia": "",
        "altitud": "",
        "pais": "Perú",
        "estado": "AUTOMATICA",
        "tipo_est": "M",
        "categoria": "EMA",
        "fuente": "SENAMHI Perú oficial"
      }
    },
    {
      "type": "Feature",
      "geometry": {
        "type": "Point",
        "coordinates": [
          -70.08281,
          -13.88492
        ]
      },
      "properties": {
        "codigo": "4721B992",
        "codigo_ant": "",
        "nombre": "UPINA",
        "departamento": "",
        "provincia": "",
        "altitud": "",
        "pais": "Perú",
        "estado": "AUTOMATICA",
        "tipo_est": "M",
        "categoria": "EAMA",
        "fuente": "SENAMHI Perú oficial"
      }
    },
    {
      "type": "Feature",
      "geometry": {
        "type": "Point",
        "coordinates": [
          -70.66759,
          -13.87279
        ]
      },
      "properties": {
        "codigo": "4721AAE4",
        "codigo_ant": "",
        "nombre": "AYMAÑA",
        "departamento": "",
        "provincia": "",
        "altitud": "",
        "pais": "Perú",
        "estado": "AUTOMATICA",
        "tipo_est": "M",
        "categoria": "EMA",
        "fuente": "SENAMHI Perú oficial"
      }
    },
    {
      "type": "Feature",
      "geometry": {
        "type": "Point",
        "coordinates": [
          -70.02583,
          -14.36416
        ]
      },
      "properties": {
        "codigo": "114137",
        "codigo_ant": "",
        "nombre": "CRUCERO",
        "departamento": "",
        "provincia": "",
        "altitud": "",
        "pais": "Perú",
        "estado": "AUTOMATICA",
        "tipo_est": "M",
        "categoria": "EMA",
        "fuente": "SENAMHI Perú oficial"
      }
    },
    {
      "type": "Feature",
      "geometry": {
        "type": "Point",
        "coordinates": [
          -69.03667,
          -16.56364
        ]
      },
      "properties": {
        "codigo": "270001",
        "codigo_ant": "",
        "nombre": "DESAGUADERO",
        "departamento": "",
        "provincia": "",
        "altitud": "",
        "pais": "Perú",
        "estado": "AUTOMATICA",
        "tipo_est": "H",
        "categoria": "EHA",
        "fuente": "SENAMHI Perú oficial"
      }
    },
    {
      "type": "Feature",
      "geometry": {
        "type": "Point",
        "coordinates": [
          -69.87381,
          -15.25544
        ]
      },
      "properties": {
        "codigo": "47251282",
        "codigo_ant": "",
        "nombre": "PUENTE CARRETERA RAMIS",
        "departamento": "",
        "provincia": "",
        "altitud": "",
        "pais": "Perú",
        "estado": "AUTOMATICA",
        "tipo_est": "H",
        "categoria": "EHMA",
        "fuente": "SENAMHI Perú oficial"
      }
    },
    {
      "type": "Feature",
      "geometry": {
        "type": "Point",
        "coordinates": [
          -70.37343,
          -15.36296
        ]
      },
      "properties": {
        "codigo": "115157",
        "codigo_ant": "",
        "nombre": "LAMPA",
        "departamento": "",
        "provincia": "",
        "altitud": "",
        "pais": "Perú",
        "estado": "AUTOMATICA",
        "tipo_est": "M",
        "categoria": "EMA",
        "fuente": "SENAMHI Perú oficial"
      }
    },
    {
      "type": "Feature",
      "geometry": {
        "type": "Point",
        "coordinates": [
          -70.34661,
          -15.63909
        ]
      },
      "properties": {
        "codigo": "115156",
        "codigo_ant": "",
        "nombre": "CABANILLAS",
        "departamento": "",
        "provincia": "",
        "altitud": "",
        "pais": "Perú",
        "estado": "AUTOMATICA",
        "tipo_est": "M",
        "categoria": "EMA",
        "fuente": "SENAMHI Perú oficial"
      }
    },
    {
      "type": "Feature",
      "geometry": {
        "type": "Point",
        "coordinates": [
          -70.67599,
          -15.48369
        ]
      },
      "properties": {
        "codigo": "472DE6A0",
        "codigo_ant": "",
        "nombre": "PAMPAHUTA",
        "departamento": "",
        "provincia": "",
        "altitud": "",
        "pais": "Perú",
        "estado": "AUTOMATICA",
        "tipo_est": "M",
        "categoria": "EMA",
        "fuente": "SENAMHI Perú oficial"
      }
    },
    {
      "type": "Feature",
      "geometry": {
        "type": "Point",
        "coordinates": [
          -70.59928,
          -15.69411
        ]
      },
      "properties": {
        "codigo": "115158",
        "codigo_ant": "",
        "nombre": "SANTA LUCIA",
        "departamento": "",
        "provincia": "",
        "altitud": "",
        "pais": "Perú",
        "estado": "AUTOMATICA",
        "tipo_est": "M",
        "categoria": "EMA",
        "fuente": "SENAMHI Perú oficial"
      }
    },
    {
      "type": "Feature",
      "geometry": {
        "type": "Point",
        "coordinates": [
          -70.59313,
          -15.2359
        ]
      },
      "properties": {
        "codigo": "472E37C6",
        "codigo_ant": "",
        "nombre": "PALCA",
        "departamento": "",
        "provincia": "",
        "altitud": "",
        "pais": "Perú",
        "estado": "AUTOMATICA",
        "tipo_est": "M",
        "categoria": "EMA",
        "fuente": "SENAMHI Perú oficial"
      }
    },
    {
      "type": "Feature",
      "geometry": {
        "type": "Point",
        "coordinates": [
          -70.17122,
          -15.47106
        ]
      },
      "properties": {
        "codigo": "472CF72C",
        "codigo_ant": "",
        "nombre": "JULIACA",
        "departamento": "",
        "provincia": "",
        "altitud": "",
        "pais": "Perú",
        "estado": "AUTOMATICA",
        "tipo_est": "M",
        "categoria": "EMA",
        "fuente": "SENAMHI Perú oficial"
      }
    },
    {
      "type": "Feature",
      "geometry": {
        "type": "Point",
        "coordinates": [
          -76.90761,
          -6.11275
        ]
      },
      "properties": {
        "codigo": "106144",
        "codigo_ant": "",
        "nombre": "JEPELACIO",
        "departamento": "",
        "provincia": "",
        "altitud": "",
        "pais": "Perú",
        "estado": "AUTOMATICA",
        "tipo_est": "M",
        "categoria": "PE",
        "fuente": "SENAMHI Perú oficial"
      }
    },
    {
      "type": "Feature",
      "geometry": {
        "type": "Point",
        "coordinates": [
          -76.55836,
          -7.05517
        ]
      },
      "properties": {
        "codigo": "107142",
        "codigo_ant": "",
        "nombre": "BELLAVISTA",
        "departamento": "",
        "provincia": "",
        "altitud": "",
        "pais": "Perú",
        "estado": "AUTOMATICA",
        "tipo_est": "M",
        "categoria": "PE",
        "fuente": "SENAMHI Perú oficial"
      }
    },
    {
      "type": "Feature",
      "geometry": {
        "type": "Point",
        "coordinates": [
          -76.60001,
          -6.41291
        ]
      },
      "properties": {
        "codigo": "210006",
        "codigo_ant": "",
        "nombre": "SHANAO",
        "departamento": "",
        "provincia": "",
        "altitud": "",
        "pais": "Perú",
        "estado": "AUTOMATICA",
        "tipo_est": "H",
        "categoria": "EHA",
        "fuente": "SENAMHI Perú oficial"
      }
    },
    {
      "type": "Feature",
      "geometry": {
        "type": "Point",
        "coordinates": [
          -76.25267,
          -6.93722
        ]
      },
      "properties": {
        "codigo": "106145",
        "codigo_ant": "",
        "nombre": "TINGO DE PONAZA",
        "departamento": "",
        "provincia": "",
        "altitud": "",
        "pais": "Perú",
        "estado": "AUTOMATICA",
        "tipo_est": "M",
        "categoria": "PE",
        "fuente": "SENAMHI Perú oficial"
      }
    },
    {
      "type": "Feature",
      "geometry": {
        "type": "Point",
        "coordinates": [
          -77.39321,
          -5.80962
        ]
      },
      "properties": {
        "codigo": "4724851A",
        "codigo_ant": "",
        "nombre": "NARANJILLO",
        "departamento": "",
        "provincia": "",
        "altitud": "",
        "pais": "Perú",
        "estado": "AUTOMATICA",
        "tipo_est": "M",
        "categoria": "EAMA",
        "fuente": "SENAMHI Perú oficial"
      }
    },
    {
      "type": "Feature",
      "geometry": {
        "type": "Point",
        "coordinates": [
          -76.31824,
          -6.58906
        ]
      },
      "properties": {
        "codigo": "4723013A",
        "codigo_ant": "",
        "nombre": "EL PORVENIR",
        "departamento": "",
        "provincia": "",
        "altitud": "",
        "pais": "Perú",
        "estado": "AUTOMATICA",
        "tipo_est": "M",
        "categoria": "EAMA",
        "fuente": "SENAMHI Perú oficial"
      }
    },
    {
      "type": "Feature",
      "geometry": {
        "type": "Point",
        "coordinates": [
          -76.50789,
          -8.18475
        ]
      },
      "properties": {
        "codigo": "47E2E456",
        "codigo_ant": "",
        "nombre": "TOCACHE",
        "departamento": "",
        "provincia": "",
        "altitud": "",
        "pais": "Perú",
        "estado": "AUTOMATICA",
        "tipo_est": "H",
        "categoria": "EHMA",
        "fuente": "SENAMHI Perú oficial"
      }
    },
    {
      "type": "Feature",
      "geometry": {
        "type": "Point",
        "coordinates": [
          -70.15231,
          -17.96873
        ]
      },
      "properties": {
        "codigo": "47E13530",
        "codigo_ant": "",
        "nombre": "CERRO BLANCO",
        "departamento": "",
        "provincia": "",
        "altitud": "",
        "pais": "Perú",
        "estado": "AUTOMATICA",
        "tipo_est": "H",
        "categoria": "EHA",
        "fuente": "SENAMHI Perú oficial"
      }
    },
    {
      "type": "Feature",
      "geometry": {
        "type": "Point",
        "coordinates": [
          -70.47178,
          -17.74313
        ]
      },
      "properties": {
        "codigo": "4722F344",
        "codigo_ant": "",
        "nombre": "LA TRANCA",
        "departamento": "",
        "provincia": "",
        "altitud": "",
        "pais": "Perú",
        "estado": "AUTOMATICA",
        "tipo_est": "H",
        "categoria": "EHA",
        "fuente": "SENAMHI Perú oficial"
      }
    },
    {
      "type": "Feature",
      "geometry": {
        "type": "Point",
        "coordinates": [
          -69.92511,
          -17.6921
        ]
      },
      "properties": {
        "codigo": "47E143A0",
        "codigo_ant": "",
        "nombre": "CAPLINA",
        "departamento": "",
        "provincia": "",
        "altitud": "",
        "pais": "Perú",
        "estado": "AUTOMATICA",
        "tipo_est": "H",
        "categoria": "EHA",
        "fuente": "SENAMHI Perú oficial"
      }
    },
    {
      "type": "Feature",
      "geometry": {
        "type": "Point",
        "coordinates": [
          -70.09896,
          -17.81542
        ]
      },
      "properties": {
        "codigo": "47E195C8",
        "codigo_ant": "",
        "nombre": "CHALLATA",
        "departamento": "",
        "provincia": "",
        "altitud": "",
        "pais": "Perú",
        "estado": "AUTOMATICA",
        "tipo_est": "H",
        "categoria": "EHA",
        "fuente": "SENAMHI Perú oficial"
      }
    },
    {
      "type": "Feature",
      "geometry": {
        "type": "Point",
        "coordinates": [
          -69.76499,
          -17.53436
        ]
      },
      "properties": {
        "codigo": "47E113DC",
        "codigo_ant": "",
        "nombre": "REPRESA PAUCARANI",
        "departamento": "",
        "provincia": "",
        "altitud": "",
        "pais": "Perú",
        "estado": "AUTOMATICA",
        "tipo_est": "H",
        "categoria": "EHA",
        "fuente": "SENAMHI Perú oficial"
      }
    },
    {
      "type": "Feature",
      "geometry": {
        "type": "Point",
        "coordinates": [
          -69.62673,
          -17.58019
        ]
      },
      "properties": {
        "codigo": "47E2B42A",
        "codigo_ant": "",
        "nombre": "BOCATOMA EL AYRO",
        "departamento": "",
        "provincia": "",
        "altitud": "",
        "pais": "Perú",
        "estado": "AUTOMATICA",
        "tipo_est": "M",
        "categoria": "EMA",
        "fuente": "SENAMHI Perú oficial"
      }
    },
    {
      "type": "Feature",
      "geometry": {
        "type": "Point",
        "coordinates": [
          -70.25409,
          -17.268
        ]
      },
      "properties": {
        "codigo": "47E2C2BA",
        "codigo_ant": "",
        "nombre": "CANDARAVE",
        "departamento": "",
        "provincia": "",
        "altitud": "",
        "pais": "Perú",
        "estado": "AUTOMATICA",
        "tipo_est": "M",
        "categoria": "EMA",
        "fuente": "SENAMHI Perú oficial"
      }
    },
    {
      "type": "Feature",
      "geometry": {
        "type": "Point",
        "coordinates": [
          -70.28838,
          -17.11435
        ]
      },
      "properties": {
        "codigo": "47E1654C",
        "codigo_ant": "",
        "nombre": "CORACHAY II",
        "departamento": "",
        "provincia": "",
        "altitud": "",
        "pais": "Perú",
        "estado": "AUTOMATICA",
        "tipo_est": "H",
        "categoria": "EHA",
        "fuente": "SENAMHI Perú oficial"
      }
    },
    {
      "type": "Feature",
      "geometry": {
        "type": "Point",
        "coordinates": [
          -70.30847,
          -17.37093
        ]
      },
      "properties": {
        "codigo": "47E12646",
        "codigo_ant": "",
        "nombre": "LAGUNA ARICOTA",
        "departamento": "",
        "provincia": "",
        "altitud": "",
        "pais": "Perú",
        "estado": "AUTOMATICA",
        "tipo_est": "H",
        "categoria": "EHA",
        "fuente": "SENAMHI Perú oficial"
      }
    },
    {
      "type": "Feature",
      "geometry": {
        "type": "Point",
        "coordinates": [
          -70.76097,
          -17.61756
        ]
      },
      "properties": {
        "codigo": "47E186BE",
        "codigo_ant": "",
        "nombre": "PUENTE VIEJO",
        "departamento": "",
        "provincia": "",
        "altitud": "",
        "pais": "Perú",
        "estado": "AUTOMATICA",
        "tipo_est": "H",
        "categoria": "EHA",
        "fuente": "SENAMHI Perú oficial"
      }
    },
    {
      "type": "Feature",
      "geometry": {
        "type": "Point",
        "coordinates": [
          -70.54263,
          -17.47659
        ]
      },
      "properties": {
        "codigo": "214800",
        "codigo_ant": "",
        "nombre": "TICAPAMPA",
        "departamento": "",
        "provincia": "",
        "altitud": "",
        "pais": "Perú",
        "estado": "AUTOMATICA",
        "tipo_est": "H",
        "categoria": "EHA",
        "fuente": "SENAMHI Perú oficial"
      }
    },
    {
      "type": "Feature",
      "geometry": {
        "type": "Point",
        "coordinates": [
          -70.03665,
          -17.47937
        ]
      },
      "properties": {
        "codigo": "47E2D1CC",
        "codigo_ant": "",
        "nombre": "TARATA",
        "departamento": "",
        "provincia": "",
        "altitud": "",
        "pais": "Perú",
        "estado": "AUTOMATICA",
        "tipo_est": "M",
        "categoria": "EMA",
        "fuente": "SENAMHI Perú oficial"
      }
    },
    {
      "type": "Feature",
      "geometry": {
        "type": "Point",
        "coordinates": [
          -69.66179,
          -17.30882
        ]
      },
      "properties": {
        "codigo": "47E292C6",
        "codigo_ant": "",
        "nombre": "CHUAPALCA",
        "departamento": "",
        "provincia": "",
        "altitud": "",
        "pais": "Perú",
        "estado": "AUTOMATICA",
        "tipo_est": "M",
        "categoria": "EMA",
        "fuente": "SENAMHI Perú oficial"
      }
    },
    {
      "type": "Feature",
      "geometry": {
        "type": "Point",
        "coordinates": [
          -70.17265,
          -17.47487
        ]
      },
      "properties": {
        "codigo": "47E150D6",
        "codigo_ant": "",
        "nombre": "PUENTE TALAPALCA",
        "departamento": "",
        "provincia": "",
        "altitud": "",
        "pais": "Perú",
        "estado": "AUTOMATICA",
        "tipo_est": "H",
        "categoria": "EHA",
        "fuente": "SENAMHI Perú oficial"
      }
    },
    {
      "type": "Feature",
      "geometry": {
        "type": "Point",
        "coordinates": [
          -70.04302,
          -17.07909
        ]
      },
      "properties": {
        "codigo": "47E2A75C",
        "codigo_ant": "",
        "nombre": "VILACOTA",
        "departamento": "",
        "provincia": "",
        "altitud": "",
        "pais": "Perú",
        "estado": "AUTOMATICA",
        "tipo_est": "M",
        "categoria": "EMA",
        "fuente": "SENAMHI Perú oficial"
      }
    },
    {
      "type": "Feature",
      "geometry": {
        "type": "Point",
        "coordinates": [
          -70.00854,
          -17.23804
        ]
      },
      "properties": {
        "codigo": "47E1763A",
        "codigo_ant": "",
        "nombre": "SALIDA TUNEL KOVIRE",
        "departamento": "",
        "provincia": "",
        "altitud": "",
        "pais": "Perú",
        "estado": "AUTOMATICA",
        "tipo_est": "H",
        "categoria": "EHA",
        "fuente": "SENAMHI Perú oficial"
      }
    },
    {
      "type": "Feature",
      "geometry": {
        "type": "Point",
        "coordinates": [
          -69.94863,
          -17.3692
        ]
      },
      "properties": {
        "codigo": "47E1B324",
        "codigo_ant": "",
        "nombre": "REPRESA JARUMAS",
        "departamento": "",
        "provincia": "",
        "altitud": "",
        "pais": "Perú",
        "estado": "AUTOMATICA",
        "tipo_est": "H",
        "categoria": "EHA",
        "fuente": "SENAMHI Perú oficial"
      }
    },
    {
      "type": "Feature",
      "geometry": {
        "type": "Point",
        "coordinates": [
          -80.39538,
          -3.50396
        ]
      },
      "properties": {
        "codigo": "103068",
        "codigo_ant": "",
        "nombre": "PUERTO PIZARRO",
        "departamento": "",
        "provincia": "",
        "altitud": "",
        "pais": "Perú",
        "estado": "AUTOMATICA",
        "tipo_est": "M",
        "categoria": "EMA",
        "fuente": "SENAMHI Perú oficial"
      }
    },
    {
      "type": "Feature",
      "geometry": {
        "type": "Point",
        "coordinates": [
          -80.42962,
          -3.55115
        ]
      },
      "properties": {
        "codigo": "472EF2D8",
        "codigo_ant": "",
        "nombre": "CAMPAMENTO SEDE",
        "departamento": "",
        "provincia": "",
        "altitud": "",
        "pais": "Perú",
        "estado": "AUTOMATICA",
        "tipo_est": "M",
        "categoria": "EMA",
        "fuente": "SENAMHI Perú oficial"
      }
    },
    {
      "type": "Feature",
      "geometry": {
        "type": "Point",
        "coordinates": [
          -80.4575,
          -3.81333
        ]
      },
      "properties": {
        "codigo": "472F264A",
        "codigo_ant": "",
        "nombre": "RICA PLAYA",
        "departamento": "",
        "provincia": "",
        "altitud": "",
        "pais": "Perú",
        "estado": "AUTOMATICA",
        "tipo_est": "M",
        "categoria": "EMA",
        "fuente": "SENAMHI Perú oficial"
      }
    },
    {
      "type": "Feature",
      "geometry": {
        "type": "Point",
        "coordinates": [
          -80.50392,
          -3.99815
        ]
      },
      "properties": {
        "codigo": "472F43AC",
        "codigo_ant": "",
        "nombre": "HUASIMO",
        "departamento": "",
        "provincia": "",
        "altitud": "",
        "pais": "Perú",
        "estado": "AUTOMATICA",
        "tipo_est": "M",
        "categoria": "EMA",
        "fuente": "SENAMHI Perú oficial"
      }
    },
    {
      "type": "Feature",
      "geometry": {
        "type": "Point",
        "coordinates": [
          -80.40182,
          -3.97594
        ]
      },
      "properties": {
        "codigo": "472F00A6",
        "codigo_ant": "",
        "nombre": "CABO INGA M",
        "departamento": "",
        "provincia": "",
        "altitud": "",
        "pais": "Perú",
        "estado": "AUTOMATICA",
        "tipo_est": "M",
        "categoria": "EMA",
        "fuente": "SENAMHI Perú oficial"
      }
    },
    {
      "type": "Feature",
      "geometry": {
        "type": "Point",
        "coordinates": [
          -80.39938,
          -3.97873
        ]
      },
      "properties": {
        "codigo": "47E01126",
        "codigo_ant": "",
        "nombre": "CABO INGA H",
        "departamento": "",
        "provincia": "",
        "altitud": "",
        "pais": "Perú",
        "estado": "AUTOMATICA",
        "tipo_est": "H",
        "categoria": "EHA",
        "fuente": "SENAMHI Perú oficial"
      }
    },
    {
      "type": "Feature",
      "geometry": {
        "type": "Point",
        "coordinates": [
          -80.45689,
          -3.7687
        ]
      },
      "properties": {
        "codigo": "4724A3F6",
        "codigo_ant": "",
        "nombre": "EL TIGRE",
        "departamento": "",
        "provincia": "",
        "altitud": "",
        "pais": "Perú",
        "estado": "AUTOMATICA",
        "tipo_est": "H",
        "categoria": "EHMA",
        "fuente": "SENAMHI Perú oficial"
      }
    },
    {
      "type": "Feature",
      "geometry": {
        "type": "Point",
        "coordinates": [
          -80.65055,
          -3.93905
        ]
      },
      "properties": {
        "codigo": "472F13D0",
        "codigo_ant": "",
        "nombre": "CAÑAVERAL",
        "departamento": "",
        "provincia": "",
        "altitud": "",
        "pais": "Perú",
        "estado": "AUTOMATICA",
        "tipo_est": "M",
        "categoria": "EMA",
        "fuente": "SENAMHI Perú oficial"
      }
    },
    {
      "type": "Feature",
      "geometry": {
        "type": "Point",
        "coordinates": [
          -80.19851,
          -3.68276
        ]
      },
      "properties": {
        "codigo": "472F353C",
        "codigo_ant": "",
        "nombre": "MATAPALO",
        "departamento": "",
        "provincia": "",
        "altitud": "",
        "pais": "Perú",
        "estado": "AUTOMATICA",
        "tipo_est": "M",
        "categoria": "EMA",
        "fuente": "SENAMHI Perú oficial"
      }
    },
    {
      "type": "Feature",
      "geometry": {
        "type": "Point",
        "coordinates": [
          -74.49886,
          -7.89825
        ]
      },
      "properties": {
        "codigo": "47E86310",
        "codigo_ant": "",
        "nombre": "CALLERIA",
        "departamento": "",
        "provincia": "",
        "altitud": "",
        "pais": "Perú",
        "estado": "AUTOMATICA",
        "tipo_est": "M",
        "categoria": "EMA",
        "fuente": "SENAMHI Perú oficial"
      }
    },
    {
      "type": "Feature",
      "geometry": {
        "type": "Point",
        "coordinates": [
          -75.56274,
          -8.49763
        ]
      },
      "properties": {
        "codigo": "47E8568A",
        "codigo_ant": "",
        "nombre": "SANTA ANA",
        "departamento": "",
        "provincia": "",
        "altitud": "",
        "pais": "Perú",
        "estado": "AUTOMATICA",
        "tipo_est": "M",
        "categoria": "EMA",
        "fuente": "SENAMHI Perú oficial"
      }
    },
    {
      "type": "Feature",
      "geometry": {
        "type": "Point",
        "coordinates": [
          -70.70666,
          -9.77083
        ]
      },
      "properties": {
        "codigo": "47E87066",
        "codigo_ant": "",
        "nombre": "PUERTO ESPERANZA",
        "departamento": "",
        "provincia": "",
        "altitud": "",
        "pais": "Perú",
        "estado": "AUTOMATICA",
        "tipo_est": "M",
        "categoria": "EMA",
        "fuente": "SENAMHI Perú oficial"
      }
    },
    {
      "type": "Feature",
      "geometry": {
        "type": "Point",
        "coordinates": [
          -75.10389,
          -14.23722
        ]
      },
      "properties": {
        "codigo": "114140",
        "codigo_ant": "",
        "nombre": "PAMPA BLANCA",
        "departamento": "",
        "provincia": "",
        "altitud": "",
        "pais": "Perú",
        "estado": "AUTOMATICA",
        "tipo_est": "M",
        "categoria": "EMA",
        "fuente": "SENAMHI Perú oficial"
      }
    },
    {
      "type": "Feature",
      "geometry": {
        "type": "Point",
        "coordinates": [
          -75.74496,
          -13.65773
        ]
      },
      "properties": {
        "codigo": "213403",
        "codigo_ant": "",
        "nombre": "LETRAYOC",
        "departamento": "",
        "provincia": "",
        "altitud": "",
        "pais": "Perú",
        "estado": "AUTOMATICA",
        "tipo_est": "H",
        "categoria": "EHA",
        "fuente": "SENAMHI Perú oficial"
      }
    },
    {
      "type": "Feature",
      "geometry": {
        "type": "Point",
        "coordinates": [
          -75.06186,
          -11.92717
        ]
      },
      "properties": {
        "codigo": "472DF5D6",
        "codigo_ant": "",
        "nombre": "HUAYTAPALLANA",
        "departamento": "",
        "provincia": "",
        "altitud": "",
        "pais": "Perú",
        "estado": "AUTOMATICA",
        "tipo_est": "M",
        "categoria": "EMA",
        "fuente": "SENAMHI Perú oficial"
      }
    },
    {
      "type": "Feature",
      "geometry": {
        "type": "Point",
        "coordinates": [
          -75.39073,
          -11.83382
        ]
      },
      "properties": {
        "codigo": "111296",
        "codigo_ant": "",
        "nombre": "MANTARO",
        "departamento": "",
        "provincia": "",
        "altitud": "",
        "pais": "Perú",
        "estado": "AUTOMATICA",
        "tipo_est": "M",
        "categoria": "EAMA",
        "fuente": "SENAMHI Perú oficial"
      }
    },
    {
      "type": "Feature",
      "geometry": {
        "type": "Point",
        "coordinates": [
          -75.43101,
          -11.82102
        ]
      },
      "properties": {
        "codigo": "111294",
        "codigo_ant": "",
        "nombre": "MUQUI",
        "departamento": "",
        "provincia": "",
        "altitud": "",
        "pais": "Perú",
        "estado": "AUTOMATICA",
        "tipo_est": "M",
        "categoria": "EAMA",
        "fuente": "SENAMHI Perú oficial"
      }
    },
    {
      "type": "Feature",
      "geometry": {
        "type": "Point",
        "coordinates": [
          -74.6087,
          -11.2247
        ]
      },
      "properties": {
        "codigo": "4725C4EA",
        "codigo_ant": "",
        "nombre": "SATIPO",
        "departamento": "",
        "provincia": "",
        "altitud": "",
        "pais": "Perú",
        "estado": "AUTOMATICA",
        "tipo_est": "M",
        "categoria": "EMA",
        "fuente": "SENAMHI Perú oficial"
      }
    },
    {
      "type": "Feature",
      "geometry": {
        "type": "Point",
        "coordinates": [
          -74.14723,
          -11.41316
        ]
      },
      "properties": {
        "codigo": "111299",
        "codigo_ant": "",
        "nombre": "POTSOTENI",
        "departamento": "",
        "provincia": "",
        "altitud": "",
        "pais": "Perú",
        "estado": "AUTOMATICA",
        "tipo_est": "M",
        "categoria": "EMA",
        "fuente": "SENAMHI Perú oficial"
      }
    },
    {
      "type": "Feature",
      "geometry": {
        "type": "Point",
        "coordinates": [
          -75.6899,
          -11.3967
        ]
      },
      "properties": {
        "codigo": "47257764",
        "codigo_ant": "",
        "nombre": "TARMA",
        "departamento": "",
        "provincia": "",
        "altitud": "",
        "pais": "Perú",
        "estado": "AUTOMATICA",
        "tipo_est": "M",
        "categoria": "EAMA",
        "fuente": "SENAMHI Perú oficial"
      }
    },
    {
      "type": "Feature",
      "geometry": {
        "type": "Point",
        "coordinates": [
          -75.74226,
          -11.7525
        ]
      },
      "properties": {
        "codigo": "111288",
        "codigo_ant": "",
        "nombre": "CHACAPALPA",
        "departamento": "",
        "provincia": "",
        "altitud": "",
        "pais": "Perú",
        "estado": "AUTOMATICA",
        "tipo_est": "M",
        "categoria": "EMA",
        "fuente": "SENAMHI Perú oficial"
      }
    },
    {
      "type": "Feature",
      "geometry": {
        "type": "Point",
        "coordinates": [
          -76.32508,
          -11.40443
        ]
      },
      "properties": {
        "codigo": "472D9030",
        "codigo_ant": "",
        "nombre": "MARCAPOMACOCHA",
        "departamento": "",
        "provincia": "",
        "altitud": "",
        "pais": "Perú",
        "estado": "AUTOMATICA",
        "tipo_est": "M",
        "categoria": "EMA",
        "fuente": "SENAMHI Perú oficial"
      }
    },
    {
      "type": "Feature",
      "geometry": {
        "type": "Point",
        "coordinates": [
          -78.96109,
          -7.66069
        ]
      },
      "properties": {
        "codigo": "211001",
        "codigo_ant": "",
        "nombre": "SALINAR",
        "departamento": "",
        "provincia": "",
        "altitud": "",
        "pais": "Perú",
        "estado": "AUTOMATICA",
        "tipo_est": "H",
        "categoria": "EHA",
        "fuente": "SENAMHI Perú oficial"
      }
    },
    {
      "type": "Feature",
      "geometry": {
        "type": "Point",
        "coordinates": [
          -79.18869,
          -7.75031
        ]
      },
      "properties": {
        "codigo": "472D30C8",
        "codigo_ant": "",
        "nombre": "CASAGRANDE",
        "departamento": "",
        "provincia": "",
        "altitud": "",
        "pais": "Perú",
        "estado": "AUTOMATICA",
        "tipo_est": "M",
        "categoria": "EMA",
        "fuente": "SENAMHI Perú oficial"
      }
    },
    {
      "type": "Feature",
      "geometry": {
        "type": "Point",
        "coordinates": [
          -78.47729,
          -7.7675
        ]
      },
      "properties": {
        "codigo": "472D8346",
        "codigo_ant": "",
        "nombre": "CALLANCAS",
        "departamento": "",
        "provincia": "",
        "altitud": "",
        "pais": "Perú",
        "estado": "AUTOMATICA",
        "tipo_est": "M",
        "categoria": "EMA",
        "fuente": "SENAMHI Perú oficial"
      }
    },
    {
      "type": "Feature",
      "geometry": {
        "type": "Point",
        "coordinates": [
          -78.40242,
          -7.67042
        ]
      },
      "properties": {
        "codigo": "107131",
        "codigo_ant": "",
        "nombre": "LA FORTUNA",
        "departamento": "",
        "provincia": "",
        "altitud": "",
        "pais": "Perú",
        "estado": "AUTOMATICA",
        "tipo_est": "M",
        "categoria": "EMA",
        "fuente": "SENAMHI Perú oficial"
      }
    },
    {
      "type": "Feature",
      "geometry": {
        "type": "Point",
        "coordinates": [
          -78.41497,
          -7.8186
        ]
      },
      "properties": {
        "codigo": "472D60B4",
        "codigo_ant": "",
        "nombre": "USQUIL",
        "departamento": "",
        "provincia": "",
        "altitud": "",
        "pais": "Perú",
        "estado": "AUTOMATICA",
        "tipo_est": "M",
        "categoria": "EMA",
        "fuente": "SENAMHI Perú oficial"
      }
    },
    {
      "type": "Feature",
      "geometry": {
        "type": "Point",
        "coordinates": [
          -78.38012,
          -7.79636
        ]
      },
      "properties": {
        "codigo": "472E74CC",
        "codigo_ant": "",
        "nombre": "PUENTE COINA",
        "departamento": "",
        "provincia": "",
        "altitud": "",
        "pais": "Perú",
        "estado": "AUTOMATICA",
        "tipo_est": "H",
        "categoria": "EHMA",
        "fuente": "SENAMHI Perú oficial"
      }
    },
    {
      "type": "Feature",
      "geometry": {
        "type": "Point",
        "coordinates": [
          -78.31184,
          -7.85642
        ]
      },
      "properties": {
        "codigo": "472EB1D2",
        "codigo_ant": "",
        "nombre": "CAPACHIQUE",
        "departamento": "",
        "provincia": "",
        "altitud": "",
        "pais": "Perú",
        "estado": "AUTOMATICA",
        "tipo_est": "M",
        "categoria": "EMA",
        "fuente": "SENAMHI Perú oficial"
      }
    },
    {
      "type": "Feature",
      "geometry": {
        "type": "Point",
        "coordinates": [
          -77.90148,
          -7.91641
        ]
      },
      "properties": {
        "codigo": "107130",
        "codigo_ant": "",
        "nombre": "TICAPAMPA",
        "departamento": "",
        "provincia": "",
        "altitud": "",
        "pais": "Perú",
        "estado": "AUTOMATICA",
        "tipo_est": "M",
        "categoria": "EMA",
        "fuente": "SENAMHI Perú oficial"
      }
    },
    {
      "type": "Feature",
      "geometry": {
        "type": "Point",
        "coordinates": [
          -78.3079,
          -8.00419
        ]
      },
      "properties": {
        "codigo": "4727319A",
        "codigo_ant": "",
        "nombre": "QUIRUVILCA",
        "departamento": "",
        "provincia": "",
        "altitud": "",
        "pais": "Perú",
        "estado": "AUTOMATICA",
        "tipo_est": "M",
        "categoria": "EMA",
        "fuente": "SENAMHI Perú oficial"
      }
    },
    {
      "type": "Feature",
      "geometry": {
        "type": "Point",
        "coordinates": [
          -78.81051,
          -7.54919
        ]
      },
      "properties": {
        "codigo": "472E5220",
        "codigo_ant": "",
        "nombre": "PUENTE PALMIRA",
        "departamento": "",
        "provincia": "",
        "altitud": "",
        "pais": "Perú",
        "estado": "AUTOMATICA",
        "tipo_est": "H",
        "categoria": "EHMA",
        "fuente": "SENAMHI Perú oficial"
      }
    },
    {
      "type": "Feature",
      "geometry": {
        "type": "Point",
        "coordinates": [
          -78.82367,
          -7.47987
        ]
      },
      "properties": {
        "codigo": "472EA2A4",
        "codigo_ant": "",
        "nombre": "CASCAS",
        "departamento": "",
        "provincia": "",
        "altitud": "",
        "pais": "Perú",
        "estado": "AUTOMATICA",
        "tipo_est": "M",
        "categoria": "EMA",
        "fuente": "SENAMHI Perú oficial"
      }
    },
    {
      "type": "Feature",
      "geometry": {
        "type": "Point",
        "coordinates": [
          -78.55135,
          -7.64333
        ]
      },
      "properties": {
        "codigo": "472D552E",
        "codigo_ant": "",
        "nombre": "LUCMA",
        "departamento": "",
        "provincia": "",
        "altitud": "",
        "pais": "Perú",
        "estado": "AUTOMATICA",
        "tipo_est": "M",
        "categoria": "EMA",
        "fuente": "SENAMHI Perú oficial"
      }
    },
    {
      "type": "Feature",
      "geometry": {
        "type": "Point",
        "coordinates": [
          -78.70655,
          -7.57398
        ]
      },
      "properties": {
        "codigo": "47E0A2A8",
        "codigo_ant": "",
        "nombre": "EL TAMBO",
        "departamento": "",
        "provincia": "",
        "altitud": "",
        "pais": "Perú",
        "estado": "AUTOMATICA",
        "tipo_est": "H",
        "categoria": "EHMA",
        "fuente": "SENAMHI Perú oficial"
      }
    },
    {
      "type": "Feature",
      "geometry": {
        "type": "Point",
        "coordinates": [
          -78.66725,
          -7.7635
        ]
      },
      "properties": {
        "codigo": "472CC2B6",
        "codigo_ant": "",
        "nombre": "MARMOT",
        "departamento": "",
        "provincia": "",
        "altitud": "",
        "pais": "Perú",
        "estado": "AUTOMATICA",
        "tipo_est": "M",
        "categoria": "EMA",
        "fuente": "SENAMHI Perú oficial"
      }
    },
    {
      "type": "Feature",
      "geometry": {
        "type": "Point",
        "coordinates": [
          -79.42792,
          -6.65489
        ]
      },
      "properties": {
        "codigo": "47E2F720",
        "codigo_ant": "",
        "nombre": "TINAJONES",
        "departamento": "",
        "provincia": "",
        "altitud": "",
        "pais": "Perú",
        "estado": "AUTOMATICA",
        "tipo_est": "M",
        "categoria": "EMA",
        "fuente": "SENAMHI Perú oficial"
      }
    },
    {
      "type": "Feature",
      "geometry": {
        "type": "Point",
        "coordinates": [
          -79.78088,
          -6.72775
        ]
      },
      "properties": {
        "codigo": "106140",
        "codigo_ant": "",
        "nombre": "VISTA FLORIDA",
        "departamento": "",
        "provincia": "",
        "altitud": "",
        "pais": "Perú",
        "estado": "AUTOMATICA",
        "tipo_est": "M",
        "categoria": "EMA",
        "fuente": "SENAMHI Perú oficial"
      }
    },
    {
      "type": "Feature",
      "geometry": {
        "type": "Point",
        "coordinates": [
          -79.46673,
          -6.37353
        ]
      },
      "properties": {
        "codigo": "106138",
        "codigo_ant": "",
        "nombre": "PUCHACA",
        "departamento": "",
        "provincia": "",
        "altitud": "",
        "pais": "Perú",
        "estado": "AUTOMATICA",
        "tipo_est": "H",
        "categoria": "EHA",
        "fuente": "SENAMHI Perú oficial"
      }
    },
    {
      "type": "Feature",
      "geometry": {
        "type": "Point",
        "coordinates": [
          -79.68203,
          -6.06692
        ]
      },
      "properties": {
        "codigo": "47201542",
        "codigo_ant": "",
        "nombre": "TONGORRAPE",
        "departamento": "",
        "provincia": "",
        "altitud": "",
        "pais": "Perú",
        "estado": "AUTOMATICA",
        "tipo_est": "M",
        "categoria": "EMA",
        "fuente": "SENAMHI Perú oficial"
      }
    },
    {
      "type": "Feature",
      "geometry": {
        "type": "Point",
        "coordinates": [
          -79.98416,
          -5.53579
        ]
      },
      "properties": {
        "codigo": "472F50DA",
        "codigo_ant": "",
        "nombre": "EL VIRREY",
        "departamento": "",
        "provincia": "",
        "altitud": "",
        "pais": "Perú",
        "estado": "AUTOMATICA",
        "tipo_est": "M",
        "categoria": "EMA",
        "fuente": "SENAMHI Perú oficial"
      }
    },
    {
      "type": "Feature",
      "geometry": {
        "type": "Point",
        "coordinates": [
          -79.81911,
          -5.83714
        ]
      },
      "properties": {
        "codigo": "4726F67E",
        "codigo_ant": "",
        "nombre": "PASABAR",
        "departamento": "",
        "provincia": "",
        "altitud": "",
        "pais": "Perú",
        "estado": "AUTOMATICA",
        "tipo_est": "M",
        "categoria": "EAMA",
        "fuente": "SENAMHI Perú oficial"
      }
    },
    {
      "type": "Feature",
      "geometry": {
        "type": "Point",
        "coordinates": [
          -77.15139,
          -11.77606
        ]
      },
      "properties": {
        "codigo": "472A218A",
        "codigo_ant": "",
        "nombre": "ANTONIO RAYMONDI",
        "departamento": "",
        "provincia": "",
        "altitud": "",
        "pais": "Perú",
        "estado": "AUTOMATICA",
        "tipo_est": "M",
        "categoria": "EMA",
        "fuente": "SENAMHI Perú oficial"
      }
    },
    {
      "type": "Feature",
      "geometry": {
        "type": "Point",
        "coordinates": [
          -76.92711,
          -12.02867
        ]
      },
      "properties": {
        "codigo": "112278",
        "codigo_ant": "",
        "nombre": "CERES",
        "departamento": "",
        "provincia": "",
        "altitud": "",
        "pais": "Perú",
        "estado": "AUTOMATICA",
        "tipo_est": "M",
        "categoria": "EMA",
        "fuente": "SENAMHI Perú oficial"
      }
    },
    {
      "type": "Feature",
      "geometry": {
        "type": "Point",
        "coordinates": [
          -76.99766,
          -11.80778
        ]
      },
      "properties": {
        "codigo": "212500",
        "codigo_ant": "",
        "nombre": "AGUA AZUL BOCATOMA",
        "departamento": "",
        "provincia": "",
        "altitud": "",
        "pais": "Perú",
        "estado": "AUTOMATICA",
        "tipo_est": "H",
        "categoria": "EHA",
        "fuente": "SENAMHI Perú oficial"
      }
    },
    {
      "type": "Feature",
      "geometry": {
        "type": "Point",
        "coordinates": [
          -77.03364,
          -11.90219
        ]
      },
      "properties": {
        "codigo": "111286",
        "codigo_ant": "",
        "nombre": "CARABAYLLO",
        "departamento": "",
        "provincia": "",
        "altitud": "",
        "pais": "Perú",
        "estado": "AUTOMATICA",
        "tipo_est": "M",
        "categoria": "EMA",
        "fuente": "SENAMHI Perú oficial"
      }
    },
    {
      "type": "Feature",
      "geometry": {
        "type": "Point",
        "coordinates": [
          -76.98797,
          -12.21142
        ]
      },
      "properties": {
        "codigo": "112277",
        "codigo_ant": "",
        "nombre": "PANTANOS DE VILLA",
        "departamento": "",
        "provincia": "",
        "altitud": "",
        "pais": "Perú",
        "estado": "AUTOMATICA",
        "tipo_est": "M",
        "categoria": "EMA",
        "fuente": "SENAMHI Perú oficial"
      }
    },
    {
      "type": "Feature",
      "geometry": {
        "type": "Point",
        "coordinates": [
          -77.04314,
          -12.07056
        ]
      },
      "properties": {
        "codigo": "112181",
        "codigo_ant": "",
        "nombre": "CAMPO DE MARTE",
        "departamento": "",
        "provincia": "",
        "altitud": "",
        "pais": "Perú",
        "estado": "AUTOMATICA",
        "tipo_est": "M",
        "categoria": "EMA",
        "fuente": "SENAMHI Perú oficial"
      }
    },
    {
      "type": "Feature",
      "geometry": {
        "type": "Point",
        "coordinates": [
          -76.93944,
          -12.08221
        ]
      },
      "properties": {
        "codigo": "472AC278",
        "codigo_ant": "",
        "nombre": "VON HUMBOLDT",
        "departamento": "",
        "provincia": "",
        "altitud": "",
        "pais": "Perú",
        "estado": "AUTOMATICA",
        "tipo_est": "M",
        "categoria": "EMA",
        "fuente": "SENAMHI Perú oficial"
      }
    },
    {
      "type": "Feature",
      "geometry": {
        "type": "Point",
        "coordinates": [
          -76.89542,
          -12.01283
        ]
      },
      "properties": {
        "codigo": "212607",
        "codigo_ant": "",
        "nombre": "HUACHIPA",
        "departamento": "",
        "provincia": "",
        "altitud": "",
        "pais": "Perú",
        "estado": "AUTOMATICA",
        "tipo_est": "H",
        "categoria": "EHA",
        "fuente": "SENAMHI Perú oficial"
      }
    },
    {
      "type": "Feature",
      "geometry": {
        "type": "Point",
        "coordinates": [
          -76.84194,
          -11.98744
        ]
      },
      "properties": {
        "codigo": "111290",
        "codigo_ant": "",
        "nombre": "ÑAÑA",
        "departamento": "",
        "provincia": "",
        "altitud": "",
        "pais": "Perú",
        "estado": "AUTOMATICA",
        "tipo_est": "M",
        "categoria": "EMA",
        "fuente": "SENAMHI Perú oficial"
      }
    },
    {
      "type": "Feature",
      "geometry": {
        "type": "Point",
        "coordinates": [
          -76.68964,
          -11.92986
        ]
      },
      "properties": {
        "codigo": "47278214",
        "codigo_ant": "",
        "nombre": "CHOSICA",
        "departamento": "",
        "provincia": "",
        "altitud": "",
        "pais": "Perú",
        "estado": "AUTOMATICA",
        "tipo_est": "H",
        "categoria": "EHMA",
        "fuente": "SENAMHI Perú oficial"
      }
    },
    {
      "type": "Feature",
      "geometry": {
        "type": "Point",
        "coordinates": [
          -77.07413,
          -11.86325
        ]
      },
      "properties": {
        "codigo": "111287",
        "codigo_ant": "",
        "nombre": "PUENTE PIEDRA",
        "departamento": "",
        "provincia": "",
        "altitud": "",
        "pais": "Perú",
        "estado": "AUTOMATICA",
        "tipo_est": "M",
        "categoria": "EMA",
        "fuente": "SENAMHI Perú oficial"
      }
    },
    {
      "type": "Feature",
      "geometry": {
        "type": "Point",
        "coordinates": [
          -77.00769,
          -12.10859
        ]
      },
      "properties": {
        "codigo": "112193",
        "codigo_ant": "",
        "nombre": "SAN BORJA",
        "departamento": "",
        "provincia": "",
        "altitud": "",
        "pais": "Perú",
        "estado": "AUTOMATICA",
        "tipo_est": "M",
        "categoria": "EMA",
        "fuente": "SENAMHI Perú oficial"
      }
    },
    {
      "type": "Feature",
      "geometry": {
        "type": "Point",
        "coordinates": [
          -76.99925,
          -11.98164
        ]
      },
      "properties": {
        "codigo": "112267",
        "codigo_ant": "",
        "nombre": "SAN JUAN DE LURIGANCHO",
        "departamento": "",
        "provincia": "",
        "altitud": "",
        "pais": "Perú",
        "estado": "AUTOMATICA",
        "tipo_est": "M",
        "categoria": "EMA",
        "fuente": "SENAMHI Perú oficial"
      }
    }
  ]
}